-999.900,-999.900,-999.900,-999.900,-999.900,-999.900,-999.900,-999.900,-999.900,-999.900,-999.900,-999.900, 201.112, 203.631, 205.762, 208.281, 203.631, 211.963, 201.500, 209.831, 226.875, 229.200, 212.350, 219.906, 225.131, 221.069, 217.194, 231.525, 237.331, 238.681, 244.100, 257.850, 257.075, 243.325, 242.162, 250.488, 249.906, 254.938, 269.650, 268.488, 309.575, 324.000, 282.356, 271.912, 267.450, 280.556, 254.475, 306.337, 350.194, 350.788, 328.700, 306.938, 317.931, 334.087, 310.994, 291.275, 349.188, 353.163, 368.662, 377.000, 375.419, 377.650, 395.794, 408.556, 434.913,-999.900,-999.900,-999.900,-999.900,-999.900,-999.900,-999.900,-999.900,-999.900,-999.900,-999.900,-999.900,-999.900,-999.900,-999.900,-999.900,-999.900,-999.900,-999.900,-999.900,-999.900,-999.900,-999.900,-999.900,-999.900,-999.900,-999.900,-999.900,-999.900,-999.900,-999.900,-999.900,-999.900,-999.900,-999.900,-999.900,-999.900,-999.900,-999.900,-999.900,-999.900,-999.900,-999.900,-999.900,-999.900,-999.900,-999.900,-999.900,-999.900,-999.900,-999.900, 437.969, 428.381, 425.194,-999.900, 424.419,-999.900,-999.900,-999.900,-999.900,-999.900,-999.900,-999.900,-999.900,-999.900,-999.900,-999.900,-999.900,-999.900,-999.900,-999.900, 263.231, 254.594, 254.406, 250.725,-999.900,-999.900,-999.900,-999.900,-999.900,-999.900,-999.900,-999.900,-999.900,-999.900,-999.900,-999.900,-999.900,-999.900,-999.900,-999.900,-999.900,-999.900,-999.900,-999.900,-999.900,-999.900,-999.900,-999.900,-999.900,-999.900,-999.900,-999.900,-999.900,-999.900,-999.900,-999.900,-999.900,-999.900,-999.900,-999.900,-999.900,-999.900,-999.900,-999.900,
-999.900,-999.900,-999.900,-999.900,-999.900,-999.900,-999.900,-999.900,-999.900,-999.900,-999.900,-999.900,-999.900, 227.819, 233.437, 231.694, 234.219, 239.050, 238.081, 230.150, 232.081, 247.750, 229.762, 244.281, 242.925, 246.219, 244.087, 252.213, 248.156, 230.731, 232.669, 234.406, 236.537, 229.381, 246.606, 282.725, 289.275, 295.438, 301.588, 330.300, 358.162, 363.375, 370.863, 379.069, 363.844, 363.963, 360.475, 366.288, 363.194, 356.281, 327.631, 317.494, 361.450, 370.862, 368.337, 376.675, 389.087, 400.319, 410.000, 428.131,-999.900,-999.900,-999.900,-999.900, 457.144, 451.319,-999.900,-999.900,-999.900,-999.900,-999.900,-999.900,-999.900,-999.900,-999.900,-999.900,-999.900,-999.900,-999.900,-999.900,-999.900,-999.900,-999.900,-999.900,-999.900,-999.900,-999.900,-999.900,-999.900,-999.900,-999.900,-999.900,-999.900,-999.900,-999.900,-999.900,-999.900,-999.900,-999.900,-999.900,-999.900,-999.900,-999.900,-999.900,-999.900,-999.900,-999.900,-999.900,-999.900,-999.900,-999.900,-999.900,-999.900,-999.900,-999.900,-999.900,-999.900,-999.900,-999.900,-999.900, 441.838, 435.344,-999.900,-999.900,-999.900,-999.900,-999.900,-999.900,-999.900,-999.900,-999.900,-999.900,-999.900,-999.900,-999.900,-999.900,-999.900,-999.900,-999.900,-999.900,-999.900,-999.900,-999.900,-999.900,-999.900,-999.900,-999.900,-999.900,-999.900,-999.900,-999.900,-999.900,-999.900,-999.900,-999.900,-999.900,-999.900,-999.900,-999.900,-999.900,-999.900,-999.900,-999.900,-999.900,-999.900,-999.900,-999.900,-999.900,-999.900,-999.900,-999.900,-999.900,-999.900,-999.900,-999.900,-999.900,-999.900,-999.900,-999.900,-999.900,
-999.900,-999.900,-999.900,-999.900,-999.900,-999.900,-999.900,-999.900, 197.806, 205.937, 221.787, 230.106, 241.325, 249.837, 266.250, 260.844, 249.831, 244.619, 253.512, 248.500, 270.725, 276.325, 292.350, 295.231, 303.725, 285.194, 269.744, 275.162, 292.513, 276.125, 293.656, 321.031, 332.556, 363.325, 373.138, 378.919, 378.519, 386.000, 376.931, 374.844, 389.444, 386.119, 408.250, 393.375, 382.825, 380.419, 389.406, 396.594, 398.450, 396.694, 405.512, 421.006, 424.862, 410.794, 433.050, 430.319, 451.731,-999.900,-999.900, 476.794, 470.987, 477.756, 474.644, 478.231, 481.406, 484.219, 500.663,-999.900,-999.900,-999.900,-999.900, 508.694,-999.900,-999.900,-999.900,-999.900,-999.900,-999.900,-999.900,-999.900,-999.900,-999.900,-999.900,-999.900,-999.900,-999.900,-999.900,-999.900, 529.331, 529.231,-999.900,-999.900,-999.900,-999.900,-999.900,-999.900,-999.900,-999.900,-999.900,-999.900,-999.900,-999.900,-999.900,-999.900,-999.900,-999.900,-999.900,-999.900,-999.900,-999.900,-999.900,-999.900,-999.900,-999.900,-999.900,-999.900,-999.900,-999.900,-999.900,-999.900,-999.900,-999.900, 433.025, 425.956, 413.556, 412.012,-999.900,-999.900,-999.900,-999.900,-999.900,-999.900,-999.900,-999.900,-999.900,-999.900,-999.900,-999.900,-999.900,-999.900,-999.900,-999.900,-999.900,-999.900,-999.900,-999.900,-999.900,-999.900,-999.900,-999.900,-999.900,-999.900,-999.900,-999.900,-999.900,-999.900,-999.900,-999.900,-999.900,-999.900,-999.900,-999.900,-999.900,-999.900,-999.900,-999.900,-999.900,-999.900,-999.900,-999.900,-999.900,-999.900,-999.900,-999.900,-999.900,-999.900,-999.900,-999.900,-999.900,-999.900,
-999.900, 121.481, 112.763, 119.737, 123.225, 128.456, 142.600, 164.881, 179.794, 188.500, 213.462, 234.919, 250.938, 252.681, 271.988, 288.788, 296.519, 299.031, 305.000, 315.600, 341.187, 343.494, 338.481, 336.194, 355.600, 357.519, 376.387, 370.606, 378.281, 384.994, 395.375, 394.962, 405.725, 396.856, 395.875, 407.400, 412.625, 412.406, 411.994, 400.494, 416.225, 413.944, 415.787, 423.819, 412.719, 419.519, 429.094, 429.469, 436.156, 445.544, 449.587, 456.444, 475.794, 478.600, 489.700, 492.513, 485.012, 489.162, 491.400, 494.588, 504.263, 507.456, 501.631, 508.681, 511.675, 515.450, 520.881, 520.881, 522.750, 523.031, 527.988, 520.269, 500.931, 507.925, 512.881, 511.550, 547.106, 552.075,-999.900,-999.900,-999.900,-999.900,-999.900,-999.900,-999.900,-999.900,-999.900, 560.756, 548.456, 548.550, 550.700, 556.200, 561.531, 566.463, 566.688, 570.669, 583.650, 585.794,-999.900,-999.900,-999.900,-999.900,-999.900,-999.900,-999.900,-999.900,-999.900,-999.900,-999.900,-999.900,-999.900,-999.900,-999.900,-999.900,-999.900,-999.900,-999.900,-999.900,-999.900,-999.900,-999.900,-999.900,-999.900, 461.581, 442.513, 433.100, 419.656,-999.900,-999.900,-999.900,-999.900,-999.900,-999.900,-999.900,-999.900,-999.900,-999.900,-999.900,-999.900,-999.900,-999.900,-999.900,-999.900,-999.900,-999.900,-999.900,-999.900,-999.900,-999.900,-999.900,-999.900,-999.900,-999.900,-999.900,-999.900,-999.900,-999.900,-999.900,-999.900,-999.900,-999.900,-999.900,-999.900,-999.900,-999.900,-999.900,-999.900,-999.900,-999.900,-999.900,-999.900,-999.900,-999.900,-999.900,-999.900,-999.900,-999.900,-999.900,-999.900,-999.900,
-999.900, 160.787, 149.769, 131.363, 136.206, 144.537, 170.675, 192.531, 217.669, 241.619, 253.025, 257.256, 279.288, 282.175, 292.019, 308.988, 323.612, 337.119, 349.594, 360.369, 376.300, 368.394, 390.719, 395.669, 393.006, 387.231, 399.688, 401.988, 409.269, 420.600, 443.462, 437.712, 439.356, 441.856, 439.012, 448.006, 449.537, 449.694, 438.794, 445.681, 462.725, 464.850, 473.837, 473.237, 475.350, 463.594, 469.506, 482.962, 477.119, 490.369, 494.325, 500.987, 501.356, 505.712, 500.531, 495.469, 499.713, 506.762, 516.619, 519.244, 525.719, 529.488, 535.306, 538.094, 544.381, 548.519, 550.575, 550.481, 550.288, 553.300, 557.888, 559.938, 561.800, 563.256, 561.938, 563.431, 555.500, 554.169, 544.300, 542.012, 535.069, 564.513, 544.219, 557.987, 498.169, 523.244, 547.550, 544.831, 556.837, 569.038, 576.688, 583.394, 582.038, 585.444, 594.444, 606.656, 615.075, 616.262,-999.900,-999.900,-999.900,-999.900,-999.900,-999.900,-999.900,-999.900,-999.900,-999.900,-999.900,-999.900,-999.900,-999.900,-999.900,-999.900,-999.900,-999.900,-999.900,-999.900,-999.900,-999.900,-999.900,-999.900, 495.294, 483.669,-999.900,-999.900,-999.900,-999.900,-999.900,-999.900,-999.900,-999.900,-999.900,-999.900,-999.900,-999.900,-999.900,-999.900,-999.900,-999.900,-999.900,-999.900,-999.900,-999.900,-999.900,-999.900,-999.900,-999.900,-999.900,-999.900,-999.900,-999.900,-999.900,-999.900,-999.900,-999.900,-999.900,-999.900,-999.900,-999.900,-999.900,-999.900,-999.900,-999.900,-999.900,-999.900,-999.900,-999.900,-999.900,-999.900,-999.900,-999.900,-999.900,-999.900,-999.900,-999.900,-999.900,-999.900,-999.900,-999.900,
-999.900,-999.900,-999.900,-999.900, 208.481, 207.344, 215.662, 235.944, 260.069, 276.656, 285.169, 295.013, 301.769, 319.681, 321.237, 325.237, 343.719, 363.531, 392.531, 391.750, 398.294, 405.781, 410.725, 435.331, 437.631, 443.156, 451.769, 438.325, 440.625, 455.831, 459.475, 468.263, 474.737, 480.331, 498.706, 499.250, 501.950, 499.106, 489.875, 497.706, 503.687, 503.281, 503.819, 499.644, 511.144, 513.406, 510.862, 520.813, 503.825, 516.306, 511.444, 497.850, 492.775, 496.075, 463.581, 459.394, 463.706, 482.306, 492.063, 510.744, 532.156, 535.156, 538.912, 539.594, 553.925, 554.775, 567.163, 569.600, 575.719, 567.800, 579.050, 577.900, 579.950, 581.425, 585.056, 584.875, 586.531, 597.019, 592.194, 592.031, 574.525, 582.006, 565.281, 575.769, 566.188, 562.713, 565.719, 526.013, 513.519, 535.313, 520.881, 558.850, 600.013, 603.806, 587.150, 598.000, 633.256, 639.763,-999.900,-999.900,-999.900,-999.900,-999.900,-999.900,-999.900,-999.900,-999.900,-999.900,-999.900,-999.900,-999.900,-999.900,-999.900,-999.900,-999.900,-999.900,-999.900,-999.900,-999.900, 569.963, 541.794, 505.856, 514.456, 499.925, 490.738, 477.569, 465.831, 453.438, 456.150, 440.075, 427.300, 410.650, 397.119, 383.469, 374.163, 363.606, 360.319, 359.362,-999.900,-999.900,-999.900,-999.900,-999.900,-999.900,-999.900,-999.900,-999.900,-999.900,-999.900,-999.900,-999.900,-999.900,-999.900,-999.900,-999.900,-999.900,-999.900,-999.900,-999.900,-999.900,-999.900,-999.900,-999.900,-999.900,-999.900,-999.900,-999.900,-999.900,-999.900,-999.900,-999.900,-999.900,-999.900,-999.900,-999.900,-999.900,-999.900,-999.900,-999.900,-999.900,
 224.544, 229.000, 237.894,-999.900, 256.219, 265.306, 267.650, 280.387, 290.425, 303.906, 312.987, 315.137, 334.000, 352.644, 355.544, 368.563, 398.887, 409.638, 421.163, 425.913, 422.725, 425.619, 425.794, 442.650, 470.425, 472.725, 463.331, 469.688, 481.775, 504.756, 510.256, 497.850, 522.712, 519.875, 528.862, 532.706, 532.288, 542.031, 538.813, 529.600, 529.769, 530.506, 537.056, 540.319, 540.131, 534.525, 513.638, 498.975, 460.763, 456.181, 463.431, 451.687, 464.469, 468.319, 478.663, 476.519, 479.681, 472.394, 491.169, 520.094, 530.344, 559.425, 578.294, 585.156, 576.431, 524.969, 531.075, 536.606, 581.575, 592.244, 600.500, 602.556, 603.650, 608.038, 597.881, 608.162, 600.650, 599.700, 592.544, 593.638, 592.700, 593.969, 589.544, 591.206, 590.256, 577.775, 583.306, 580.200, 568.094, 571.287, 560.925, 506.512, 520.669, 554.769, 602.412, 600.300, 552.556, 639.925,-999.900,-999.900,-999.900,-999.900,-999.900,-999.900,-999.900, 677.837,-999.900,-999.900,-999.900,-999.900,-999.900,-999.900,-999.900,-999.900,-999.900,-999.900,-999.900,-999.900,-999.900, 600.944, 560.581, 548.375, 539.362, 530.544, 518.144, 503.994, 494.413, 479.100, 466.500, 459.831, 444.337, 431.938, 415.856, 393.694, 376.850, 366.688, 357.669, 359.138, 375.650, 374.325,-999.900,-999.900,-999.900,-999.900,-999.900,-999.900,-999.900,-999.900,-999.900,-999.900,-999.900,-999.900,-999.900,-999.900,-999.900,-999.900,-999.900,-999.900,-999.900,-999.900,-999.900,-999.900,-999.900,-999.900,-999.900,-999.900,-999.900,-999.900,-999.900,-999.900,-999.900,-999.900,-999.900,-999.900,-999.900,-999.900,-999.900,-999.900,-999.900,-999.900,
 249.369, 255.538, 257.837, 266.331, 287.338,-999.900, 311.231, 303.587, 314.575, 326.850, 340.350, 347.462, 357.087, 381.869, 389.531, 395.162, 438.044, 439.994, 448.987, 451.125, 444.644, 456.513, 474.525, 490.556, 506.681, 518.381, 514.888, 520.313, 526.400, 539.612, 548.600, 548.206, 551.081, 557.075, 554.325, 563.700, 566.775, 572.756, 572.913, 568.550, 560.494, 561.225, 555.719, 546.169, 501.719, 511.506, 502.994, 506.587, 494.606, 479.413, 466.394, 486.831, 476.050, 491.738, 487.344, 475.794, 467.731, 471.869, 481.838, 476.094, 487.569, 503.525, 571.956, 594.112, 609.694, 589.150, 567.269, 591.394, 571.169, 604.694, 615.563, 626.231, 624.519, 626.756, 621.756, 623.819, 625.294, 624.344, 622.425, 623.719, 619.850, 621.344, 619.619, 606.369, 586.350, 577.150, 511.419, 523.425, 514.419, 528.550, 581.425, 552.288, 522.575, 572.950, 605.675, 573.037, 555.638, 630.106, 655.975,-999.900,-999.900,-999.900,-999.900,-999.900, 707.919, 692.937, 701.956, 700.612, 698.469, 693.169, 687.756, 678.100, 670.375, 666.031, 673.888, 663.925, 656.312, 636.956, 620.506, 619.744, 588.575, 576.644, 568.113, 558.731, 545.937, 535.181, 522.594, 507.481, 492.556, 479.781, 464.081, 445.400, 427.200, 411.494, 395.425, 382.631, 378.963, 382.969, 390.075, 391.744, 396.131, 416.769, 415.050, 428.819,-999.900,-999.900,-999.900,-999.900,-999.900,-999.900,-999.900,-999.900,-999.900,-999.900,-999.900,-999.900,-999.900,-999.900,-999.900,-999.900,-999.900,-999.900,-999.900,-999.900,-999.900,-999.900,-999.900,-999.900,-999.900,-999.900,-999.900,-999.900,-999.900,-999.900,-999.900,-999.900,-999.900,-999.900,-999.900,-999.900,
 288.513, 293.700, 304.106, 318.706, 319.106, 337.756, 347.962, 340.519, 335.144, 343.106, 369.169, 396.381, 404.425, 416.150, 415.681, 418.919, 446.888, 472.587, 479.888, 492.912, 491.762, 475.125, 474.356, 480.544, 479.750, 460.950, 472.081, 497.906, 509.969, 497.388, 541.563, 561.275, 550.162, 557.088, 576.981, 586.150, 584.988, 576.250, 556.700, 519.144, 499.081, 469.550, 455.806, 399.050, 425.556, 472.306, 491.594, 513.794, 516.631, 496.581, 486.412, 490.913, 472.919, 453.119, 456.494, 436.412, 393.038, 390.694, 432.850, 461.619, 476.900, 478.775, 509.194, 563.744, 625.706, 635.288, 619.325, 639.962, 635.337, 622.669, 648.838, 647.506, 630.956, 616.756, 628.006, 631.819, 636.781, 626.813, 652.600, 635.975, 634.919, 636.112, 622.862, 605.950, 620.294, 606.850, 554.275, 554.275, 575.675, 632.806, 637.163, 640.569, 626.750, 624.813, 641.669, 612.712, 515.219, 516.494, 569.206, 621.906, 598.288, 675.894, 716.494, 736.456, 721.456, 719.550, 708.431, 697.106, 659.744, 658.681, 670.912, 682.638, 680.919, 682.306, 671.563, 670.612, 663.763, 652.825, 639.675, 621.281, 613.456, 605.031, 598.719, 586.719, 574.613, 562.981, 548.444, 535.869, 520.731, 504.856, 489.569, 476.394, 456.144, 436.962, 418.481, 398.006, 399.288, 388.756, 381.031, 402.488, 419.831, 427.894, 432.269, 436.850, 450.806, 449.288, 450.750, 448.456, 447.700, 445.413, 435.650, 432.175, 425.519, 424.775, 420.156, 416.025, 416.613, 415.875, 415.100,-999.900,-999.900,-999.900,-999.900,-999.900,-999.900,-999.900,-999.900,-999.900,-999.900,-999.900,-999.900,-999.900,-999.900,-999.900,-999.900,-999.900,-999.900,-999.900,-999.900,-999.900,
 319.900, 327.738, 338.487, 350.825, 354.831, 373.837, 383.469, 391.694, 390.188, 404.600, 403.475, 433.569, 455.606, 450.900, 439.994, 459.762, 499.006, 500.575, 435.687, 441.494, 396.031, 354.781, 281.712, 312.112, 273.781, 247.006, 291.294, 272.575, 342.431, 364.456, 368.106, 402.056, 371.150, 388.400, 455.144, 461.494, 455.181, 447.700, 421.637, 422.425, 466.975, 470.469, 507.319, 456.550, 487.769, 509.750, 549.013, 556.081, 542.625, 532.587, 467.375, 453.531, 490.269, 465.869, 491.456, 458.863, 439.450, 425.288, 388.606, 457.231, 485.019, 509.712, 540.331, 588.394, 658.987, 666.212, 644.144, 668.287, 672.087, 673.575, 669.713, 670.994, 642.444, 643.925, 645.588, 665.663, 670.431, 650.312, 680.163, 650.262, 625.100, 632.781, 584.881, 587.119, 629.063, 643.987, 658.531, 648.756, 654.950, 672.862, 676.263, 689.644, 675.612, 657.806, 619.281, 561.587, 495.844, 410.738, 478.750, 482.550, 466.462, 585.806, 663.788, 729.269, 728.919, 730.487, 704.637, 698.075, 551.856, 583.725, 671.481, 655.606, 659.994, 686.050, 663.906, 653.350, 664.713, 626.375, 628.331, 599.213, 583.350, 595.831, 605.788, 609.281, 593.975, 582.150, 576.044, 567.431, 551.738, 536.819, 519.275, 502.637, 487.713, 465.525, 450.419, 427.862, 398.519, 354.250, 371.237, 387.169, 407.044, 442.213, 465.481, 466.569, 449.256, 429.325, 471.269, 469.737, 468.025, 466.712, 463.231, 458.625, 455.837, 451.975, 448.044, 443.994, 437.144, 432.906, 429.731, 433.494,-999.900,-999.900,-999.900,-999.900,-999.900,-999.900,-999.900,-999.900,-999.900,-999.900,-999.900,-999.900,-999.900,-999.900,-999.900,-999.900,-999.900,-999.900,-999.900,-999.900,
 345.081, 350.881, 363.881, 365.438, 372.331, 386.194, 406.325, 420.469, 430.081, 432.600, 464.038, 475.756, 467.950, 469.894, 487.906, 532.169, 481.094, 381.850, 352.350, 399.750, 390.131, 315.844, 254.994, 186.013, 107.125, 135.131, 181.950, 198.531, 251.881, 243.769, 218.356, 236.619, 275.906, 315.119, 359.675, 307.994, 290.762, 363.437, 382.081, 396.663, 391.737, 417.881, 495.938, 515.519, 509.319, 555.712, 559.500, 517.281, 485.212, 471.169, 432.806, 395.019, 356.919, 416.869, 438.481, 408.744, 417.881, 421.675, 393.619, 445.263, 544.088, 571.900, 555.388, 595.394, 635.394, 656.781, 640.813, 654.788, 686.388, 682.525, 700.081, 692.069, 677.950, 668.187, 682.350, 665.225, 679.775, 659.275, 637.200, 668.819, 612.281, 616.863, 615.538, 635.594, 669.106, 689.562, 704.481, 704.294, 710.781, 714.763, 718.744, 720.112, 678.669, 614.881, 517.481, 444.487, 434.325, 339.438, 308.138, 347.625, 458.250, 575.825, 638.319, 750.956, 754.763, 709.150, 635.213, 605.481, 539.069, 658.294, 678.931, 653.475, 611.762, 509.412, 538.775, 473.419, 463.081, 440.344, 479.294, 368.131, 455.506, 470.712, 464.994, 483.394, 477.281, 524.244, 487.163, 508.931, 534.306, 530.538, 537.869, 519.662, 503.962, 486.038, 470.731, 439.100, 398.075, 397.319, 395.200, 408.381, 436.375, 383.806, 442.419, 480.694, 478.981, 443.637, 469.138, 474.294, 482.556, 473.356, 474.556, 474.581, 470.344, 463.694, 462.938, 456.081, 449.438, 445.775, 438.719, 448.306,-999.900,-999.900,-999.900,-999.900,-999.900,-999.900,-999.900, 429.944,-999.900,-999.900,-999.900,-999.900,-999.900,-999.900,-999.900, 416.656, 403.494, 393.313, 391.594,-999.900,
 402.031, 406.487, 404.944, 409.294, 423.925, 437.281, 451.163, 458.800, 472.650, 483.788, 494.925, 507.025, 526.981, 521.450, 511.381, 471.775, 436.537, 494.994, 580.856, 531.906, 330.906, 305.181, 261.481, 240.631, 158.538, 150.063, 153.150, 200.362, 199.956, 148.113,  87.931, 109.544, 148.319, 166.256, 207.706, 191.950, 211.631, 311.506, 423.488, 446.125, 464.375, 457.475, 493.556, 503.938, 561.763, 585.063, 611.675, 627.175, 566.025, 531.287, 508.819, 502.256, 461.563, 464.775, 507.638, 493.206, 514.263, 545.650, 539.475, 543.662, 565.287, 566.406, 597.306, 603.594, 607.731, 623.412, 616.069, 636.144, 686.338, 688.781, 699.269, 669.750, 699.787, 707.656, 700.125, 679.438, 700.263, 658.650, 654.794, 662.669, 648.069, 653.406, 658.569, 669.825, 713.713, 726.125, 715.581, 731.663, 738.550, 742.719, 730.825, 694.625, 661.244, 512.119, 412.488, 331.981, 259.475, 146.212, 263.500, 376.775, 467.231, 494.944, 658.537, 734.888, 700.337, 636.331, 681.375, 703.756, 740.094, 703.412, 661.113, 599.050, 570.500, 538.169, 542.938, 499.462, 494.750, 465.806, 477.156, 402.981, 505.950, 575.500, 550.994, 493.362, 484.356, 469.431, 555.900, 565.100, 559.369, 532.625, 523.225, 545.500, 521.000, 527.750, 507.225, 496.537, 464.906, 436.081, 430.006, 486.275, 493.156, 502.956, 509.631, 513.619, 517.894, 519.575, 518.038, 514.175, 512.856, 509.006, 508.056, 505.069, 496.600, 494.569, 486.950, 480.388, 476.831, 470.544, 466.400, 461.156, 475.350, 470.750, 476.125, 450.413, 330.069, 280.419, 317.938, 280.781, 276.075, 313.012, 299.775, 285.962, 403.369, 413.300, 421.269, 414.381, 423.387, 403.825,-999.900,-999.900,
 467.125, 469.438, 453.800, 451.119, 462.075, 463.825, 477.294, 501.938, 511.194, 518.837, 522.175, 542.438, 578.275, 566.612, 516.175, 445.969, 382.194, 536.200, 616.731, 523.213, 455.994, 440.275, 422.412, 434.506, 399.188, 262.669, 265.938, 240.306, 285.312, 223.306, 162.125, 168.506, 193.394, 224.781, 283.712, 275.081, 236.238, 215.862, 299.431, 383.488, 463.525, 462.787, 501.713, 550.725, 600.881, 630.012, 652.737, 667.244, 690.544, 685.769, 689.569, 683.800, 645.231, 680.481, 680.988, 682.056, 675.338, 691.613, 695.213, 660.887, 645.706, 648.919, 634.313, 667.656, 647.869, 647.106, 667.356, 688.581, 668.094, 678.769, 708.987, 704.356, 706.231, 713.888, 733.581, 709.988, 724.719, 714.587, 687.681, 705.331, 694.600, 715.831, 723.319, 726.744, 764.313, 748.150, 756.994, 763.475, 766.481, 744.650, 720.456, 712.819, 703.850, 587.844, 478.431, 370.356, 286.887, 121.875, 228.825, 336.919, 453.000, 604.381, 639.450, 559.113, 612.956, 687.838, 708.969, 700.162, 770.681, 724.131, 650.356, 633.506, 657.162, 636.475, 495.481, 405.044, 361.000, 491.269, 453.887, 342.063, 432.919, 535.969, 546.231, 555.031, 607.713, 641.881, 651.456, 636.156, 630.625, 619.188, 603.694, 589.150, 574.806, 558.731, 545.694, 526.563, 531.356, 517.925, 521.931, 525.144, 528.356, 536.094, 539.494, 543.081, 546.781, 549.606, 551.531, 550.012, 542.869, 539.494, 539.119, 532.462, 528.037, 521.181, 514.537, 508.069, 501.212, 500.075, 489.731, 484.200, 484.250, 476.925, 476.288, 463.056, 357.075, 306.850, 357.050, 392.419, 335.712, 230.669, 165.163, 268.681, 218.837, 210.406, 239.100, 305.006, 322.250, 296.400, 373.981, 427.450,
 513.719, 519.238, 502.463, 499.413, 496.744, 508.600, 539.094, 543.731, 543.775, 556.069, 549.525, 580.375, 626.725, 618.937, 590.075, 548.588, 631.812, 661.637, 649.306, 569.881, 568.450, 485.163, 436.981, 423.181, 346.837, 390.162, 289.412, 311.831, 357.581, 274.856, 299.662, 287.031, 316.800, 283.087, 304.025, 350.919, 382.594, 374.556, 348.469, 310.506, 442.738, 541.631, 560.250, 575.556, 648.913, 655.781, 649.994, 607.406, 642.438, 646.050, 649.456, 606.500, 628.894, 647.400, 673.069, 704.819, 680.094, 722.194, 706.263, 690.900, 694.500, 678.750, 650.994, 692.156, 726.144, 677.687, 697.169, 690.044, 698.094, 727.737, 713.931, 745.894, 733.031, 733.375, 767.250, 752.869, 712.450, 709.369, 703.781, 721.631, 724.638, 732.694, 747.056, 750.856, 779.025, 783.794, 780.325, 785.850, 790.275, 766.856, 701.338, 681.219, 641.156, 446.037, 371.850, 299.538, 167.531, 120.900, 256.756, 274.813, 393.806, 579.088, 580.069, 642.081, 731.394, 716.206, 698.031, 683.025, 682.550, 718.987, 681.819, 579.088, 510.925, 485.281, 492.950, 528.975, 346.556, 127.888, 550.519, 334.200, 303.025, 400.163, 473.400, 464.569, 685.725, 702.156, 689.963, 675.612, 666.988, 652.256, 636.756, 624.369, 609.819, 597.569, 579.194, 516.400, 505.987, 539.313, 546.912, 556.125, 562.444, 563.400, 566.806, 574.069, 573.900, 575.050, 569.644, 574.300, 572.381, 572.975, 566.881, 562.563, 553.569, 550.106, 542.487, 535.231, 528.581, 502.969, 505.681, 506.631, 506.281, 506.200, 501.981, 498.144, 477.662, 443.756, 399.444, 435.569, 375.575, 370.013, 297.013, 199.350, 178.944, 210.375, 218.775, 201.544, 241.175, 168.294, 245.606, 368.262,
 524.837, 531.562, 528.312, 543.481, 557.813, 562.469, 583.719, 591.756, 603.813, 613.637, 633.750, 639.737, 657.362, 666.150, 632.994, 682.906, 618.869, 578.025, 507.231, 406.206, 413.862, 414.419, 439.706, 509.094, 466.925, 357.813, 370.912, 359.025, 409.675, 462.850, 395.956, 431.863, 388.156, 426.956, 417.100, 365.638, 424.719, 469.437, 503.550, 498.806, 554.425, 585.244, 690.794, 717.481, 717.881, 705.406, 667.525, 580.325, 612.463, 578.112, 588.206, 601.388, 620.200, 596.012, 618.212, 631.587, 662.025, 647.806, 614.031, 635.063, 618.237, 639.863, 671.256, 656.069, 688.344, 645.281, 682.781, 685.806, 677.525, 692.256, 697.400, 733.231, 772.462, 764.938, 734.112, 708.563, 737.644, 737.275, 732.844, 720.969, 759.319, 731.475, 730.331, 738.975, 770.150, 806.381, 807.163, 804.456, 815.725, 789.075, 738.081, 735.600, 593.356, 437.950, 381.219, 373.388, 185.887, 192.606, 335.169, 444.600, 521.438, 614.894, 649.787, 634.038, 695.919, 748.644, 752.438, 771.425, 774.156, 751.913, 677.537, 710.781, 731.894, 671.000, 574.169, 328.394, 270.331, 172.031, 329.206, 630.212, 515.856, 606.319, 643.131, 511.894, 600.031, 659.656, 678.994, 698.519, 699.012, 687.075, 676.031, 659.969, 646.994, 624.187, 592.375, 428.388, 449.631, 488.306, 498.438, 551.512, 574.256, 581.725, 596.831, 601.575, 601.206, 595.888, 603.731, 601.431, 600.362, 595.912, 594.294, 586.450, 580.763, 554.563, 534.644, 504.450, 502.938, 518.519, 408.981, 378.950, 415.869, 473.881, 511.250, 541.462, 534.706, 466.350, 405.431, 387.938, 362.594, 354.306, 343.594, 370.144, 358.950, 254.706, 229.519, 197.694, 161.000, 127.169, 104.600, 195.963,
 602.681, 604.612, 613.225, 620.675, 627.769, 632.231, 632.487, 629.438, 650.481, 661.256, 676.600, 691.400, 702.537, 716.094, 714.494, 701.881, 594.894, 593.150, 528.737, 537.544, 604.656, 627.056, 596.050, 500.138, 462.256, 504.075, 489.369, 413.456, 490.000, 468.694, 491.219, 497.350, 510.438, 471.900, 422.269, 481.725, 437.263, 450.175, 520.525, 511.350, 598.131, 668.700, 681.844, 653.531, 669.394, 626.631, 626.844, 615.494, 610.075, 608.144, 605.156, 590.556, 625.244, 646.850, 656.100, 671.325, 672.513, 669.519, 670.325, 683.306, 687.100, 650.331, 644.744, 601.950, 662.531, 666.219, 699.956, 633.269, 648.300, 656.369, 664.438, 685.469, 702.712, 707.569, 724.244, 745.269, 753.537, 723.456, 735.300, 724.394, 742.788, 737.987, 759.013, 770.931, 792.838, 824.575, 830.869, 830.275, 824.719, 803.413, 759.138, 750.931, 639.888, 475.869, 403.075, 312.731, 255.625, 200.444, 326.494, 515.825, 600.000, 612.813, 654.000, 721.044, 779.350, 762.638, 757.256, 686.375, 663.737, 620.862, 766.319, 797.612, 710.956, 675.906, 677.869, 605.437, 377.488, 247.712, 246.563, 253.669, 427.900, 632.537, 629.169, 518.375, 500.356, 617.619, 390.419, 431.475, 495.675, 613.494, 656.862, 664.088, 676.225, 661.425, 616.856, 531.631, 475.700, 524.538, 542.100, 581.131, 608.531, 618.600, 628.581, 628.031, 632.581, 631.606, 631.825, 617.312, 574.844, 601.094, 603.019, 557.162, 540.125, 526.400, 510.137, 459.444, 443.969, 486.975, 495.800, 472.238, 387.394, 386.550, 431.981, 468.125, 524.438, 434.019, 383.238, 385.481, 377.387, 415.669, 331.938, 263.438, 234.462, 158.962, 238.025, 294.337, 276.681, 276.519, 256.769, 191.163,
 654.350, 653.000, 661.031, 665.688, 673.137, 667.481, 667.169, 671.706, 686.313, 686.912, 695.800, 715.475, 736.356, 761.669, 765.006, 735.237, 743.831, 732.188, 647.781, 699.781, 616.406, 595.800, 686.675, 585.919, 506.894, 487.138, 533.562, 590.312, 521.706, 462.138, 474.275, 445.500, 567.206, 484.438, 452.475, 489.313, 520.612, 536.138, 499.550, 515.069, 590.031, 662.644, 573.594, 595.781, 638.487, 634.019, 628.206, 616.306, 623.950, 587.363, 616.013, 600.656, 548.681, 617.062, 599.469, 627.369, 553.794, 585.381, 564.100, 675.381, 712.206, 703.900, 636.425, 624.369, 640.375, 634.013, 624.744, 620.919, 650.781, 632.194, 671.819, 686.563, 722.881, 730.744, 739.581, 779.944, 792.350, 790.644, 802.481, 801.531, 790.438, 785.244, 790.406, 802.144, 841.619, 851.950, 851.781, 858.800, 867.569, 835.044, 803.556, 691.237, 552.287, 452.287, 401.456, 348.750, 308.450, 338.544, 469.269, 541.537, 570.031, 586.331, 670.037, 800.781, 759.163, 772.575, 723.281, 683.237, 719.181, 606.694, 483.906, 534.475, 539.700, 602.962, 571.112, 554.287, 403.513, 314.213, 242.356, 172.619, 146.131, 406.881, 535.012, 590.594, 587.013, 640.063, 504.581, 284.175, 159.269, 106.781, 298.100, 465.056, 558.556, 646.931, 662.606, 665.438, 652.031, 649.519, 638.925, 651.881, 648.419, 651.631, 650.519, 657.406, 661.769, 624.469, 625.450, 595.294, 561.906, 554.175, 604.194, 544.888, 508.900, 439.400, 491.381, 502.131, 453.363, 433.150, 473.812, 477.644, 415.344, 454.569, 438.150, 449.025, 492.287, 513.294, 518.431, 484.169, 437.000, 417.681, 402.231, 378.656, 274.744, 214.306, 262.981, 159.906, 191.381, 228.200, 257.350, 308.712,
 701.356, 702.931, 707.944, 715.412, 716.781, 727.519, 739.050, 743.581, 730.938, 734.956, 745.325, 761.631, 771.619, 782.175, 816.037, 826.456, 787.713, 773.906, 732.487, 666.444, 690.250, 699.856, 710.981, 599.331, 605.838, 608.781, 530.806, 494.987, 607.306, 538.138, 507.662, 509.606, 495.475, 529.013, 553.337, 559.581, 530.625, 574.694, 568.431, 612.712, 603.719, 585.538, 616.713, 630.756, 615.175, 619.525, 648.850, 649.725, 661.725, 622.819, 627.169, 598.638, 593.244, 581.550, 612.175, 591.269, 564.281, 549.088, 571.681, 608.688, 653.056, 718.413, 633.744, 618.563, 670.219, 683.594, 685.494, 676.625, 703.950, 729.619, 694.781, 707.569, 737.981, 735.475, 766.275, 809.919, 829.281, 835.406, 833.112, 836.306, 825.794, 824.081, 823.519, 843.831, 877.694, 878.069, 895.213, 897.644, 899.381, 886.506, 839.956, 747.194, 652.475, 561.087, 485.375, 419.456, 315.769, 351.775, 317.475, 389.719, 466.550, 563.125, 739.019, 711.237, 724.250, 777.544, 691.675, 594.969, 618.156, 520.056, 512.050, 585.094, 491.756, 579.981, 471.931, 336.438, 214.350, 223.188, 137.688, 124.650, 155.744, 183.687, 190.219, 266.769, 401.438, 550.975, 668.781, 555.969, 433.369, 313.012, 182.069, 169.088, 192.113, 261.744, 411.837, 482.369, 590.138, 619.625, 647.912, 663.962, 682.231, 686.213, 687.006, 679.906, 620.600, 573.894, 641.906, 475.869, 438.212, 443.156, 478.512, 467.675, 462.737, 440.000, 475.919, 460.038, 436.512, 435.463, 499.438, 424.619, 413.719, 371.944, 364.025, 372.294, 407.656, 422.012, 336.587, 321.425, 263.262, 247.475, 273.144, 280.263, 177.162, 262.288, 273.313, 183.169, 253.381, 265.250, 289.981, 405.856,
 743.494, 738.556, 753.075, 758.106, 765.569, 770.200, 766.981, 759.987, 768.212, 781.212, 779.569, 811.737, 837.219, 850.225, 864.469, 877.831, 858.225, 832.606, 780.350, 813.056, 763.237, 703.894, 703.550, 719.813, 626.094, 707.225, 682.375, 582.837, 557.800, 633.481, 580.975, 574.519, 581.994, 591.788, 570.712, 583.025, 648.781, 678.313, 694.950, 714.888, 705.162, 702.475, 690.200, 631.375, 629.063, 607.938, 611.913, 657.106, 653.631, 667.563, 680.731, 674.919, 666.325, 668.787, 641.425, 642.119, 605.163, 563.138, 591.738, 603.963, 613.388, 626.569, 614.300, 641.456, 674.800, 651.006, 653.469, 663.569, 741.500, 747.194, 773.419, 765.750, 761.606, 770.813, 805.263, 826.769, 867.806, 869.862, 889.587, 884.600, 880.162, 881.744, 888.612, 904.287, 890.375, 914.063, 933.369, 935.919, 936.706, 933.356, 919.419, 878.194, 757.312, 664.369, 566.381, 539.575, 399.681, 389.331, 246.912, 266.431, 453.138, 552.219, 616.950, 671.187, 631.913, 679.200, 617.344, 578.425, 619.356, 551.100, 511.512, 466.894, 511.369, 501.619, 484.775, 453.619, 323.013, 203.256, 146.137, 185.838, 138.837, 121.344, 162.244, 243.144, 248.113, 390.762, 433.269, 406.056, 415.731, 477.600, 442.781, 412.412, 335.512, 209.969, 170.275, 220.331, 301.462, 371.188, 525.381, 631.369, 703.656, 716.825, 722.563, 647.569, 557.350, 564.806, 554.944, 531.625, 431.425, 478.788, 407.231, 548.663, 535.300, 487.487, 387.987, 426.137, 486.350, 526.788, 480.731, 427.700, 295.513, 263.056, 260.781, 293.688, 287.213, 205.412, 176.375, 205.000, 169.619, 111.325, 162.825, 120.556, 230.931, 170.231, 282.381, 353.256, 354.819, 416.262, 404.563, 426.319,
 789.206, 785.013, 798.025, 798.994, 807.237, 814.700, 807.725, 801.125, 820.244, 834.488, 812.563, 844.181, 873.212, 887.850, 901.525, 917.444, 890.938, 854.750, 736.569, 763.950, 736.888, 623.006, 670.256, 634.644, 658.619, 705.869, 728.169, 748.100, 716.019, 628.794, 625.719, 696.513, 610.581, 583.025, 621.562, 640.931, 669.125, 660.169, 664.056, 698.338, 738.362, 802.988, 789.975, 785.950, 718.194, 713.350, 653.750, 585.700, 611.931, 608.831, 663.425, 672.719, 679.037, 664.631, 705.481, 668.650, 703.506, 693.975, 694.200, 647.856, 660.281, 661.556, 714.444, 696.569, 683.731, 676.987, 680.806, 687.281, 727.850, 762.881, 793.550, 819.163, 823.906, 871.737, 880.900, 893.556, 904.381, 908.081, 936.806, 934.138, 932.031, 922.600, 921.456, 923.031, 946.213, 944.487, 963.787, 971.263, 979.106, 980.481, 972.037, 910.787, 816.856, 767.050, 697.650, 587.469, 477.869, 384.338, 304.581, 376.256, 393.131, 541.225, 578.463, 552.231, 564.650, 667.506, 554.150, 526.775, 513.344, 536.625, 545.462, 578.406, 506.400, 445.300, 394.963, 374.850, 350.525, 331.537, 326.919, 349.987, 216.669, 147.288, 159.756, 162.600, 188.294, 324.769, 489.625, 184.275, 218.056, 312.425, 142.956,  84.588, 102.369, 513.025, 263.856,  91.006, 117.094, 175.275, 287.219, 633.881, 721.438, 748.787, 751.431, 689.556, 612.850, 611.694, 557.350, 544.369, 530.825, 530.150, 630.556, 587.713, 510.794, 509.725, 439.850, 407.331, 324.637, 409.388, 417.706, 365.425, 480.206, 462.406, 382.887, 308.544, 238.337, 203.175, 168.325, 212.137, 215.575, 203.275, 152.431, 139.119, 192.612, 188.750, 331.944, 374.806, 479.119, 505.275, 448.444, 405.306,
 816.331, 813.450, 817.731, 825.575, 818.581, 828.694, 842.169, 838.956, 845.669, 850.331, 864.000, 871.475, 921.419, 943.831, 958.294, 961.600, 902.469, 883.850, 848.581, 799.506, 804.594, 796.025, 702.206, 680.581, 728.781, 793.313, 756.100, 774.931, 775.556, 701.175, 666.969, 741.181, 772.756, 749.813, 651.100, 679.669, 653.694, 682.825, 751.213, 798.850, 802.169, 799.662, 802.888, 824.306, 780.681, 756.106, 724.700, 673.919, 699.944, 678.275, 666.944, 689.312, 709.231, 684.681, 718.962, 729.913, 713.788, 723.394, 755.912, 746.375, 745.819, 736.000, 735.663, 774.888, 772.219, 768.169, 750.275, 772.069, 787.463, 812.313, 797.313, 836.188, 915.562, 929.362, 926.850, 932.750, 937.081, 946.369, 962.963, 985.019, 990.344, 976.231, 982.300, 972.594, 959.956, 960.906, 984.088, 998.406,1021.987,1019.300,1019.888,1006.144, 827.981, 816.619, 703.719, 549.244, 405.188, 369.750, 520.763, 435.856, 409.644, 496.250, 424.038, 367.100, 455.269, 407.356, 410.962, 390.563, 377.144, 439.813, 414.013, 545.256, 483.200, 408.944, 392.694, 346.312, 352.325, 360.000, 364.400, 389.906, 335.044, 326.038, 321.413, 282.637, 310.981, 292.569, 323.463, 294.362, 293.787, 347.144, 198.219, 157.013,  82.462, 136.306, 250.288, 339.450, 261.619, 251.381, 328.419, 402.581, 593.419, 734.781, 755.369, 744.125, 689.588, 698.388, 613.613, 624.544, 657.019, 602.875, 579.731, 579.431, 562.331, 529.044, 489.487, 419.606, 306.500, 301.569, 282.481, 302.850, 473.706, 485.031, 392.900, 326.612, 269.244, 180.712, 160.844, 222.937, 265.512, 163.313, 223.250, 257.944, 286.638, 346.188, 255.513, 356.900, 422.281, 500.619, 525.813, 630.231,
 857.075, 855.513, 859.206, 865.725, 866.694, 870.206, 875.962, 869.925, 877.406, 892.631, 902.338, 916.206, 954.125, 985.481, 996.525,1002.831, 942.556, 905.594, 893.094, 836.644, 770.944, 758.556, 742.519, 749.956, 772.263, 816.619, 850.944, 833.819, 774.756, 822.100, 788.838, 769.181, 707.656, 705.150, 751.212, 754.725, 804.281, 761.150, 788.713, 821.275, 865.431, 842.775, 833.400, 816.512, 801.769, 779.344, 758.081, 754.987, 762.806, 721.431, 753.744, 731.306, 720.188, 749.506, 712.000, 743.944, 737.600, 757.156, 797.413, 794.750, 765.287, 767.950, 765.275, 768.338, 767.181, 769.794, 768.850, 771.869, 797.306, 815.506, 881.994, 933.987, 958.619, 976.556, 967.000, 959.450, 977.706, 983.206,1008.706, 993.144,1028.250,1052.181,1054.037,1054.300,1005.444,1006.400,1018.856,1022.375,1043.800,1063.656,1060.450,1061.031,1043.787, 987.544, 918.369, 793.606, 708.144, 643.775, 589.563, 583.975, 702.631, 650.662, 541.056, 579.037, 518.819, 335.131, 367.125, 358.525, 402.650, 379.450, 503.731, 519.250, 521.213, 504.769, 469.744, 344.813, 337.937, 319.719, 277.556, 288.331, 312.306, 392.994, 404.244, 431.081, 436.025, 457.069, 333.619, 214.413, 272.169, 366.156, 359.506, 250.269, 208.694, 180.150,  97.369, 142.919, 229.806, 368.413, 457.806, 440.894, 433.750, 524.819, 693.650, 696.219, 659.337, 598.613, 632.937, 609.050, 716.106, 657.262, 587.638, 488.275, 486.631, 362.063, 437.000, 293.406, 174.144, 260.931, 268.106, 175.775, 239.550, 350.394, 339.850, 311.356, 321.294, 264.856, 209.600, 324.475, 373.094, 389.400, 424.694, 415.275, 393.663, 346.137, 405.412, 353.563, 476.000, 494.550, 530.819, 576.481,
 879.669, 875.819, 869.788, 873.013, 887.194, 894.269, 905.056, 912.319, 921.150, 931.350, 942.494, 951.031, 961.987, 977.344,1012.925,1013.775, 977.175, 928.169, 955.550, 894.181, 854.256, 839.225, 807.137, 796.988, 727.356, 768.606, 743.319, 766.469, 750.375, 741.706, 774.794, 730.619, 786.850, 788.581, 754.169, 821.763, 777.763, 810.138, 812.019, 815.881, 916.487, 832.119, 830.706, 782.137, 777.725, 761.575, 834.737, 873.150, 840.450, 773.969, 813.769, 828.844, 857.763, 852.144, 812.169, 823.506, 750.956, 767.625, 866.619, 836.225, 790.475, 780.569, 781.956, 824.037, 823.275, 822.331, 807.937, 832.788, 840.844, 868.563, 852.600, 897.387, 970.663, 985.694, 982.612, 988.888, 995.056,1005.594,1030.912,1050.594,1113.213,1101.525,1126.625,1137.162,1099.044,1086.413,1086.588,1085.650,1083.325,1079.931,1079.375,1079.363,1106.538,1110.013,1107.200,1102.200,1098.400,1041.375,1064.919,1064.587,1072.400,1047.338, 981.094, 926.119, 866.550, 855.669, 760.931, 732.194, 630.850, 589.344, 668.112, 661.263, 631.862, 560.794, 556.944, 446.481, 286.019, 213.744, 163.100, 159.612, 242.725, 281.650, 354.106, 398.119, 484.325, 383.313, 379.825, 311.813, 155.775, 233.694, 363.212, 378.256, 253.025, 173.462, 114.363, 122.094, 184.544, 230.994, 290.562, 388.081, 445.231, 541.738, 525.400, 626.987, 692.969, 622.100, 710.438, 623.794, 679.375, 484.969, 427.369, 539.050, 420.612, 290.456, 318.469, 350.138, 228.313, 188.806, 185.363, 239.938, 244.600, 272.044, 296.594, 274.938, 306.969, 252.044, 255.675, 250.288, 281.800, 274.844, 278.294, 311.019, 338.956, 452.619, 523.169, 588.900, 619.175, 587.319, 581.737, 603.119,
 890.056, 882.425, 880.375, 889.325, 884.369, 924.744, 923.100, 909.138, 945.106, 951.244, 970.650, 990.919,1003.813,1015.444,1042.088,1052.850,1044.325,1015.125, 987.362, 959.475, 866.137, 861.556, 851.600, 825.044, 794.225, 754.425, 727.038, 724.725, 752.744, 772.231, 778.138, 780.075, 784.806, 786.781, 762.506, 797.150, 773.275, 870.525, 895.756, 903.881, 880.744, 819.094, 769.600, 766.113, 828.719, 843.419, 795.169, 799.800, 862.388, 870.613, 897.356, 894.656, 909.731, 911.456, 931.013, 925.850, 885.688, 819.069, 899.581, 874.494, 815.731, 816.331, 814.631, 813.869, 821.737, 820.394, 820.319, 820.538, 850.600, 869.106, 938.912, 991.713,1017.700,1033.700,1028.113,1018.194,1038.250,1048.788,1075.619,1059.256,1097.869,1107.275,1110.531,1100.412,1082.813,1081.275,1072.231,1070.662,1059.969,1057.850,1059.606,1072.063,1091.356,1108.069,1116.119,1153.438,1124.400,1164.944,1150.819,1191.456,1180.994,1161.650,1151.306,1158.262,1058.681,1053.187,1048.556,1034.362,1015.081, 995.769, 975.450, 918.613, 866.931, 809.950, 584.625, 511.131, 421.669, 334.087, 152.962, 143.894, 150.244, 295.362, 322.937, 445.331, 432.106, 487.794, 569.369, 485.156, 363.794, 209.419, 252.087, 264.225, 214.012, 277.106, 240.869, 272.144, 121.712, 246.381, 339.587, 407.712, 470.250, 437.850, 367.544, 527.413, 648.344, 705.219, 551.338, 598.344, 597.262, 450.487, 361.500, 476.325, 392.913, 332.000, 238.150, 253.394, 249.219, 214.350, 249.938, 234.181, 272.425, 249.800, 374.456, 323.519, 287.425, 289.731, 303.581, 287.600, 334.950, 404.600, 385.788, 458.244, 457.081, 509.437, 588.125, 617.394, 611.231, 589.300, 574.931, 562.638,
 950.456, 941.175, 934.875, 941.606, 938.594, 944.719, 955.369, 961.981, 978.575, 978.106, 988.837, 996.612,1043.069,1048.875,1046.456,1026.106,1081.838,1117.094,1102.281,1063.162, 995.894, 933.069, 857.787, 843.131, 817.025, 743.950, 699.188, 703.575, 748.006, 735.975, 745.519, 751.412, 729.044, 776.075, 788.944, 807.731, 839.688, 870.000, 865.413, 885.756, 884.169, 879.106, 943.331, 856.325, 839.631, 809.625, 797.581, 798.163, 822.250, 790.269, 819.744, 907.056, 864.500, 876.769, 851.444, 882.125, 981.694, 924.563, 834.212, 830.000, 852.637, 915.819, 974.225, 911.131, 919.775, 920.112, 898.088, 917.219, 938.850, 980.537,1033.656,1031.300,1034.881,1035.819,1080.700,1084.744,1062.106,1071.969,1062.162,1072.025,1080.831,1106.919,1068.656,1069.806,1054.050,1051.806,1052.775,1041.669,1060.137,1061.469,1061.825,1064.906,1089.231,1093.656,1118.775,1124.306,1111.000,1114.025,1129.556,1218.213,1221.819,1210.431,1117.469,1095.400,1069.588,1060.813,1052.813,1038.806,1041.106,1034.250,1013.131, 993.019, 962.606, 877.825, 735.463, 499.844, 342.344, 341.394, 186.787, 122.750, 122.931,  79.362, 129.275, 284.887, 308.988, 345.381, 437.194, 342.169, 374.094, 288.244, 146.012, 214.281, 315.031, 343.750, 286.869, 306.381, 329.562, 232.863, 260.831, 385.225, 509.225, 618.875, 548.450, 612.119, 793.731, 697.006, 679.506, 618.888, 525.162, 454.619, 376.106, 341.350, 388.125, 286.844, 193.100, 146.550, 259.781, 274.825, 244.544, 359.044, 417.875, 464.575, 564.244, 621.525, 599.519, 614.369, 617.781, 617.938, 605.144, 544.031, 493.313, 494.219, 532.306, 613.381, 616.037, 617.188, 585.619, 587.938, 483.775, 339.881,
1006.056,1004.713,1001.625,1002.237,1005.138,1002.263,1011.862,1011.894,1018.375,1025.544,1034.569,1027.138,1086.438,1076.287,1069.100,1059.056,1099.650,1117.569,1149.550,1114.506,1046.819,1037.375,1021.431,1013.194, 955.794, 792.887, 772.144, 838.450, 795.794, 778.525, 739.075, 728.737, 712.612, 735.825, 826.319, 845.244, 863.119, 864.819, 875.600, 869.869, 837.344, 868.013, 922.519, 893.862, 897.000, 849.713, 818.350, 807.263, 809.806, 806.712, 853.575, 888.450, 829.438, 821.919, 923.025, 958.287,1015.500, 981.081, 922.606, 899.644, 910.413, 947.000, 975.619, 904.019, 906.344, 934.856, 875.287, 917.219, 983.231, 958.506,1021.794,1054.975,1075.775,1072.331,1097.531,1118.331,1098.700,1098.000,1093.025,1049.663,1083.387,1061.819,1005.544,1034.394,1046.063,1069.750,1089.463,1104.581,1098.419,1077.556,1078.713,1081.944,1088.231,1111.063,1087.950,1102.337,1143.237,1156.287,1160.744,1218.987,1233.088,1213.275,1130.806,1119.906,1095.206,1092.162,1079.756,1069.225,1065.231,1056.206,1025.350, 994.538, 944.438, 817.713, 623.244, 531.744, 500.094, 389.787, 222.394, 237.975, 132.794, 118.925,  41.262,  98.106, 200.156, 147.087, 132.469, 171.231, 235.631, 147.419, 160.931, 233.606, 215.194, 249.119, 333.606, 342.813, 308.431, 238.187, 142.619, 340.338, 498.819, 545.644, 424.544, 515.431, 540.987, 456.688, 571.837, 591.856, 463.781, 406.006, 325.425, 350.637, 321.300, 329.244, 237.263, 218.719, 311.262, 461.650, 399.644, 497.087, 668.675, 672.838, 636.013, 606.213, 514.094, 580.937, 712.394,-999.900, 635.700, 624.319, 651.212, 565.700, 565.475, 608.394, 591.912, 526.931, 512.925, 381.719, 277.919, 183.256,
1076.762,1076.012,1071.650,1071.106,1076.431,1077.219,1079.381,1082.975,1096.744,1089.787,1093.563,1095.025,1109.381,1112.781,1115.119,1110.263,1133.625,1119.131,1152.831,1181.625,1135.944,1125.738,1093.356,1008.700, 956.631,1009.700, 938.181, 858.825, 852.256, 844.387, 865.969, 842.869, 808.744, 784.869, 884.650, 902.444, 914.869, 928.350, 923.206, 920.763, 932.669, 868.219, 860.994, 857.981, 848.281, 841.019, 837.362, 833.038, 828.844, 831.169, 834.387, 834.013, 830.144, 852.556, 955.844,1006.962, 989.256, 938.594,1002.538,1011.206, 880.169, 851.894, 871.631, 857.456, 856.713, 979.844, 868.037, 931.975, 936.106, 942.000, 974.663, 985.188,1025.037,1090.850,1127.987,1141.169,1123.387,1137.412,1128.106,1126.325,1193.869,1130.075,1081.188,1033.706, 976.550, 989.581, 987.412, 980.144,1006.969,1039.469,1087.494,1108.313,1136.669,1131.294,1130.000,1141.794,1135.425,1151.581,1194.488,1272.487,1229.650,1201.388,1146.469,1131.369,1128.125,1120.313,1109.019,1095.019,1083.156,1053.306,1029.963, 948.950, 828.031, 680.925, 498.731, 335.125, 270.175, 347.875, 275.094, 200.981, 185.831, 207.006,  90.981, 207.000, 147.956, 104.700,  83.613, 141.081, 115.938, 104.325, 170.288, 214.169, 148.075, 226.663, 304.413, 225.712, 271.156, 334.781, 335.375, 307.862, 185.950, 314.644, 320.294, 421.800, 410.988, 446.006, 399.837, 533.763, 452.025, 347.862, 319.406, 302.550, 270.225, 448.056, 600.919, 653.525, 692.037,-999.900,-999.900, 768.600, 696.162, 534.050, 369.525, 482.413, 515.669, 694.688,-999.900,-999.900, 555.912, 568.625, 597.394, 593.044, 639.925, 590.844, 524.663, 450.875, 423.506, 373.000, 316.694, 273.575,
1116.694,1116.025,1116.619,1116.719,1116.556,1120.237,1124.219,1127.512,1131.506,1128.331,1149.838,1136.469,1146.456,1136.187,1146.000,1157.237,1178.556,1187.494,1199.238,1209.675,1153.662,1094.925,1023.469,1012.500,1030.988,1056.262, 918.200, 849.550, 932.813, 875.094, 835.225, 856.800, 886.650, 927.525, 884.419, 956.131, 938.456, 932.544, 912.313, 922.506, 896.331, 884.862, 872.688, 870.131, 863.713, 862.375, 854.756, 853.425, 852.881, 853.656, 855.806, 859.006, 924.862, 909.931, 987.687,1040.188,1004.306,1006.106, 996.181,1023.956, 901.975, 879.638, 880.425, 885.844, 885.087, 915.744, 909.394, 936.188, 995.038,1011.875,1029.213,1021.612,1022.631,1081.519,1083.494,1079.025,1091.319,1095.769,1126.387,1104.331,1159.400,1195.519,1083.069,1005.338,1024.619,1037.050,1005.481, 985.169, 983.231,1002.662,1042.313,1071.381,1120.725,1163.806,1191.781,1205.981,1231.050,1232.962,1218.681,1194.256,1181.450,1157.894,1152.688,1143.175,1143.575,1129.781,1115.488,1097.525,1100.594,1079.119,1051.919, 916.600, 832.325, 611.344, 422.556, 395.956, 393.969, 350.100, 297.206, 210.325, 228.063, 341.156, 149.962, 214.344, 336.644, 293.350, 284.981, 255.419, 174.594, 145.194, 182.681, 320.450, 222.719, 187.700, 173.231, 202.706, 172.825, 289.281, 271.825, 304.225, 257.375, 324.994, 307.056, 292.063, 336.262, 384.700, 364.756, 349.850, 318.075, 336.713, 252.494, 370.131, 463.763,-999.900,-999.900,-999.900,-999.900,-999.900,-999.900,-999.900, 641.875, 593.056, 583.169, 726.694,-999.900,-999.900,-999.900, 675.894, 679.119, 607.812, 430.656, 486.712, 421.363, 482.681, 539.825, 441.762, 560.431, 544.212, 466.881, 385.313,
1151.781,1154.731,1164.244,1162.119,1158.456,1159.813,1164.600,1171.675,1175.763,1172.656,1167.556,1148.844,1183.162,1186.500,1197.044,1205.388,1210.806,1219.325,1225.888,1234.987,1177.056,1022.925, 895.137, 954.506, 986.506, 984.750,1021.000, 992.238,1039.794,1025.006, 916.531, 909.625, 944.175, 964.337,1024.363, 963.769, 960.381, 940.900, 913.244, 900.381, 896.144, 894.581, 893.462, 918.831,1024.694, 959.725, 882.656, 879.419, 878.663, 878.113, 879.694, 879.706, 881.075, 932.894, 933.100,1078.169, 963.750, 948.319, 959.606, 953.400, 901.412, 902.006, 903.213, 911.163, 927.963, 913.994, 955.675,1041.606,1033.000,1066.150,1074.931,1042.206,1069.363,1074.688,1116.650,1063.456,1078.187,1108.219,1118.569,1062.775,1184.494,1184.119,1188.287,1143.288,1096.575,1078.925,1092.313,1109.750,1063.944,1046.175,1049.569,1047.294,1003.100, 991.412,1040.456,1062.331,1058.525,1066.181,1054.525,1101.450,1144.700,1140.819,1159.619,1176.463,1147.712,1140.263,1133.762,1159.994,1160.444,1175.538,1166.375,1013.769, 838.631, 649.913, 501.187, 533.469, 322.300, 293.825, 236.337, 289.363, 351.956, 415.850, 398.863, 243.913, 384.244, 457.075, 383.563, 393.531, 278.225, 401.531, 399.806, 435.744, 341.656, 285.513, 316.944, 273.206, 303.100, 287.881, 279.256, 182.925, 189.250, 232.137, 221.463, 226.425, 182.937, 226.469, 289.206, 231.225, 307.288, 378.781, 407.906, 670.200,-999.900,-999.900,-999.900,-999.900,-999.900,-999.900,-999.900,-999.900,-999.900, 694.319,-999.900,-999.900,-999.900,-999.900, 734.587, 695.294, 659.088, 534.469, 430.381, 548.700, 598.681, 562.819, 514.881, 571.481, 591.144, 603.906, 598.756, 475.356,
1191.694,1196.981,1205.750,1209.006,1205.544,1203.812,1206.450,1210.988,1217.800,1222.750,1218.013,1198.537,1205.231,1211.644,1225.463,1246.387,1254.137,1259.919,1264.944,1261.850,1272.081,1114.100, 956.156, 907.744, 944.225, 952.737, 842.112, 846.244, 895.900, 939.175, 966.831, 953.525, 914.631,1027.419,1008.819, 980.719,1062.563,1069.744,1050.363,1058.150,1061.256,1059.156,1104.006,1069.544,1096.944,1021.069,1000.838, 945.575, 900.319, 898.606, 900.769, 900.381, 905.113, 912.094, 965.269,1074.206, 974.137, 930.900, 950.131, 922.750, 927.363, 927.288, 946.256, 981.213, 991.369, 993.325,1027.288,1072.369,1057.394, 996.700, 952.313, 935.075, 981.762,1067.275,1190.250,1109.006,1100.150,1102.862,1140.613,1154.063,1213.250,1207.231,1176.800,1147.119, 987.731,1086.425, 982.300,1057.869,1057.487,1010.206, 985.906, 965.762, 965.362, 971.744, 994.531,1007.394,1069.200,1075.000,1119.381,1172.763,1185.962,1173.931,1153.663,1165.300,1167.256,1157.656,1143.544,1225.037,1237.856,1186.069,1070.069, 981.644, 833.131, 705.544, 556.631, 582.131, 387.063, 460.531, 437.225, 487.406, 507.375, 462.681, 418.150, 449.575, 476.969, 523.056, 455.094, 389.087, 344.050, 449.275, 541.975, 449.413, 490.625, 544.394, 562.331, 603.431, 470.462, 502.475, 399.169, 292.269, 357.413, 344.000, 288.894, 366.250, 283.181, 362.331, 412.187, 401.975, 575.188, 689.531,-999.900,-999.900,-999.900,-999.900,-999.900,-999.900,-999.900,-999.900,-999.900,-999.900,-999.900,-999.900,-999.900,-999.900, 621.019, 657.769, 629.912, 662.300, 635.581, 616.444, 646.500, 682.556, 662.481, 477.338,-999.900,-999.900,-999.900,-999.900,-999.900, 690.450,
1230.713,1233.194,1238.100,1249.769,1247.263,1247.481,1241.681,1233.100,1237.431,1243.531,1247.244,1256.825,1259.525,1276.556,1265.037,1280.606,1281.169,1294.900,1297.031,1297.781,1304.550,1290.012,1193.550,1100.550,1014.219, 848.925, 836.706, 918.963, 956.000, 912.262, 924.369, 971.131, 967.050,1052.919,1006.256,1095.238,1098.956,1079.600,1083.300,1148.625,1119.881,1132.125,1124.238,1040.106,1031.275,1070.113,1072.381, 996.269, 995.912, 984.488, 945.137, 941.475, 953.175, 958.619, 956.356,1014.369,1047.669, 994.300, 994.106, 994.619, 994.244,1007.644,1041.044,1084.519,1113.044,1106.769,1066.500, 987.669, 922.150, 880.138, 730.013, 775.388, 769.006, 924.400,1011.881,1059.500,1171.819,1162.681,1170.313,1158.456,1154.850,1136.156,1150.475,1113.150,1020.894,1017.987,1008.906,1009.275,1100.488,1063.406,1017.469,1044.450,1068.362,1072.325,1086.169,1125.212,1109.706,1103.662,1146.287,1120.113,1137.006,1160.037,1200.744,1174.875,1212.594,1224.019,1216.175,1149.813,1104.981,1086.556,1023.944, 977.413, 798.556, 545.719, 450.769, 605.056, 518.956, 524.719, 392.875, 460.719, 464.163, 484.700, 510.300, 538.450, 615.481, 708.025, 687.075, 554.669, 560.356, 533.613, 494.288, 641.919, 678.444, 633.194, 646.150, 697.406, 625.887, 660.356, 723.619, 668.356, 680.081, 593.763, 633.944, 616.850, 495.231, 532.681, 584.225, 678.169, 764.406,-999.900,-999.900,-999.900,-999.900,-999.900,-999.900,-999.900,-999.900,-999.900,-999.900,-999.900,-999.900,-999.900, 707.181, 479.737, 494.094, 483.344, 691.819,-999.900,-999.900,-999.900,-999.900,-999.900,-999.900,-999.900,-999.900,-999.900,-999.900,-999.900,-999.900,-999.900,
1266.700,1267.862,1273.344,1283.081,1292.569,1293.525,1277.875,1272.450,1275.475,1284.675,1294.325,1303.237,1316.462,1313.081,1303.813,1320.025,1332.613,1339.381,1333.650,1328.194,1285.119,1294.506,1314.306,1243.156,1079.000, 948.269,1050.963,1085.863,1063.200,1077.556,1104.981,1103.144,1024.544,1122.719,1171.625,1194.975,1189.981,1189.912,1215.588,1205.000,1153.513,1143.213,1170.406,1128.900,1068.550,1065.356,1060.275,1068.906,1051.931, 981.669, 918.525, 894.275, 945.963, 969.381, 981.644, 993.900,1019.925,1012.544,1029.613,1021.400,1044.381,1100.612,1116.719,1126.131,1104.644,1105.200, 866.919, 809.044, 755.331, 659.331, 740.944, 800.062, 693.912, 830.506, 853.719, 879.013, 928.863,1130.669,1189.050,1177.225,1176.625,1133.006,1173.775,1172.638,1075.463,1059.144, 986.350,1009.513,1073.537,1127.856,1121.694,1152.113,1112.331,1105.231,1028.912,1019.406,1095.012,1099.750,1123.881,1180.569,1188.025,1210.319,1241.719,1237.938,1227.969,1195.113,1031.156, 987.312, 935.631, 966.756,1021.337, 872.356, 787.500, 638.506, 571.912, 490.862, 530.838, 539.606, 469.738, 413.388, 518.437, 544.406, 546.931, 620.206,-999.900, 774.119,-999.900,-999.900,-999.900,-999.900,-999.900,-999.900, 722.819,-999.900, 754.556,-999.900,-999.900,-999.900,-999.900,-999.900,-999.900,-999.900,-999.900, 634.794, 639.500, 549.313, 489.188, 675.469, 685.175, 678.706,-999.900,-999.900,-999.900,-999.900,-999.900,-999.900,-999.900,-999.900,-999.900,-999.900, 754.806, 623.963, 440.338, 229.587, 408.850, 640.525,-999.900,-999.900,-999.900,-999.900,-999.900,-999.900,-999.900,-999.900,-999.900,-999.900,-999.900,-999.900,-999.900,-999.900,
1323.738,1330.619,1329.981,1343.350,1357.644,1355.725,1350.119,1347.031,1377.713,1389.419,1384.556,1384.637,1390.669,1399.250,1400.313,1404.162,1387.619,1391.850,1392.513,1380.094,1333.656,1312.537,1326.437,1345.675,1240.906,1213.444,1153.525,1083.231,1064.281,1214.375,1188.269,1236.494,1225.294,1260.075,1291.925,1276.925,1279.506,1303.069,1267.325,1214.500,1170.294,1229.338,1200.831,1197.344,1201.050,1196.438,1113.681,1095.956, 975.838, 922.919, 939.400, 955.906,1000.863,1006.125,1007.063, 999.144,1020.787,1022.044,1104.869,1103.031,1109.425,1106.356,1095.119,1051.200, 984.438, 952.675, 825.175, 796.388, 720.125, 722.737, 681.525, 753.525, 866.119, 821.319, 933.263, 992.769,1134.881,1080.194,1054.775,1192.875,1233.263,1220.462,1172.219,1195.350,1140.263, 986.925, 885.037, 983.294,1046.412,1078.088,1041.981,1032.769, 930.444, 960.688,1085.044,1086.881,1115.231,1164.063,1149.306,1203.988,1212.594,1211.737,1201.369,1156.606,1100.213,1084.137, 943.250, 965.819,1021.637, 930.706, 858.975, 793.044, 757.475, 579.156, 590.256, 568.825, 533.513, 503.419, 429.144, 522.487, 448.794, 659.825, 567.744, 782.838,-999.900,-999.900,-999.900,-999.900,-999.900,-999.900,-999.900,-999.900,-999.900,-999.900,-999.900,-999.900,-999.900,-999.900,-999.900,-999.900,-999.900,-999.900,-999.900,-999.900,-999.900,-999.900,-999.900,-999.900,-999.900,-999.900,-999.900,-999.900,-999.900,-999.900,-999.900,-999.900,-999.900,-999.900,-999.900, 761.562, 641.081, 432.888, 297.331, 523.406, 748.213,-999.900,-999.900, 796.325, 738.356,-999.900,-999.900,-999.900,-999.900,-999.900,-999.900,-999.900,-999.900,-999.900,-999.900,-999.900,
1355.881,1358.906,1371.500,1375.294,1390.912,1404.856,1385.981,1394.950,1427.275,1442.456,1444.788,1432.956,1438.775,1445.050,1452.769,1452.287,1437.450,1433.875,1419.331,1415.931,1372.975,1357.287,1336.906,1364.606,1328.281,1332.006,1314.144,1310.100,1221.019,1228.769,1295.225,1213.881,1258.056,1308.450,1372.631,1312.369,1288.244,1293.144,1267.831,1279.119,1237.612,1224.050,1150.900,1203.944,1190.525,1205.750,1071.419,1005.619, 994.000, 993.731, 978.050,1015.394,1035.169,1000.769,1016.137,1023.631,1049.825,1112.775,1143.544,1153.488,1116.275,1085.075,1087.388, 958.538, 904.975, 921.281, 880.487, 827.956, 800.344, 770.856, 785.169, 856.375, 748.706, 773.881, 656.388, 845.656,1037.012, 955.856, 771.719, 972.462,1048.719,1000.600, 988.025,1039.994,1107.756,1085.337, 951.525,1012.344,1051.794, 977.319, 882.363, 765.519, 926.950, 941.719, 954.919, 919.888, 928.506, 882.194, 767.906, 863.081, 725.594, 675.619,1021.944, 863.850,1017.131,1069.006, 954.950, 925.231, 880.300, 905.637, 860.269, 743.519, 666.806, 647.363, 578.606, 507.781, 437.337, 360.337, 345.738, 476.087, 552.812, 732.663,-999.900,-999.900,-999.900,-999.900,-999.900,-999.900,-999.900,-999.900,-999.900,-999.900,-999.900,-999.900,-999.900,-999.900,-999.900,-999.900,-999.900,-999.900,-999.900,-999.900,-999.900,-999.900,-999.900,-999.900,-999.900,-999.900,-999.900,-999.900,-999.900,-999.900,-999.900,-999.900,-999.900,-999.900,-999.900, 798.994, 770.281, 713.425, 618.150, 228.069, 551.431, 711.969,-999.900,-999.900,-999.900,-999.900,-999.900,-999.900,-999.900,-999.900,-999.900,-999.900,-999.900,-999.900,-999.900,-999.900,-999.900,-999.900,
1419.381,1422.975,1423.294,1425.175,1425.031,1430.844,1445.269,1448.462,1457.950,1464.613,1474.569,1480.463,1448.050,1446.000,1453.700,1442.494,1441.019,1422.519,1427.938,1419.875,1376.525,1382.213,1351.000,1349.644,1362.412,1351.312,1399.537,1388.731,1375.550,1381.944,1386.231,1320.019,1344.225,1345.950,1377.800,1379.019,1276.250,1259.837,1355.981,1345.675,1260.700,1266.856,1203.306,1186.800,1229.000,1167.631,1058.181,1044.506,1070.606,1063.144,1051.637,1005.906,1022.612,1051.681,1053.431,1128.400,1177.006,1100.737,1089.963,1002.069, 920.644, 871.988, 880.056, 852.494, 873.969, 910.294, 813.819, 910.263, 958.087, 845.137, 879.000, 816.162, 780.725, 705.263, 606.906, 761.575, 759.075, 782.606, 712.344, 780.531, 801.038, 816.319, 708.837, 937.444, 793.175, 793.931, 930.294,1014.681, 913.569, 834.663, 710.981, 714.575, 953.906, 807.881, 764.063, 731.656, 748.581, 697.406, 693.831, 868.869, 748.063, 875.694, 883.562, 757.713, 812.963, 863.069, 823.288, 793.450, 816.181, 772.381, 871.806, 796.031, 819.794, 705.494, 606.231, 473.769, 459.281, 312.513, 347.975, 512.362, 766.719,-999.900,-999.900,-999.900,-999.900,-999.900,-999.900,-999.900,-999.900,-999.900,-999.900,-999.900,-999.900,-999.900,-999.900,-999.900,-999.900,-999.900,-999.900,-999.900,-999.900,-999.900,-999.900,-999.900,-999.900,-999.900,-999.900,-999.900,-999.900,-999.900,-999.900,-999.900,-999.900,-999.900, 754.100, 720.413, 729.056, 744.756, 758.719, 679.056, 383.125, 228.825, 700.087, 804.169, 839.425, 721.969,-999.900,-999.900,-999.900,-999.900,-999.900,-999.900,-999.900,-999.900,-999.900,-999.900,-999.900,-999.900,-999.900,-999.900,
1467.762,1470.431,1472.325,1476.294,1480.406,1484.525,1489.469,1497.875,1508.125,1518.000,1505.050,1512.463,1489.831,1490.100,1490.556,1486.413,1487.262,1484.812,1472.700,1456.550,1413.938,1433.169,1393.275,1387.825,1367.813,1354.006,1445.869,1381.569,1355.644,1443.663,1453.475,1411.681,1382.781,1392.450,1400.075,1390.438,1343.769,1339.656,1383.500,1351.131,1289.487,1225.363,1228.106,1234.194,1255.200,1147.819,1196.537,1149.394,1113.519,1087.494,1020.081,1001.888,1051.850,1119.263,1173.775,1150.225,1129.237,1020.625, 892.513, 742.006, 825.700, 770.006, 783.987, 869.675, 894.188, 851.131, 758.794, 822.000, 764.725, 666.838, 768.706, 764.475, 741.644, 765.438, 562.750, 417.956, 532.619, 692.019, 710.994, 663.781, 708.525, 782.206, 813.144, 853.162, 788.050, 772.863, 848.500, 943.263, 955.750,1023.025, 874.169, 847.375, 817.437, 800.469, 685.338, 628.425, 808.875, 754.694, 771.963, 841.631, 816.819, 882.994, 928.731, 801.125, 785.406, 889.656, 887.744, 931.825, 791.463, 817.625, 807.263, 757.431, 670.013, 459.894, 415.744, 322.250, 446.444, 441.625, 765.512,-999.900,-999.900,-999.900,-999.900,-999.900,-999.900,-999.900,-999.900,-999.900,-999.900,-999.900,-999.900,-999.900,-999.900,-999.900,-999.900,-999.900,-999.900,-999.900,-999.900,-999.900,-999.900,-999.900,-999.900,-999.900,-999.900,-999.900,-999.900,-999.900,-999.900,-999.900,-999.900,-999.900,-999.900,-999.900, 636.269, 620.394, 623.125, 696.994, 722.981, 553.344, 296.587, 554.919, 763.456, 815.156, 798.881, 823.069,-999.900,-999.900,-999.900,-999.900,-999.900,-999.900,-999.900,-999.900,-999.900,-999.900,-999.900,-999.900,-999.900,-999.900,
1492.106,1491.638,1493.706,1499.350,1508.481,1511.650,1510.756,1516.594,1561.200,1562.069,1511.762,1511.112,1537.600,1541.181,1550.537,1534.956,1516.850,1481.906,1476.369,1467.150,1486.662,1464.100,1427.206,1415.588,1358.594,1338.494,1443.412,1450.056,1256.412,1317.119,1422.769,1444.206,1430.338,1451.425,1447.213,1424.913,1390.744,1327.375,1300.050,1186.706,1190.256,1171.063,1165.594,1161.381,1193.637,1122.569,1178.200,1223.438,1109.675,1217.438,1063.088,1139.856,1063.738,1053.863,1046.188,1121.931,1146.631, 884.319, 791.425, 746.081, 759.300, 694.363, 662.706, 706.581, 782.394, 668.244, 566.087, 466.844, 574.344, 630.631, 719.281, 777.494, 760.125, 547.656, 403.538, 497.956, 795.469, 647.569, 471.431, 480.256, 585.825, 753.294, 920.581, 822.125, 881.663, 842.219, 704.012, 649.856, 778.644,1072.025, 861.138, 753.900, 893.669, 703.362, 772.656, 635.344, 740.506, 728.500, 642.144, 739.794, 782.319, 819.462, 747.125, 697.150, 716.531, 596.287, 785.013, 822.450, 813.856, 762.962, 795.125, 714.425, 606.006, 388.900, 336.900, 524.725, 695.319,-999.900,-999.900,-999.900,-999.900,-999.900,-999.900,-999.900,-999.900,-999.900,-999.900,-999.900,-999.900,-999.900,-999.900,-999.900,-999.900,-999.900,-999.900,-999.900,-999.900,-999.900,-999.900,-999.900,-999.900,-999.900,-999.900,-999.900,-999.900,-999.900,-999.900,-999.900,-999.900,-999.900,-999.900,-999.900, 675.019, 665.737, 652.312, 621.438, 463.038, 520.650, 412.400, 281.987, 547.919, 771.113, 482.813, 587.819, 626.656, 841.512,-999.900,-999.900,-999.900,-999.900,-999.900,-999.900,-999.900,-999.900,-999.900,-999.900,-999.900,-999.900,-999.900,-999.900,
1542.975,1537.056,1523.794,1525.206,1556.081,1564.019,1565.681,1585.606,1591.037,1612.538,1548.313,1536.325,1559.719,1546.700,1582.087,1583.125,1548.375,1516.619,1488.356,1494.894,1486.250,1460.506,1401.550,1387.775,1321.488,1356.463,1493.881,1417.213,1326.694,1365.031,1426.325,1471.575,1512.963,1479.300,1443.394,1417.137,1424.631,1376.988,1390.306,1328.106,1252.050,1191.606,1181.200,1206.744,1259.600,1223.994,1162.131,1206.613,1153.544,1255.925,1026.225,1043.475,1043.081, 961.281,1032.331,1176.212,1008.331, 799.469, 693.806, 581.706, 631.919, 580.963, 651.688, 798.894, 908.494, 732.381, 625.663, 539.487, 730.656, 784.794, 855.488, 978.325, 840.794, 640.244, 499.356, 486.669, 563.856, 510.150, 572.444, 626.112, 656.350, 665.563, 815.431, 892.231, 883.550, 775.731, 706.750, 668.069, 694.519, 846.794, 853.087, 850.606, 834.681, 787.188, 749.256, 716.719, 871.600, 765.975, 605.794, 797.600, 645.000, 818.825, 827.269, 742.519, 586.269, 636.644, 687.387, 724.344, 604.763, 582.969, 747.669, 655.838, 487.262, 395.369, 558.681, 785.881,-999.900,-999.900,-999.900,-999.900,-999.900,-999.900,-999.900,-999.900,-999.900,-999.900,-999.900,-999.900,-999.900,-999.900,-999.900,-999.900,-999.900,-999.900,-999.900,-999.900,-999.900,-999.900,-999.900,-999.900,-999.900,-999.900,-999.900,-999.900,-999.900,-999.900,-999.900,-999.900,-999.900,-999.900,-999.900, 691.162, 624.194, 630.394, 581.594, 398.581, 255.981, 257.750, 280.231, 628.394, 422.731, 333.144, 756.150, 738.519, 888.581, 751.119, 826.900,-999.900,-999.900,-999.900,-999.900,-999.900,-999.900,-999.900,-999.900,-999.900,-999.900,-999.900,-999.900,-999.900,
1594.706,1593.300,1598.669,1588.462,1589.212,1594.813,1615.613,1636.487,1596.606,1599.806,1575.863,1555.156,1558.631,1536.975,1509.100,1529.206,1547.394,1532.450,1467.131,1495.256,1467.275,1474.413,1371.125,1289.931,1347.894,1226.988,1242.106,1321.600,1355.600,1362.244,1440.919,1480.463,1414.275,1365.475,1342.513,1403.181,1303.519,1327.988,1304.338,1312.137,1239.775,1228.306,1260.231,1259.506,1231.675,1217.131,1175.894,1129.506,1103.775,1028.319, 956.594,1012.512, 885.700, 876.925, 966.425,1159.850,1022.544, 595.369, 805.594,1063.606, 585.769, 463.513, 700.138, 484.363, 507.550, 502.106, 581.981, 507.825, 417.575, 532.931, 648.469, 920.944, 802.031, 699.231, 733.475, 652.425, 613.306, 588.725, 699.475, 862.125, 925.150, 842.262, 959.431, 929.119, 930.281, 975.100, 919.206, 826.550, 735.256, 809.500, 876.819, 850.025, 716.169, 810.550, 910.775, 806.506, 769.619, 862.763, 672.150, 641.369, 572.087, 540.969, 564.575, 582.656, 648.712, 587.819, 540.556, 570.763, 621.556, 625.788, 570.975, 628.888, 769.831, 842.406,-999.900,-999.900,-999.900,-999.900,-999.900,-999.900,-999.900,-999.900,-999.900,-999.900,-999.900,-999.900,-999.900,-999.900,-999.900,-999.900,-999.900,-999.900,-999.900,-999.900,-999.900,-999.900,-999.900,-999.900,-999.900,-999.900,-999.900,-999.900,-999.900,-999.900,-999.900,-999.900,-999.900,-999.900,-999.900,-999.900,-999.900, 659.763, 639.369, 585.450, 376.631, 124.144, 155.044, 223.688, 670.200, 823.244, 344.269, 242.369, 539.206, 794.912,-999.900,-999.900,-999.900,-999.900,-999.900,-999.900,-999.900,-999.900,-999.900,-999.900,-999.900,-999.900,-999.900,-999.900,-999.900,-999.900,
1650.019,1648.069,1649.325,1627.525,1639.150,1658.200,1636.256,1628.594,1624.100,1613.831,1607.225,1628.425,1649.869,1606.194,1524.894,1393.125,1399.794,1246.525,1363.269,1473.162,1476.244,1530.494,1512.556,1496.856,1416.769,1225.594,1231.938,1200.713,1196.531,1360.325,1405.381,1429.875,1384.369,1351.412,1249.313,1210.669,1163.869,1320.244,1302.213,1259.981,1252.375,1295.938,1306.931,1301.463,1285.831,1192.387,1197.006,1139.263,1052.944,1007.694,1044.269,1008.319, 816.225, 960.681, 999.737,1149.081, 964.125, 612.219,-999.900,1188.669, 544.056, 370.756, 625.975, 331.075, 502.544, 510.356, 676.244, 687.300, 569.144, 604.419, 666.462, 944.081, 949.294, 899.987, 891.894, 798.181, 746.481, 772.781, 770.906, 835.431,1008.081, 918.438, 963.237, 931.975, 958.281, 887.075, 914.269, 857.063, 891.281, 980.994, 990.194, 960.644, 978.569,1091.025,1231.244,1163.038,1094.150,1006.537,1069.438, 869.075, 969.075, 802.519, 636.019, 625.925, 839.819, 810.963, 782.869, 779.600, 727.169, 793.581, 841.462, 912.012,-999.900,-999.900,-999.900,-999.900,-999.900,-999.900,-999.900,-999.900,-999.900,-999.900,-999.900,-999.900,-999.900,-999.900,-999.900,-999.900,-999.900,-999.900,-999.900,-999.900,-999.900,-999.900,-999.900,-999.900,-999.900,-999.900,-999.900,-999.900,-999.900,-999.900,-999.900,-999.900,-999.900,-999.900,-999.900,-999.900,-999.900,-999.900,-999.900, 663.263, 612.156, 547.550, 319.656, 225.569, 264.794, 553.112, 750.306, 654.106, 411.944, 198.056, 506.681, 834.438,-999.900,-999.900,-999.900,-999.900,-999.900,-999.900,-999.900,-999.900,-999.900,-999.900,-999.900,-999.900,-999.900,-999.900,-999.900,-999.900,
1701.444,1689.106,1678.794,1680.875,1689.981,1701.194,1686.806,1637.219,1612.719,1611.456,1658.631,1677.588,1687.756,1680.525,1637.519,1504.925,1119.250,1001.481,1284.663,1356.750,1385.063,1555.712,1431.756,1316.512,1359.400,1319.494,1247.225, 979.069, 907.387, 827.806,1024.319, 897.400,1142.919,1057.988,1232.463,1047.375, 979.456,1004.413,1220.400,1196.569,1275.450,1340.769,1266.069,1275.131,1307.900,1229.150,1221.375,1148.431,1098.413,1123.769,1080.037,1106.344, 892.750, 965.119,1077.794, 987.731, 917.844, 934.637,-999.900, 915.506, 549.419, 832.513, 720.756, 449.537, 645.063, 636.594, 693.462, 689.237, 748.994, 892.756,1061.850,1013.887, 944.694, 964.831,1008.037, 899.394, 749.706, 869.094, 945.425, 910.569, 952.819, 996.519,1025.775, 878.250, 770.575, 874.506, 781.944, 766.931, 853.994, 846.131, 966.800,1095.506,1027.188,1341.850,1262.750,1304.769,1316.206,1304.231,1264.250,1216.306,1418.631,1270.869, 864.713, 779.000, 935.412, 987.594, 785.513, 910.662,1091.769,1197.950,1303.350,-999.900,-999.900,-999.900,-999.900,1060.769,-999.900,-999.900,-999.900,-999.900,-999.900,-999.900,-999.900,-999.900,-999.900,-999.900,-999.900,-999.900,-999.900,-999.900,-999.900,-999.900,-999.900,-999.900,-999.900,-999.900,-999.900,-999.900,-999.900,-999.900,-999.900,-999.900,-999.900,-999.900,-999.900,-999.900,-999.900,-999.900,-999.900,-999.900,-999.900, 692.244, 603.156, 482.806, 142.212, 231.762, 463.694, 630.825, 506.500, 322.819, 433.619, 471.981, 649.925, 665.319,-999.900,-999.900,-999.900,-999.900,-999.900,-999.900,-999.900,-999.900,-999.900,-999.900,-999.900,-999.900,-999.900,-999.900,-999.900,-999.900,
1720.787,1704.075,1706.712,1737.444,1707.456,1685.619,1693.931,1683.537,1679.356,1664.500,1605.575,1628.900,1678.206,1680.913,1670.787,1627.406,1183.494,1119.863, 988.837,1178.150,1271.087,1353.781,1579.762,1581.275,1579.406,1453.469,1306.856,1138.863,1134.356, 880.331, 833.413, 676.544, 627.125, 558.750, 663.525, 844.256, 793.606, 872.100,1123.687,1241.006,1380.694,1401.456,1388.100,1401.375,1345.956,1282.313,1286.031,1236.019,1054.813,1068.819,1036.519,1066.850,1012.344, 994.063,1012.788, 876.888, 866.331,-999.900,-999.900, 733.800,1116.313,1075.225, 528.831, 570.219, 653.481, 661.638, 796.950, 916.913, 992.319, 964.969,1039.594, 910.513,1001.775, 959.175, 980.469, 874.300, 862.037, 839.975, 843.169, 958.581, 910.525, 892.206, 898.888, 824.225, 947.206, 931.325, 988.619, 984.756, 864.175, 955.800, 895.494, 963.156, 985.650,1162.013,1218.969,1429.287,1338.763,1315.719,1259.713,1232.550,1532.269,1503.913,1156.087,1167.738,1189.525,1397.338,1387.000,1369.513,1177.162, 956.887, 878.688,1173.550, 975.456,1140.175,-999.900,-999.900,-999.900,-999.900,1068.794,1010.375,-999.900,-999.900,-999.900,-999.900,-999.900, 963.138,-999.900,-999.900,-999.900,-999.900,-999.900,-999.900,-999.900,-999.900,-999.900,-999.900,-999.900,-999.900,-999.900,-999.900,-999.900,-999.900,-999.900,-999.900,-999.900,-999.900,-999.900,-999.900,-999.900,-999.900,-999.900, 714.131, 668.856, 485.350, 170.769, 170.825, 450.463, 343.519, 444.756, 482.256, 688.438,-999.900,-999.900,-999.900,-999.900,-999.900,-999.900,-999.900,-999.900,-999.900,-999.900,-999.900,-999.900,-999.900,-999.900,-999.900,-999.900,-999.900,-999.900,-999.900,
1736.225,1737.337,1803.919,1781.137,1811.850,1790.013,1813.869,1774.063,1766.575,1759.600,1757.582,1704.481,1666.012,1747.763,1727.894,1694.494,1503.937,1186.063, 840.656,1021.706,1276.063,1490.656,1672.425,1654.744,1599.838,1628.975,1539.581,1415.356,1322.231,1106.000, 993.744, 690.944, 562.100, 432.869, 347.413, 495.506, 594.213, 649.550, 726.881,1089.188,1245.563,1333.912,1446.425,1459.694,1398.719,1420.338,1410.512,1299.694,1148.681,1066.550,1055.787,1129.506,1196.256,1096.825, 981.281,1149.031,-999.900,-999.900,1206.287, 951.638,1145.912, 666.394, 602.200, 729.819, 774.000, 833.269,1009.563, 952.200, 981.150, 956.162, 968.188, 949.481, 915.856, 956.256, 736.881, 755.637, 880.713, 990.975, 992.219,1004.988,1066.250,1132.306,1157.200,1162.056,1189.356,1143.075,1141.537,1057.450,1101.425,1259.675,1192.181,1304.131,1410.850,1359.531,1402.144,1272.775,1331.850,1393.569,1250.900,1121.787,1174.413,1196.819,1013.394,1053.013,1260.262,1276.356,1251.800, 958.219, 533.538, 335.369, 811.625,1099.156,1090.269,1201.537,-999.900,-999.900,1153.313,1001.437, 988.306,1046.650,1044.637,-999.900,-999.900,-999.900,-999.900,1018.362,-999.900,-999.900,-999.900,-999.900,-999.900,-999.900,-999.900,-999.900,-999.900,-999.900,-999.900,-999.900,-999.900,-999.900,-999.900,-999.900,-999.900,-999.900,-999.900,-999.900,-999.900,-999.900,-999.900,-999.900,-999.900,-999.900, 654.663, 460.662, 169.912, 356.406, 324.950, 316.019, 344.981, 738.562,-999.900,-999.900,-999.900,-999.900,-999.900,-999.900,-999.900,-999.900,-999.900,-999.900,-999.900,-999.900,-999.900,-999.900,-999.900,-999.900,-999.900,-999.900,-999.900,-999.900,
1820.825,1837.000,1860.444,1802.275,1798.100,1831.544,1829.194,1835.944,1820.556,1778.694,1781.306,1818.512,1741.350,1771.106,1726.181,1573.587,1250.837,1259.050,1281.006,1179.269,1425.275,1568.825,1646.731,1738.862,1635.925,1640.069,1562.937,1277.131,1286.712,1065.894, 929.512, 899.913, 851.550, 654.869, 654.362, 502.694, 484.156, 438.419, 443.975, 529.138, 654.225, 939.431,1248.206,1397.481,1434.300,1471.587,1472.012,1392.400,1319.556,1200.819,1149.456,1155.681,1097.300,1020.912,1297.650,-999.900,-999.900,1365.325,1170.413, 888.912, 803.381, 696.963, 814.487, 939.344, 917.938,1015.194,1107.025,1052.188, 910.431, 902.094,1063.600,1079.569,1067.969, 971.187, 940.850, 857.381,1109.719,1172.106,1148.531,1021.088,1106.956,1148.131,1211.106,1183.025,1207.144,1123.775,1139.069,1162.594,1226.038,1354.925,1337.881,1368.400,1449.456,1485.381,1498.656,1512.606,1517.350,1439.825,1389.550,1425.150,1497.463,1539.888,1175.362,1153.019,1302.969,1086.281, 884.206, 821.056, 834.100, 651.325, 839.888,1176.600,1284.075,1134.438,1167.256,1150.338,1092.200,1068.794,1087.419,1161.550,1021.775,1014.144,1101.162,-999.900,1044.563, 977.712,-999.900,-999.900,-999.900,-999.900,-999.900,-999.900,-999.900,-999.900,-999.900,-999.900,-999.900,-999.900,-999.900,-999.900,-999.900,-999.900,-999.900,-999.900,-999.900,-999.900,-999.900,-999.900,-999.900,-999.900,-999.900,-999.900, 685.925, 581.744, 479.494, 378.669, 492.494, 143.381, 704.275, 717.506,-999.900,-999.900,-999.900,-999.900,-999.900,-999.900,-999.900,-999.900,-999.900,-999.900,-999.900,-999.900,-999.900,-999.900,-999.900,-999.900,-999.900,-999.900,-999.900,-999.900,
1902.219,1863.494,1854.831,1856.219,1847.363,1861.900,1932.256,1943.512,1883.475,1867.706,1869.856,1866.769,1836.656,1790.938,1680.144,1528.006,1521.731,1433.800,1396.706,1482.044,1387.913,1325.881,1260.588,1189.725,1065.650,1034.425, 913.662, 805.856, 827.906,1080.275,1169.119,1180.337,1078.650, 910.706, 984.194, 824.025, 648.525, 392.837, 367.581, 377.556, 358.469, 480.556, 806.181,1078.550,1419.950,1514.794,1485.519,1474.544,1468.025,1400.900,1247.219,1186.537,1234.025,-999.900,-999.900,1400.644,1292.513, 951.956, 936.869, 841.575, 891.688, 935.388, 987.031,1055.319, 996.050,1003.219,1448.019,1041.169, 965.687,1004.506,1185.519,1244.531,1164.075,1189.069,1141.119,1053.913,1166.356,1275.931,1091.256,1142.725,1269.919,1174.850,1071.962,1209.494,1089.250,1069.181, 930.875, 970.856,1143.381,1200.544,1374.356,1458.994,1491.069,1499.500,1525.831,1581.437,1542.431,1565.900,1550.169,1524.600,1548.463,1492.469,1362.450,1273.887,1187.263, 990.313, 847.631, 774.744, 664.244, 529.375, 735.331,1117.506,1421.194,1319.787,1179.431,1080.681,1068.806, 971.256,1120.331,1140.138,1069.100, 954.188,1167.613,-999.900,1038.231,1002.437,1026.169,-999.900,-999.900,-999.900,-999.900,-999.900,-999.900,-999.900,-999.900,-999.900,-999.900,-999.900,-999.900,-999.900,-999.900,-999.900,-999.900,-999.900,-999.900,-999.900,-999.900,-999.900,-999.900,-999.900,-999.900,-999.900, 748.706, 613.544, 487.181, 303.769, 427.088,-999.900,-999.900,-999.900,-999.900,-999.900,-999.900,-999.900,-999.900,-999.900,-999.900,-999.900,-999.900,-999.900,-999.900,-999.900,-999.900,-999.900,-999.900,-999.900,-999.900,-999.900,-999.900,-999.900,
1887.331,1880.569,1911.188,1926.800,1958.388,1937.406,1985.681,1996.000,1950.294,1964.956,1989.750,1943.588,1897.700,1764.225,1681.869,1590.931,1351.437,1217.806,1224.075,1117.556, 857.250, 840.006, 945.356, 757.350,1049.369,1053.156,1180.262,1197.181,1126.850, 928.138, 783.631, 879.231,1166.056,1073.375, 961.794, 670.200, 367.625, 354.200, 331.013, 381.500, 458.544, 415.012, 458.944, 508.944, 903.606,1185.150,1440.325,1486.512,1543.525,1406.506,1288.944,1455.225,-999.900,1554.719,1311.219,1292.463,1101.094,1243.575,1129.800,1044.481,1218.713,1236.463,1141.181,1055.750,1052.281,1080.862,1364.287,1202.031,1161.806,1163.419,1210.331,1203.369,1388.025,1376.225,1202.887,1161.625,1290.125,1170.137,1179.844,1179.563,1224.381,1263.350,1148.044,1145.769,1007.113, 931.787, 978.900,1068.419,1162.644,1214.819,1370.056,1509.338,1542.338,1560.463,1555.625,1589.231,1625.312,1609.288,1688.838,1644.263,1595.044,1533.013,1483.137,1312.369,1194.369, 882.269, 902.837, 799.569, 623.563, 555.563,1012.487,1320.025,1526.744,1440.412,1104.738,1006.919,1036.563, 936.094,1119.956,1196.394,1153.450,1021.469,1143.244,1161.900,1033.213, 990.506,-999.900,-999.900,-999.900,-999.900,-999.900,-999.900,-999.900,-999.900,-999.900,-999.900,-999.900,-999.900,-999.900,-999.900,-999.900,-999.900,-999.900,-999.900,-999.900,-999.900,-999.900,-999.900,-999.900,-999.900,-999.900,-999.900,-999.900, 692.144, 545.725, 442.519, 510.625,-999.900,-999.900,-999.900,-999.900,-999.900,-999.900,-999.900,-999.900,-999.900,-999.900,-999.900,-999.900,-999.900,-999.900,-999.900,-999.900,-999.900,-999.900,-999.900,-999.900,-999.900,-999.900,-999.900,
2031.481,2038.313,1967.419,1992.175,1972.225,1922.419,1615.813,1441.588,1603.200,1348.912,1302.937,1283.231,1346.600,1406.781,1356.475,1151.287, 842.188, 543.225, 532.319, 616.550, 489.956, 710.981, 862.956,1183.419,1048.531, 906.831,1282.150,1311.062,1477.625,1363.681,1230.794, 990.425, 774.638, 805.050, 689.375, 495.394, 602.525, 412.156, 349.344, 312.388, 286.706, 381.556, 333.669, 504.513, 862.631,1026.631, 905.887,1064.669,1589.088,-999.900,1598.356,1501.569,1292.225,1207.294,1439.112,1432.281,1409.756,1277.581,1279.356,1269.763,1299.950,1164.400,1132.925,1122.300,1104.100,1217.094,1351.513,1364.850,1361.313,1385.906,1356.419,1420.731,1387.981,1327.875,1243.031,1245.675,1183.356,1138.150,1179.419,1212.662,1284.156,1224.481,1252.431,1078.175, 978.719, 925.375,1025.606,1060.794,1088.906,1161.250,1231.444,1416.225,1578.431,1669.269,1632.881,1672.619,1666.638,1702.244,1667.813,1611.806,1692.138,1626.550,1301.056,1086.537,1193.781,1210.787,1209.125,1023.594, 873.794, 756.681,1136.794,1354.288,1500.225,1465.675,1361.575,1208.825, 868.812,1087.844,1213.563,1269.587,1094.006,1037.513,-999.900,1196.406,1066.550, 987.044,1054.331,-999.900,-999.900,-999.900,-999.900,-999.900,-999.900,-999.900,-999.900,-999.900,-999.900,-999.900,-999.900,-999.900,-999.900,-999.900,-999.900,-999.900,-999.900,-999.900,-999.900,-999.900,-999.900,-999.900,-999.900,-999.900,-999.900, 628.931, 517.950, 609.481,-999.900,-999.900,-999.900,-999.900,-999.900,-999.900,-999.900,-999.900,-999.900,-999.900,-999.900,-999.900,-999.900,-999.900,-999.900,-999.900,-999.900,-999.900,-999.900,-999.900,-999.900,-999.900,-999.900,-999.900,
2101.087,2112.419,2037.106,1909.850,1805.787,1641.006,1324.431,1181.313, 965.175,1077.762,1011.231, 786.475,1047.019, 695.631, 677.888, 908.994, 593.581, 445.362, 441.888, 473.319, 834.162,1290.088,1449.350,1334.412,1003.981,1098.194,1295.256,1403.700,1462.638,1630.313,1436.300,1301.244,1168.944, 999.450, 592.844, 746.862, 511.063, 459.331, 594.019, 585.656, 532.844, 623.563, 533.713, 601.512, 487.037, 719.494, 552.088, 625.662,1046.887,1104.806, 938.225,1116.113,1345.519,1480.013,1508.262,1412.850,1352.338,1265.306,1309.294,1226.313,1268.906,1239.744,1153.638,1152.000,1292.719,1303.006,1335.456,1362.781,1427.319,1486.813,1454.219,1488.100,1400.944,1218.594,1187.287,1185.813,1239.713,1203.194,1344.681,1370.069,1218.756,1085.794,1105.225,1138.475,1017.669,1000.550,1101.606,1086.938,1198.219,1265.762,1360.981,1455.800,1507.019,1685.987,1673.531,1754.494,1777.981,1733.800,1653.475,1655.869,1669.381,1560.012,1299.400,1172.625,1273.781,1500.094,1289.300, 798.575, 727.850,1131.713,1269.838,1281.550,1471.556,1464.619,1400.575,1106.606,1089.887,1149.813,1127.406,1048.725,1012.044,1157.137,-999.900,-999.900,1102.513, 963.075, 924.919,-999.900,-999.900,-999.900,-999.900,-999.900,-999.900,-999.900,-999.900,-999.900,-999.900,-999.900,-999.900,-999.900,-999.900,-999.900,-999.900,-999.900,-999.900,-999.900,-999.900,-999.900,-999.900,-999.900,-999.900,-999.900,-999.900, 622.225, 696.375,-999.900,-999.900,-999.900,-999.900,-999.900,-999.900,-999.900,-999.900,-999.900,-999.900,-999.900,-999.900,-999.900,-999.900,-999.900,-999.900,-999.900,-999.900,-999.900,-999.900,-999.900,-999.900,-999.900,-999.900,-999.900,
2041.613,2104.887,1953.238,1888.256,1836.269,1649.019,1333.631,1036.300, 812.306, 838.519, 822.244, 863.375, 921.794, 782.594, 636.887, 733.131, 754.425, 497.094, 360.419, 370.212, 713.231, 834.037, 687.375, 815.081,1188.756,1334.881,1380.831,1248.669,1352.606,1223.919,1288.944,1020.794, 667.331, 693.506, 803.919, 725.106, 501.700, 413.944, 622.750, 313.400, 607.356, 722.419, 932.969,1028.688, 816.500, 909.544,1004.362,1152.706, 866.431,1077.056,1230.619,1398.444,1602.150,1571.269,1539.931,1410.931,1404.275,1343.888,1238.450,1191.025,1155.075,1105.350,1146.550,1204.794,1100.688,1212.744,1293.475,1386.006,1494.194,1719.525,1568.750,1570.156,1508.206,1456.506,1323.431,1319.406,1360.925,1406.863,1510.606,1376.900,1243.250,1153.813,1139.644, 963.875, 996.250,1046.162,1172.181,1229.950,1338.525,1378.000,1658.250,1714.537,1469.713,1573.356,1746.394,1799.256,1795.931,1751.756,1731.125,1723.731,1653.019,1389.494,1357.869,1430.387,1465.944,1350.750,1134.538,1084.556,1007.950, 765.600, 952.612,1261.900,1138.063,1387.338,1430.069,1363.950,1015.694, 834.294, 869.669, 814.719, 952.194,-999.900,-999.900,-999.900, 957.594, 907.188, 574.175, 949.956,-999.900,-999.900,-999.900,-999.900,-999.900,-999.900,-999.900,-999.900,-999.900,-999.900,-999.900,-999.900,-999.900,-999.900,-999.900,-999.900,-999.900,-999.900,-999.900,-999.900,-999.900,-999.900,-999.900,-999.900,-999.900,-999.900,-999.900,-999.900,-999.900,-999.900,-999.900,-999.900,-999.900,-999.900,-999.900,-999.900,-999.900,-999.900,-999.900,-999.900,-999.900,-999.900,-999.900,-999.900,-999.900,-999.900,-999.900,-999.900,-999.900,-999.900,-999.900,-999.900,
2156.169,2140.975,2120.919,2064.163,1986.031,1872.044,1411.350,1022.669, 701.737, 944.112, 938.575, 904.556, 938.850, 915.481, 493.200, 435.075, 504.581, 514.950, 352.563, 396.863, 416.681, 609.656, 835.194,1474.519,1848.038,-999.900,1902.912,1779.019,1819.887,1740.700,1412.388,1013.787, 665.625, 622.750, 861.619, 794.362, 574.412, 519.375, 578.581, 520.731, 678.888, 820.988, 898.550,1160.431,1101.550,1072.412, 935.881, 990.119,1162.800,1249.256,1359.081,1507.325,1615.363,1593.587,1475.694,1227.469,1297.106,1370.750,1205.369,1117.750,1050.344, 966.913, 971.675, 972.662,1040.081,1287.819,1476.100,1451.575,1639.788,1903.775,1641.963,1685.269,1796.769,1679.388,1467.881,1445.781,1515.650,1511.244,1628.937,1544.775,1416.606,1266.612,1145.819,1022.144,1144.700,1229.069,1275.394,1303.131,1464.394,1565.713,1732.650,1778.412,1486.462,1570.194,1770.818,1823.200,1814.437,1755.406,1767.456,1745.350,1690.656,1623.806,1527.131,1515.087,1385.819,1424.950,1320.681,1125.481, 797.750, 993.563,1096.794,1210.650,1329.131,1529.988,1479.656,1325.075,1036.462, 911.469, 826.338, 861.119,1018.725,-999.900,-999.900,-999.900, 961.194, 947.150, 725.906, 862.763,-999.900,-999.900,-999.900,-999.900,-999.900,-999.900,-999.900,-999.900,-999.900,-999.900,-999.900,-999.900,-999.900,-999.900,-999.900,-999.900,-999.900,-999.900,-999.900,-999.900,-999.900,-999.900,-999.900, 834.137,-999.900,-999.900,-999.900,-999.900,-999.900,-999.900,-999.900,-999.900,-999.900,-999.900,-999.900,-999.900,-999.900,-999.900,-999.900,-999.900,-999.900,-999.900,-999.900,-999.900,-999.900,-999.900,-999.900,-999.900,-999.900,-999.900,-999.900,-999.900,
1989.044,2024.125,1993.694,1984.800,1871.875,1844.450,1694.806,1462.706,1654.856,1584.438, 843.700, 574.287, 267.106, 174.719, 429.406, 163.962, 308.913, 519.356, 463.206, 379.269,1060.825, 854.987, 314.131, 700.656,1398.988,1393.281,1395.113,1465.744,1564.450,1487.019,1297.813,1276.969, 999.275, 805.650, 677.688, 576.575, 603.838, 722.675, 801.250, 921.825, 840.444, 996.994, 965.312,1216.406,1115.581,1272.819,1168.675, 963.744,1159.069,1268.175,1376.862,1526.612,1520.162,1517.044,1467.212,1392.719,1168.594,1055.062,1075.244, 947.556, 964.206, 906.806, 766.069, 915.712,1232.994,1350.694,1287.394,1472.881,1525.287,1519.913,1796.056,1793.631,1784.356,1768.438,1756.394,1721.056,1698.856,1664.837,1661.013,1587.581,1441.275,1374.256,1344.125,1235.731,1235.288,1304.594,1439.813,1535.325,1729.688,1746.081,1749.319,1751.612,1744.337,1725.025,1708.194,1708.969,1717.444,1714.031,1842.944,1846.188,1759.313,1720.306,1704.294,1672.700,1613.594,1547.394,1534.450,1459.413,1433.087,1545.400,1695.719,1697.369,1624.650,1561.631,1472.500,1245.531, 951.581, 847.031, 774.656, 886.038,1053.231,-999.900,-999.900,-999.900, 961.394, 953.050,1064.850, 979.531,-999.900,-999.900,-999.900,-999.900,-999.900,-999.900,-999.900,-999.900,-999.900,-999.900,-999.900,-999.900,-999.900,-999.900,-999.900,-999.900,-999.900,-999.900,-999.900,-999.900,-999.900,-999.900,-999.900,-999.900,-999.900,-999.900,-999.900,-999.900,-999.900,-999.900,-999.900,-999.900,-999.900,-999.900,-999.900,-999.900,-999.900,-999.900,-999.900,-999.900,-999.900,-999.900,-999.900,-999.900,-999.900,-999.900,-999.900,-999.900,-999.900,-999.900,-999.900,-999.900,
1986.687,1995.244,1996.425,1985.294,1818.194,1676.844,1764.138,2000.156,2165.137,1747.469,1253.506, 960.606, 675.200, 423.569, 248.375, 149.600, 212.313, 266.781, 475.544, 550.294, 823.663,1196.669, 730.494, 894.756,1430.581,1622.731,1585.181,1298.550,1089.025, 897.031, 851.838,1040.887, 955.481, 982.837, 859.825, 739.725, 748.506, 666.119, 720.869, 765.800,1012.656,1223.638,1095.894,1185.962,1283.294,1276.356,1240.656,1170.563,1220.481,1301.906,1554.838,1648.506,1613.106,1494.075,1444.144,1169.319,1063.569,1171.513,1059.806, 988.475,1000.906,1016.406,1009.763,1009.750,1445.963,1332.200,1454.119,1544.781,1575.544,1582.287,1862.013,1842.887,1851.206,1804.787,1826.219,1817.525,1789.044,1763.856,1734.131,1715.219,1564.756,1459.719,1415.813,1313.550,1372.225,1383.319,1524.731,1629.338,1781.569,1813.050,1820.325,1808.719,1788.769,1743.137,1717.112,1723.694,1738.081,1738.506,1846.319,1890.625,1898.963,1817.050,1653.625,1531.950,1533.462,1523.975,1630.450,1623.900,1534.088,1644.156,1772.094,1727.637,1649.575,1569.487,1304.663,1013.731,1005.756, 843.181, 832.794, 967.275,1169.050,-999.900,-999.900,-999.900, 999.719, 862.519,1111.231,1106.437,1048.719,-999.900,-999.900,-999.900,-999.900,-999.900,-999.900,-999.900,-999.900,-999.900,-999.900,-999.900,-999.900,-999.900,-999.900,-999.900,-999.900,-999.900,-999.900,-999.900,-999.900,-999.900,-999.900,-999.900,-999.900,-999.900,-999.900,-999.900,-999.900,-999.900,-999.900,-999.900,-999.900,-999.900,-999.900,-999.900,-999.900,-999.900,-999.900,-999.900,-999.900,-999.900,-999.900,-999.900,-999.900,-999.900,-999.900,-999.900,-999.900,-999.900,-999.900,-999.900,
1952.675,2012.894,1890.406,1920.850,2091.613,2195.094,2178.962,2198.163,1754.400,1336.675, 894.006, 522.294, 844.400, 780.175, 433.012, 351.587, 334.544, 482.319, 387.644, 620.669, 477.525, 442.050,1250.931, 975.113,1375.656,1686.644,1787.881,1728.900,1553.112,1410.213,1238.456, 970.388, 732.975, 790.194, 900.756, 953.744, 787.031, 799.319, 776.519, 946.288, 892.619, 986.512,1028.456,1096.019,1133.206,1099.181,1077.519,1208.487,1354.875,1622.056,1541.337,1601.538,1554.800,1426.275,1063.869, 900.750, 840.100, 938.737, 919.625,1068.000,1240.725,1291.181,1324.031,1336.613,1342.950,1418.956,1614.781,1639.237,1653.494,1641.575,1638.219,1633.856,1814.669,1909.044,1940.481,1864.369,1832.600,1810.775,1764.356,1737.756,1531.981,1361.800,1330.569,1388.281,1450.644,1585.450,1636.131,1803.138,1880.837,1889.275,1890.419,1875.494,1852.594,1820.100,1784.425,1771.469,1546.406,1628.375,1644.094,1696.506,1759.644,1854.200,1726.606,1848.438,1881.669,1823.531,1945.075,1926.081,1887.825,1869.400,1855.338,1748.569,1692.794,1425.162,1144.494, 837.194, 697.612, 715.737, 852.288, 953.463,1211.075,-999.900,-999.900,-999.900, 996.288, 991.863,-999.900,-999.900,-999.900,-999.900,-999.900,-999.900,-999.900,-999.900,-999.900,-999.900,-999.900,-999.900,-999.900,-999.900,-999.900,-999.900,-999.900,-999.900,-999.900,-999.900,-999.900,-999.900,-999.900,-999.900,-999.900,-999.900,-999.900,-999.900,-999.900,-999.900,-999.900,-999.900,-999.900,-999.900,-999.900,-999.900,-999.900,-999.900,-999.900,-999.900,-999.900,-999.900,-999.900,-999.900,-999.900,-999.900,-999.900,-999.900,-999.900,-999.900,-999.900,-999.900,-999.900,-999.900,
2036.587,2128.081,1919.375,1912.519,2204.756,2347.244,2455.475,2504.963,2339.206,2199.363,2101.894,2124.281,1764.819,1629.819,1073.238, 673.888, 653.712, 448.675, 341.094, 392.263, 409.250, 410.944, 991.438,1682.463,1782.469,1807.188,1822.094,1804.006,1419.725,1281.719,1279.581,1026.119, 667.925, 641.069, 657.525, 664.263, 565.125, 597.175, 720.669, 622.994, 820.338, 739.425, 934.012,1044.506,1150.762,1178.606,1146.869,1250.206,1552.631,1494.406,1536.787,1360.081,1454.475,1431.231, 836.231, 936.775, 907.162,1129.350,1038.556,1254.919,1381.931,1433.050,1432.269,1412.356,1430.431,1499.088,1704.775,1716.356,1715.838,1711.469,1700.819,1692.894,1941.938,1967.431,1928.025,1917.425,1885.031,1857.431,1803.706,1709.263,1478.613,1365.931,1372.206,1484.606,1578.906,1717.475,1853.156,2015.500,1973.306,1969.519,1963.306,1947.931,1917.394,1883.544,1852.044,1813.131,1549.563,1642.919,1631.844,1692.275,1767.200,1708.962,1754.650,1958.300,1950.100,1914.281,1968.131,1952.625,1915.844,1877.575,1843.150,1768.056,1635.550,1317.969, 956.225, 748.000, 816.969, 764.288, 874.031,1054.094,-999.900,-999.900,-999.900,-999.900,1137.419,-999.900,-999.900,-999.900,-999.900,-999.900,-999.900,-999.900,-999.900,-999.900,-999.900,-999.900,-999.900,-999.900,-999.900,-999.900,-999.900,-999.900,-999.900,-999.900,-999.900,-999.900,-999.900,-999.900,-999.900,-999.900,-999.900,-999.900,-999.900,-999.900,-999.900,-999.900,-999.900,-999.900,-999.900,-999.900,-999.900,-999.900,-999.900,-999.900,-999.900,-999.900,-999.900,-999.900,-999.900,-999.900,-999.900,-999.900,-999.900,-999.900,-999.900,-999.900,-999.900,-999.900,-999.900,-999.900,
2190.656,2040.188,1760.225,1721.650,1871.644,2085.650,2413.775,2462.712,2368.650,2489.650,2511.175,2455.300,2340.762,2268.706,2312.613,2239.438,1602.344,1139.181,1022.256, 461.444, 642.850, 614.975, 591.912,1310.512,2477.412,2767.400,2734.538,2600.644,1614.662,1460.938,1396.519,1386.631, 923.688, 756.231, 553.269, 323.625, 309.894, 319.719, 562.544, 511.388, 657.638, 718.712, 693.894, 924.000,1291.569,1279.281,1264.031,1262.619,1267.006,1281.963,1330.738,1309.287,1329.431,1340.631,1277.450,1301.381,1276.937,1277.000,1307.294,1379.863,1424.675,1465.056,1515.475,1618.912,1655.356,1701.825,1684.700,1691.063,1770.362,1772.856,1832.906,1895.669,1871.281,1859.425,1873.388,1963.569,1787.763,1736.569,1550.106,1394.163,1307.688,1229.394,1449.456,1541.706,1807.025,1964.931,2146.438,2251.637,2242.694,2225.294,2159.913,2178.288,1983.225,1947.919,1935.687,1867.200,1666.981,1566.781,1302.388,1286.662,1899.193,1970.113,2059.688,2059.000,2050.300,2001.956,1990.581,1970.131,1929.581,1884.950,1764.069,1652.512,1393.481,1148.256, 969.138, 930.250, 902.400, 906.119,1226.950,-999.900,-999.900,-999.900,-999.900,-999.900,1082.150,-999.900,-999.900,-999.900,-999.900,-999.900,-999.900,-999.900,-999.900,-999.900,-999.900,-999.900,-999.900,-999.900,-999.900,-999.900,-999.900,-999.900,-999.900,-999.900,-999.900,-999.900,-999.900,-999.900,-999.900,-999.900,-999.900,-999.900,-999.900,-999.900,-999.900,-999.900,-999.900,-999.900,-999.900,-999.900,-999.900,-999.900,-999.900,-999.900,-999.900,-999.900,-999.900,-999.900,-999.900,-999.900,-999.900,-999.900,-999.900,-999.900,-999.900,-999.900,-999.900,-999.900,-999.900,-999.900,
2477.456,2337.369,2061.894,1851.281,1417.750,1345.962,1393.344,1566.013,1649.569,1815.731,1106.569,1023.688,1586.444,2122.506,2616.462,2605.869,2503.637,2177.731,1668.331,1104.537, 554.831, 445.394, 452.306, 635.594,1924.069,1928.381,1269.619,1429.131,1698.707,1577.975,1403.675,1456.319,1104.356, 626.787, 630.100, 533.037, 412.619, 368.962, 577.406, 522.856, 529.613, 630.100, 731.612, 896.294,1313.663,1312.637,1344.425,1355.650,1340.363,1373.925,1387.212,1401.794,1414.556,1379.088,1397.744,1379.925,1377.188,1378.888,1462.063,1635.944,1557.813,1556.550,1603.744,1643.994,1651.987,1633.225,1720.950,1756.119,1815.675,1821.600,1828.187,1939.437,1920.975,1899.419,1914.981,1923.137,1812.825,1746.237,1551.787,1359.706,1327.313,1311.988,1537.050,1672.925,1937.994,2095.450,2258.731,2349.175,2335.500,2311.144,2235.200,2191.238,2060.262,2003.094,2008.600,1933.212,1786.319,1603.131,1334.406,1318.294,1977.838,2100.550,2113.506,2101.212,2075.344,2054.819,1997.131,1958.706,1891.681,1555.331,1660.537,1431.669,1225.975, 772.763, 803.513, 728.013, 901.769,1043.644,-999.900,-999.900,-999.900,-999.900,-999.900,-999.900,1044.200,1084.456,-999.900,-999.900,-999.900,-999.900,-999.900,-999.900,-999.900,-999.900,-999.900,-999.900,-999.900,-999.900,-999.900,-999.900,-999.900,-999.900,-999.900,-999.900,-999.900,-999.900,-999.900,-999.900,-999.900,-999.900,-999.900,-999.900,-999.900,-999.900,-999.900,-999.900,-999.900,-999.900,-999.900,-999.900,-999.900,-999.900,-999.900,-999.900,-999.900,-999.900,-999.900,-999.900,-999.900,-999.900,-999.900,-999.900,-999.900,-999.900,-999.900,-999.900,-999.900,-999.900,-999.900,-999.900,
2590.056,2620.975,2636.462,2651.731,2591.706,2393.038,2441.019,2123.044,1183.038,1161.050,1253.681,1583.919,1819.456,2165.081,2674.025,2725.044,2462.619,2429.338,2230.538,1992.513,1312.175, 880.756, 767.938, 502.450, 447.506, 590.800,1025.981, 823.519,1385.038,1569.969,1326.525, 733.006, 918.844, 860.494, 815.181, 694.094, 574.175, 470.006, 935.125, 907.913, 691.356, 528.150, 435.762, 784.844, 893.325,1068.531,1193.225,1196.212,1414.144,1480.750,1475.769,1465.894,1479.444,1492.369,1470.075,1452.819,1447.331,1429.813,1546.887,1592.319,1985.725,1936.012,1957.950,1933.537,1970.519,1971.869,1935.231,1946.294,1914.381,1876.013,1868.412,1846.469,1967.012,1937.106,1879.950,1786.488,1581.175,1687.669,1661.769,1385.237,1466.787,1479.537,1706.963,1923.413,2101.675,2211.406,2349.538,2378.619,2401.119,2374.844,2340.137,2307.031,2253.325,2227.544,2176.844,2067.456,1648.906,1587.631,1599.462,1635.606,2033.619,2018.381,2063.919,2113.613,2119.063,2082.150,1962.487,1859.156,1802.700,1733.438,1645.025,1357.887,1180.444, 991.419,1056.625, 993.719,1057.444,-999.900,-999.900,-999.900,-999.900,-999.900,-999.900,-999.900,1295.638,1325.281,1378.394,-999.900,-999.900,-999.900,-999.900,-999.900,-999.900,-999.900,-999.900,-999.900,-999.900,-999.900,-999.900,-999.900,-999.900,-999.900,-999.900,-999.900,-999.900,-999.900,-999.900,-999.900,-999.900,-999.900,-999.900,-999.900,-999.900,-999.900,-999.900,-999.900,-999.900,-999.900,-999.900,-999.900,-999.900,-999.900,-999.900,-999.900,-999.900,-999.900,-999.900,-999.900,-999.900,-999.900,-999.900,-999.900,-999.900,-999.900,-999.900,-999.900,-999.900,-999.900,-999.900,-999.900,
2696.069,2660.162,2773.469,-999.900,2755.406,2527.644,2513.813,2873.675,1646.619,2325.319,2599.113,2536.600,2882.831,2866.731,2888.950,2717.619,2588.044,2520.581,2355.819,2281.081,1932.188,1749.669,1614.769,1034.862,1034.162, 739.606, 650.394, 720.044,1359.850,1765.594,2058.825,1721.969, 697.231, 555.300, 697.619,1054.525,1032.188, 713.125,1296.725,1142.175,1183.288,1151.200, 729.188, 904.381, 940.906,1458.200,1592.675,1557.031,1584.544,1593.706,1591.238,1583.606,1590.556,1578.956,1547.931,1533.744,1528.187,1520.269,1717.256,1781.738,2069.556,2062.619,2060.025,2058.894,2053.787,2046.762,2005.075,1969.931,1962.744,1941.912,1906.256,1869.950,1988.025,2005.125,1809.325,1777.013,1719.050,1700.644,1635.025,1540.669,1491.281,1748.875,1815.863,2043.075,2213.681,2287.931,2340.656,2368.775,2458.462,2433.412,2372.856,2335.331,2308.537,2255.863,2203.069,2116.744,1734.325,1654.937,1652.163,1659.244,2133.131,2067.406,1901.844,1964.513,2048.150,2036.088,1940.112,1985.238,1908.881,1827.806,1576.494,1277.475,1082.950, 867.294, 979.394,1164.194,-999.900,-999.900,-999.900,-999.900,-999.900,-999.900,-999.900,-999.900,1459.487,-999.900,-999.900,-999.900,-999.900,-999.900,-999.900,-999.900,-999.900,-999.900,-999.900,-999.900,-999.900,-999.900,-999.900,-999.900,-999.900,-999.900,-999.900,-999.900,-999.900,-999.900,-999.900,-999.900,-999.900,-999.900,-999.900,-999.900,-999.900,-999.900,-999.900,-999.900,-999.900,-999.900,-999.900,-999.900,-999.900,-999.900,-999.900,-999.900,-999.900,-999.900,-999.900,-999.900,-999.900,-999.900,-999.900,-999.900,-999.900,-999.900,-999.900,-999.900,-999.900,-999.900,-999.900,-999.900,
2424.506,1948.463,1221.325,1686.362,2623.900,1139.313,3101.275,3281.031,3379.756,3368.681,3339.031,3311.319,3395.893,3337.863,3281.969,2973.987,2931.888,2704.850,2489.263,2341.519,1987.719,2104.950,2112.769,2142.406,1909.263,1601.844,1363.688,1006.069, 688.650,1212.606,1238.188, 945.806, 882.819, 546.850,1109.681, 629.550, 960.794,1427.931,1885.706,1914.719,2107.850,1863.213,1703.206,1714.619,1791.563,2056.525,1940.606,1927.150,2083.975,2066.850,2025.856,1952.131,1947.406,1928.200,1930.175,1937.094,1926.263,1908.188,2048.581,2215.625,2060.475,1981.581,2026.669,1994.556,2020.194,2002.987,2056.319,1988.131,1745.762,1704.525,1603.525,1706.137,1909.481,1780.869,1571.406,1542.450,1807.131,1764.306,1736.106,1689.169,1689.144,1642.819,1929.857,2243.306,2525.894,2523.650,2521.131,2509.469,2465.887,2449.425,2389.244,2353.256,2319.650,2274.325,2092.650,2012.825,1958.363,1973.281,1567.869,1594.600,1953.594,2091.306,2107.613,2061.731,2109.525,2145.444,2106.925,1997.900,1825.300,1701.744,1366.906,1278.938,1072.919, 860.519,1054.050,-999.900,-999.900,-999.900,-999.900,-999.900,-999.900,-999.900,-999.900,-999.900,-999.900,-999.900,-999.900,-999.900,-999.900,-999.900,-999.900,-999.900,-999.900,-999.900,-999.900,-999.900,-999.900,-999.900,-999.900,1008.938,-999.900,-999.900,-999.900,-999.900,-999.900,-999.900,-999.900,-999.900,-999.900,-999.900,-999.900,-999.900,-999.900,-999.900,-999.900,-999.900,-999.900,-999.900,-999.900,-999.900,-999.900,-999.900,-999.900,-999.900,-999.900,-999.900,-999.900,-999.900,-999.900,-999.900,-999.900,-999.900,-999.900,-999.900,-999.900,-999.900,-999.900,-999.900,-999.900,-999.900,
1098.606, 747.719, 787.288,1065.644,2144.244,2520.969, 908.375,1522.606,1956.119,2267.575,2765.625,2726.950,3510.112,3484.231,3461.937,3429.450,3388.944,2947.706,2454.537,2183.894,2077.900,1425.181,1695.600,2107.881,1692.012,1790.963,1718.638,1617.181,1378.806,1813.831,1423.169,1392.519,1103.813, 644.787, 392.400, 444.931, 486.494, 735.381,1331.275,1619.825,1805.575,2238.344,2185.331,2027.212,2041.706,2256.400,2067.944,2054.631,2200.119,2099.906,2100.418,2150.956,2048.575,2091.438,2067.981,2055.706,2033.619,2024.738,2315.812,2370.387,2271.675,2241.663,2221.956,2123.725,2145.294,2138.662,2183.238,2108.994,1757.837,1678.013,1608.288,1804.356,1854.194,1835.356,1658.800,1583.194,1845.088,1767.725,1765.906,1717.544,1750.687,1712.638,2231.650,2411.619,2585.312,2573.144,2560.350,2548.819,2524.025,2482.881,2455.731,2405.881,2360.525,2314.694,2124.800,2064.662,2035.713,2028.412,1622.969,1592.613,1983.544,2035.669,2150.713,2099.819,2198.431,2159.831,2113.706,1829.569,1681.237,1323.831,1305.975,1165.788,1157.506,1322.312,-999.900,-999.900,-999.900,-999.900,-999.900,-999.900,-999.900,-999.900,-999.900,1706.381,1627.912,-999.900,-999.900,-999.900,-999.900,-999.900,-999.900,-999.900,-999.900,-999.900,-999.900,1123.938,-999.900,-999.900,-999.900,-999.900,-999.900,-999.900,-999.900,-999.900,-999.900,-999.900,-999.900,-999.900,-999.900,-999.900,-999.900,-999.900,-999.900,-999.900,-999.900,-999.900,-999.900,-999.900,-999.900,-999.900,-999.900,-999.900,-999.900,-999.900,-999.900,-999.900,-999.900,-999.900,-999.900,-999.900,-999.900,-999.900,-999.900,-999.900,-999.900,-999.900,-999.900,-999.900,-999.900,-999.900,
