-999.9,-999.9,-999.9,-999.9,-999.9,-999.9,-999.9,-999.9,-999.9,-999.9,-999.9,-999.9, 286.4, 281.7, 275.2, 268.7, 264.3, 259.1, 262.6, 263.6, 264.3, 270.8, 278.9, 281.5, 284.7, 295.1, 292.1, 289.8, 285.8, 283.7, 282.5, 279.9, 275.2, 278.2, 274.7, 270.1, 267.4, 266.9, 261.7, 263.6, 250.8, 250.8, 256.7, 248.6, 241.3, 233.3, 228.6, 219.3, 211.4, 209.5, 209.6, 208.7, 202.4, 200.7, 198.0, 195.3, 183.5, 181.4, 180.5, 173.9, 175.0, 176.7, 177.7, 178.8, 176.8,-999.9,-999.9,-999.9,-999.9,-999.9,-999.9,-999.9,-999.9,-999.9,-999.9,-999.9,-999.9,-999.9,-999.9,-999.9,-999.9,-999.9,-999.9,-999.9,-999.9,-999.9,-999.9,-999.9,-999.9,-999.9,-999.9,-999.9,-999.9,-999.9,-999.9,-999.9,-999.9,-999.9,-999.9,-999.9,-999.9,-999.9,-999.9,-999.9,-999.9,-999.9,-999.9,-999.9,-999.9,-999.9,-999.9,-999.9,-999.9,-999.9,-999.9,-999.9, 136.5, 132.8, 127.1,-999.9, 115.4,-999.9,-999.9,-999.9,-999.9,-999.9,-999.9,-999.9,-999.9,-999.9,-999.9,-999.9,-999.9,-999.9,-999.9,-999.9, 123.7, 120.6, 118.1, 115.5,-999.9,-999.9,-999.9,-999.9,-999.9,-999.9,-999.9,-999.9,-999.9,-999.9,-999.9,-999.9,-999.9,-999.9,-999.9,-999.9,-999.9,-999.9,-999.9,-999.9,-999.9,-999.9,-999.9,-999.9,-999.9,-999.9,-999.9,-999.9,-999.9,-999.9,-999.9,-999.9,-999.9,-999.9,-999.9,-999.9,-999.9,-999.9,-999.9,-999.9,
-999.9,-999.9,-999.9,-999.9,-999.9,-999.9,-999.9,-999.9,-999.9,-999.9,-999.9,-999.9,-999.9, 297.4, 291.1, 282.1, 278.8, 278.5, 278.0, 280.7, 281.6, 284.9, 290.5, 293.3, 298.6, 304.1, 303.6, 302.7, 296.2, 301.2, 299.4, 294.3, 292.6, 291.7, 285.1, 276.0, 270.4, 270.0, 267.5, 261.4, 259.3, 255.3, 253.0, 247.0, 240.9, 231.8, 223.9, 222.5, 220.2, 219.4, 218.9, 218.9, 207.4, 205.3, 200.9, 195.0, 188.7, 186.5, 183.5, 178.3,-999.9,-999.9,-999.9,-999.9, 176.9, 177.7,-999.9,-999.9,-999.9,-999.9,-999.9,-999.9,-999.9,-999.9,-999.9,-999.9,-999.9,-999.9,-999.9,-999.9,-999.9,-999.9,-999.9,-999.9,-999.9,-999.9,-999.9,-999.9,-999.9,-999.9,-999.9,-999.9,-999.9,-999.9,-999.9,-999.9,-999.9,-999.9,-999.9,-999.9,-999.9,-999.9,-999.9,-999.9,-999.9,-999.9,-999.9,-999.9,-999.9,-999.9,-999.9,-999.9,-999.9,-999.9,-999.9,-999.9,-999.9,-999.9,-999.9,-999.9, 119.8, 118.4,-999.9,-999.9,-999.9,-999.9,-999.9,-999.9,-999.9,-999.9,-999.9,-999.9,-999.9,-999.9,-999.9,-999.9,-999.9,-999.9,-999.9,-999.9,-999.9,-999.9,-999.9,-999.9,-999.9,-999.9,-999.9,-999.9,-999.9,-999.9,-999.9,-999.9,-999.9,-999.9,-999.9,-999.9,-999.9,-999.9,-999.9,-999.9,-999.9,-999.9,-999.9,-999.9,-999.9,-999.9,-999.9,-999.9,-999.9,-999.9,-999.9,-999.9,-999.9,-999.9,-999.9,-999.9,-999.9,-999.9,-999.9,-999.9,
-999.9,-999.9,-999.9,-999.9,-999.9,-999.9,-999.9,-999.9, 344.3, 337.8, 332.7, 328.0, 324.0, 316.4, 306.1, 299.4, 294.2, 300.8, 297.9, 300.3, 296.2, 296.2, 298.1, 300.1, 302.6, 312.5, 317.0, 316.0, 308.9, 306.5, 304.5, 295.0, 291.8, 283.1, 281.7, 275.8, 273.7, 266.8, 263.1, 262.8, 259.8, 257.3, 255.4, 252.6, 244.9, 238.2, 234.2, 233.0, 226.5, 224.0, 221.2, 214.8, 211.6, 210.6, 204.7, 199.9, 196.1,-999.9,-999.9, 184.9, 178.4, 176.5, 178.4, 179.0, 179.1, 180.6, 176.9,-999.9,-999.9,-999.9,-999.9, 180.4,-999.9,-999.9,-999.9,-999.9,-999.9,-999.9,-999.9,-999.9,-999.9,-999.9,-999.9,-999.9,-999.9,-999.9,-999.9,-999.9, 259.4, 259.1,-999.9,-999.9,-999.9,-999.9,-999.9,-999.9,-999.9,-999.9,-999.9,-999.9,-999.9,-999.9,-999.9,-999.9,-999.9,-999.9,-999.9,-999.9,-999.9,-999.9,-999.9,-999.9,-999.9,-999.9,-999.9,-999.9,-999.9,-999.9,-999.9,-999.9,-999.9,-999.9, 124.7, 127.1, 130.9, 133.4,-999.9,-999.9,-999.9,-999.9,-999.9,-999.9,-999.9,-999.9,-999.9,-999.9,-999.9,-999.9,-999.9,-999.9,-999.9,-999.9,-999.9,-999.9,-999.9,-999.9,-999.9,-999.9,-999.9,-999.9,-999.9,-999.9,-999.9,-999.9,-999.9,-999.9,-999.9,-999.9,-999.9,-999.9,-999.9,-999.9,-999.9,-999.9,-999.9,-999.9,-999.9,-999.9,-999.9,-999.9,-999.9,-999.9,-999.9,-999.9,-999.9,-999.9,-999.9,-999.9,-999.9,-999.9,
-999.9, 391.2, 397.0, 392.5, 382.6, 382.8, 375.9, 373.6, 365.6, 361.1, 352.5, 346.9, 341.0, 337.4, 326.0, 317.5, 313.5, 316.0, 312.1, 312.8, 311.4, 311.7, 309.0, 310.5, 308.5, 316.3, 317.6, 316.8, 314.1, 305.1, 308.2, 303.3, 292.6, 292.6, 286.9, 282.1, 280.5, 274.3, 272.7, 270.4, 265.7, 263.1, 261.2, 259.4, 256.7, 245.2, 238.4, 238.0, 234.1, 228.3, 227.4, 223.7, 218.0, 211.6, 206.2, 203.5, 201.8, 200.9, 195.5, 192.5, 191.2, 188.4, 183.9, 179.4, 180.0, 179.0, 177.4, 174.6, 174.1, 176.1, 179.9, 187.5, 196.5, 206.3, 209.0, 217.4, 222.8, 232.1,-999.9,-999.9,-999.9,-999.9,-999.9,-999.9,-999.9,-999.9,-999.9, 271.3, 270.8, 269.3, 265.3, 258.5, 255.4, 254.8, 247.4, 235.2, 227.1, 218.5,-999.9,-999.9,-999.9,-999.9,-999.9,-999.9,-999.9,-999.9,-999.9,-999.9,-999.9,-999.9,-999.9,-999.9,-999.9,-999.9,-999.9,-999.9,-999.9,-999.9,-999.9,-999.9,-999.9,-999.9,-999.9, 135.5, 137.6, 140.5, 142.8,-999.9,-999.9,-999.9,-999.9,-999.9,-999.9,-999.9,-999.9,-999.9,-999.9,-999.9,-999.9,-999.9,-999.9,-999.9,-999.9,-999.9,-999.9,-999.9,-999.9,-999.9,-999.9,-999.9,-999.9,-999.9,-999.9,-999.9,-999.9,-999.9,-999.9,-999.9,-999.9,-999.9,-999.9,-999.9,-999.9,-999.9,-999.9,-999.9,-999.9,-999.9,-999.9,-999.9,-999.9,-999.9,-999.9,-999.9,-999.9,-999.9,-999.9,-999.9,-999.9,-999.9,
-999.9, 414.1, 412.7, 408.6, 407.5, 402.2, 392.6, 389.4, 380.3, 374.5, 367.5, 361.8, 355.7, 351.1, 345.1, 338.6, 335.0, 333.3, 329.4, 329.0, 327.8, 327.3, 325.6, 322.0, 321.0, 325.8, 329.6, 333.5, 325.4, 320.5, 318.9, 310.8, 304.3, 299.9, 295.3, 287.9, 284.3, 284.3, 281.1, 275.2, 269.0, 265.5, 262.8, 262.4, 259.1, 251.6, 247.0, 245.1, 242.1, 238.5, 233.7, 229.2, 226.1, 221.6, 217.8, 213.0, 212.9, 210.2, 205.4, 201.0, 196.0, 196.1, 191.7, 187.2, 184.1, 180.6, 176.0, 177.9, 175.8, 177.5, 184.3, 190.8, 199.5, 205.4, 212.8, 221.4, 233.2, 241.7, 247.0, 251.9, 254.7, 256.1, 263.2, 265.5, 283.0, 285.7, 286.5, 287.3, 284.6, 281.8, 278.6, 275.5, 271.4, 267.9, 257.2, 245.8, 234.5, 222.1,-999.9,-999.9,-999.9,-999.9,-999.9,-999.9,-999.9,-999.9,-999.9,-999.9,-999.9,-999.9,-999.9,-999.9,-999.9,-999.9,-999.9,-999.9,-999.9,-999.9,-999.9,-999.9,-999.9,-999.9, 139.8, 140.3,-999.9,-999.9,-999.9,-999.9,-999.9,-999.9,-999.9,-999.9,-999.9,-999.9,-999.9,-999.9,-999.9,-999.9,-999.9,-999.9,-999.9,-999.9,-999.9,-999.9,-999.9,-999.9,-999.9,-999.9,-999.9,-999.9,-999.9,-999.9,-999.9,-999.9,-999.9,-999.9,-999.9,-999.9,-999.9,-999.9,-999.9,-999.9,-999.9,-999.9,-999.9,-999.9,-999.9,-999.9,-999.9,-999.9,-999.9,-999.9,-999.9,-999.9,-999.9,-999.9,-999.9,-999.9,-999.9,-999.9,
-999.9,-999.9,-999.9,-999.9, 415.8, 414.7, 412.7, 404.6, 400.1, 387.9, 386.3, 378.1, 372.9, 366.1, 361.9, 358.5, 352.4, 348.0, 344.9, 345.8, 342.9, 343.1, 342.5, 339.1, 338.1, 334.1, 334.6, 334.9, 335.2, 332.0, 331.1, 321.7, 315.2, 309.4, 299.9, 296.3, 293.7, 288.7, 286.2, 279.7, 273.6, 272.2, 267.0, 264.4, 263.2, 253.9, 252.5, 246.4, 248.3, 241.7, 240.3, 239.1, 238.7, 235.0, 235.6, 231.9, 227.5, 223.2, 218.1, 215.3, 207.3, 203.8, 199.9, 196.8, 192.3, 186.6, 180.1, 177.4, 175.9, 184.5, 189.8, 198.5, 206.1, 214.2, 218.9, 228.7, 236.5, 247.0, 250.3, 255.5, 261.4, 267.3, 270.4, 275.3, 285.7, 291.8, 297.6, 301.8, 302.3, 300.0, 299.9, 293.1, 283.2, 277.6, 277.0, 264.5, 241.3, 229.8,-999.9,-999.9,-999.9,-999.9,-999.9,-999.9,-999.9,-999.9,-999.9,-999.9,-999.9,-999.9,-999.9,-999.9,-999.9,-999.9,-999.9,-999.9,-999.9,-999.9,-999.9, 141.0, 142.4, 147.8, 147.3, 151.8, 153.0, 155.6, 156.9, 160.2, 161.3, 163.6, 163.2, 164.5, 166.9, 163.0, 162.0, 162.3, 162.4, 157.2,-999.9,-999.9,-999.9,-999.9,-999.9,-999.9,-999.9,-999.9,-999.9,-999.9,-999.9,-999.9,-999.9,-999.9,-999.9,-999.9,-999.9,-999.9,-999.9,-999.9,-999.9,-999.9,-999.9,-999.9,-999.9,-999.9,-999.9,-999.9,-999.9,-999.9,-999.9,-999.9,-999.9,-999.9,-999.9,-999.9,-999.9,-999.9,-999.9,-999.9,-999.9,-999.9,
 462.8, 452.3, 446.6,-999.9, 435.9, 425.4, 424.6, 419.1, 412.7, 410.7, 405.0, 399.6, 390.8, 384.1, 375.4, 371.1, 367.2, 364.4, 362.8, 362.6, 366.6, 360.9, 361.6, 356.5, 350.9, 348.8, 347.7, 344.5, 345.4, 337.7, 336.6, 331.2, 325.3, 318.5, 310.9, 306.4, 300.4, 292.5, 288.2, 281.7, 276.2, 271.3, 269.8, 263.1, 258.9, 259.6, 261.7, 255.7, 259.0, 259.8, 257.5, 255.4, 250.5, 247.6, 245.4, 242.0, 237.9, 235.3, 230.8, 224.3, 220.0, 214.8, 210.3, 203.1, 198.7, 198.5, 195.7, 189.7, 185.1, 191.2, 198.5, 205.1, 210.2, 220.0, 229.1, 235.0, 246.9, 254.7, 258.4, 263.7, 273.0, 275.4, 276.8, 282.8, 289.1, 299.0, 303.6, 308.1, 314.4, 310.4, 311.4, 315.5, 311.7, 300.3, 293.4, 278.0, 265.0, 239.0,-999.9,-999.9,-999.9,-999.9,-999.9,-999.9,-999.9, 179.3,-999.9,-999.9,-999.9,-999.9,-999.9,-999.9,-999.9,-999.9,-999.9,-999.9,-999.9,-999.9,-999.9, 147.0, 155.0, 156.4, 158.8, 157.3, 162.9, 163.7, 165.8, 170.8, 171.7, 172.6, 171.5, 172.2, 172.7, 173.3, 173.1, 174.6, 172.1, 170.4, 168.2, 163.6,-999.9,-999.9,-999.9,-999.9,-999.9,-999.9,-999.9,-999.9,-999.9,-999.9,-999.9,-999.9,-999.9,-999.9,-999.9,-999.9,-999.9,-999.9,-999.9,-999.9,-999.9,-999.9,-999.9,-999.9,-999.9,-999.9,-999.9,-999.9,-999.9,-999.9,-999.9,-999.9,-999.9,-999.9,-999.9,-999.9,-999.9,-999.9,-999.9,-999.9,
 482.5, 476.9, 466.7, 458.2, 455.0,-999.9, 439.8, 435.0, 431.3, 430.1, 423.2, 417.7, 409.5, 399.0, 393.7, 388.6, 385.1, 386.1, 384.9, 384.0, 384.5, 380.9, 374.4, 372.9, 367.8, 361.1, 364.5, 359.5, 355.1, 346.5, 344.1, 339.4, 330.9, 325.1, 318.5, 311.8, 308.0, 300.6, 295.8, 288.0, 283.3, 277.3, 272.5, 267.8, 269.0, 270.2, 269.0, 266.5, 265.7, 266.5, 265.3, 262.7, 261.1, 259.9, 257.5, 254.5, 252.9, 250.8, 245.9, 240.6, 236.5, 233.5, 223.0, 219.0, 210.6, 211.4, 206.3, 201.3, 209.3, 203.1, 204.5, 210.3, 218.4, 229.5, 234.6, 244.6, 252.7, 262.5, 266.7, 270.3, 276.4, 279.7, 284.0, 292.3, 298.2, 307.8, 324.9, 329.0, 328.9, 330.8, 320.8, 326.4, 329.2, 320.6, 312.1, 297.6, 278.6, 255.3, 240.3,-999.9,-999.9,-999.9,-999.9,-999.9, 189.1, 184.7, 180.9, 177.0, 171.5, 170.3, 165.2, 160.8, 160.2, 157.2, 154.6, 156.2, 155.7, 154.6, 156.6, 156.5, 161.5, 161.5, 164.4, 167.4, 169.5, 171.3, 173.8, 174.9, 178.8, 181.4, 183.3, 182.9, 180.5, 181.2, 182.4, 180.3, 182.3, 178.9, 171.3, 172.1, 168.1, 169.4, 170.1, 167.0,-999.9,-999.9,-999.9,-999.9,-999.9,-999.9,-999.9,-999.9,-999.9,-999.9,-999.9,-999.9,-999.9,-999.9,-999.9,-999.9,-999.9,-999.9,-999.9,-999.9,-999.9,-999.9,-999.9,-999.9,-999.9,-999.9,-999.9,-999.9,-999.9,-999.9,-999.9,-999.9,-999.9,-999.9,-999.9,-999.9,
 500.8, 493.2, 485.7, 477.4, 470.6, 467.5, 464.7, 455.4, 445.1, 445.4, 438.7, 431.1, 423.7, 416.2, 412.9, 410.7, 407.3, 405.8, 404.3, 400.9, 399.5, 398.4, 397.9, 396.1, 391.5, 391.2, 387.8, 379.6, 375.8, 369.4, 359.3, 347.4, 342.9, 335.1, 328.1, 320.5, 314.9, 309.0, 304.3, 301.8, 296.1, 292.1, 291.5, 290.9, 282.0, 280.8, 275.2, 273.1, 271.0, 268.5, 270.3, 270.3, 275.4, 274.2, 269.6, 273.4, 273.8, 272.5, 264.4, 254.5, 253.5, 249.9, 243.5, 237.3, 225.6, 221.4, 215.2, 218.4, 224.5, 222.7, 217.3, 219.1, 227.5, 237.7, 244.1, 249.8, 260.4, 270.1, 270.5, 277.5, 283.2, 286.2, 291.6, 306.8, 309.8, 316.9, 330.8, 337.9, 335.7, 328.1, 325.7, 323.7, 327.7, 326.4, 327.8, 311.9, 302.0, 284.3, 263.2, 240.6, 233.5, 217.0, 206.4, 199.1, 194.4, 187.3, 183.0, 178.1, 178.9, 177.8, 172.1, 164.4, 164.8, 161.0, 163.3, 166.1, 163.2, 161.0, 160.3, 166.1, 166.9, 171.8, 171.9, 177.6, 176.5, 177.4, 181.8, 183.3, 188.0, 188.4, 189.2, 193.1, 191.9, 190.0, 189.9, 190.5, 186.5, 187.5, 188.9, 184.6, 184.0, 182.1, 180.2, 179.0, 180.0, 176.3, 178.1, 177.3, 178.6, 179.7, 176.4, 174.5, 168.6, 166.8, 160.5, 160.1, 156.9, 152.9, 148.5,-999.9,-999.9,-999.9,-999.9,-999.9,-999.9,-999.9,-999.9,-999.9,-999.9,-999.9,-999.9,-999.9,-999.9,-999.9,-999.9,-999.9,-999.9,-999.9,-999.9,-999.9,
 521.2, 511.5, 504.5, 492.2, 489.3, 481.5, 480.8, 476.8, 471.0, 460.9, 453.6, 447.7, 441.4, 434.6, 434.3, 431.7, 427.5, 427.1, 433.3, 427.0, 429.7, 433.8, 442.7, 436.0, 437.9, 440.5, 430.0, 426.0, 410.4, 400.1, 392.5, 386.9, 380.8, 369.1, 354.2, 344.4, 334.9, 328.3, 325.5, 319.0, 305.8, 297.6, 284.4, 288.5, 278.3, 281.3, 272.7, 270.3, 272.0, 277.4, 281.5, 282.7, 280.6, 284.3, 278.9, 281.9, 278.8, 282.2, 284.5, 274.3, 265.6, 262.1, 256.9, 249.8, 236.7, 232.9, 229.1, 240.3, 241.4, 239.5, 238.8, 234.4, 234.7, 243.0, 249.5, 259.0, 267.2, 274.0, 275.2, 280.3, 289.9, 297.2, 308.5, 316.2, 318.5, 321.9, 325.2, 336.3, 335.7, 334.6, 334.2, 330.1, 334.1, 333.0, 335.4, 329.2, 318.1, 311.9, 288.2, 269.3, 255.8, 235.0, 220.4, 204.8, 198.1, 190.8, 187.8, 186.2, 192.6, 189.3, 178.9, 174.3, 169.4, 169.4, 168.8, 173.8, 171.0, 173.4, 172.6, 176.6, 181.6, 182.3, 183.9, 182.2, 185.4, 184.8, 188.3, 192.0, 193.9, 198.6, 198.2, 199.2, 201.5, 200.4, 199.8, 198.5, 201.4, 200.2, 200.7, 198.5, 197.9, 193.2, 190.7, 190.8, 193.5, 195.8, 192.7, 193.4, 187.3, 187.1, 189.3, 184.3, 181.9, 175.1, 173.7, 167.7, 167.6, 163.4, 159.7, 153.9,-999.9,-999.9,-999.9,-999.9,-999.9,-999.9,-999.9,-999.9,-999.9,-999.9,-999.9,-999.9,-999.9,-999.9,-999.9,-999.9,-999.9,-999.9,-999.9,-999.9,
 543.3, 536.3, 527.0, 517.2, 508.8, 507.1, 502.1, 498.5, 490.7, 482.0, 475.1, 461.7, 460.3, 453.8, 452.5, 446.3, 447.7, 457.7, 457.7, 450.1, 448.6, 457.5, 465.5, 473.1, 486.3, 475.7, 459.8, 451.6, 437.1, 429.1, 431.5, 422.3, 407.5, 393.3, 380.1, 377.9, 374.0, 353.5, 342.2, 332.3, 320.3, 310.4, 293.0, 285.7, 280.7, 279.0, 277.5, 281.5, 284.7, 285.1, 291.2, 296.3, 302.1, 295.5, 292.7, 297.7, 296.4, 297.7, 299.5, 290.0, 273.9, 271.9, 273.0, 262.4, 256.0, 246.3, 252.3, 262.2, 257.3, 260.6, 259.3, 257.9, 253.0, 251.3, 256.2, 266.9, 271.0, 281.0, 285.5, 288.9, 301.6, 309.0, 315.2, 320.4, 321.9, 324.9, 326.6, 337.1, 338.5, 336.0, 336.5, 334.9, 339.3, 340.9, 345.4, 346.5, 334.4, 332.7, 323.7, 304.6, 270.8, 247.3, 225.3, 208.6, 201.2, 195.2, 197.9, 196.9, 198.7, 184.1, 182.0, 178.3, 183.6, 191.3, 188.3, 194.7, 196.2, 198.5, 198.9, 211.9, 206.7, 203.4, 206.1, 204.0, 204.7, 199.5, 206.9, 203.6, 202.8, 205.7, 209.1, 206.2, 207.5, 206.4, 206.4, 212.2, 212.4, 214.7, 210.1, 207.0, 206.3, 209.8, 205.3, 201.0, 207.1, 205.7, 208.8, 202.3, 201.3, 204.2, 202.2, 199.5, 194.9, 189.8, 186.9, 181.6, 178.0, 176.6, 172.9, 168.8,-999.9,-999.9,-999.9,-999.9,-999.9,-999.9,-999.9, 151.6,-999.9,-999.9,-999.9,-999.9,-999.9,-999.9,-999.9, 126.7, 125.9, 126.1, 132.4,-999.9,
 561.3, 554.4, 544.2, 537.3, 527.0, 518.2, 515.2, 509.8, 506.1, 501.9, 494.9, 484.0, 473.3, 467.2, 467.4, 472.4, 475.6, 467.3, 456.6, 456.5, 479.8, 482.0, 485.2, 485.0, 488.7, 484.7, 476.4, 462.5, 459.5, 464.6, 471.9, 464.4, 446.1, 429.6, 413.3, 410.8, 398.0, 369.6, 347.8, 331.3, 323.5, 308.8, 296.5, 288.1, 279.3, 277.2, 278.2, 275.7, 282.9, 288.5, 290.4, 293.2, 296.8, 297.5, 295.0, 298.4, 294.3, 291.9, 294.2, 293.8, 290.1, 286.9, 281.5, 278.4, 273.7, 267.6, 278.8, 270.1, 263.3, 263.4, 265.8, 270.9, 267.7, 265.9, 264.0, 273.2, 276.7, 288.7, 290.7, 296.6, 302.5, 309.6, 316.2, 318.7, 324.9, 327.9, 335.0, 338.6, 342.3, 340.6, 341.0, 342.0, 340.6, 352.8, 362.1, 359.5, 358.6, 359.8, 334.3, 311.7, 286.3, 264.8, 236.4, 216.3, 210.9, 210.0, 199.6, 194.2, 185.8, 185.5, 185.8, 191.0, 192.0, 199.6, 197.2, 200.7, 203.6, 208.3, 208.7, 214.5, 207.7, 204.3, 204.1, 214.7, 214.1, 214.5, 208.0, 210.7, 208.2, 213.6, 219.0, 213.2, 212.7, 211.1, 216.9, 211.1, 218.6, 221.7, 222.0, 218.0, 214.3, 213.7, 210.6, 215.4, 213.0, 214.6, 217.5, 213.8, 213.8, 213.8, 213.4, 207.4, 203.2, 196.8, 195.2, 191.7, 191.2, 188.7, 186.1, 182.2, 177.7, 172.7, 167.6, 167.0, 174.8, 176.2, 175.2, 181.2, 180.0, 177.3, 172.9, 167.2, 153.9, 146.7, 139.7, 136.1, 137.4, 138.9,-999.9,-999.9,
 582.4, 575.5, 564.3, 558.8, 550.3, 537.7, 531.6, 526.6, 514.9, 509.2, 497.1, 487.1, 494.4, 491.5, 493.5, 494.2, 498.7, 483.5, 471.3, 479.6, 481.0, 478.8, 474.0, 468.6, 464.1, 477.2, 471.1, 471.3, 455.8, 457.6, 464.0, 458.1, 449.2, 433.8, 416.3, 404.9, 400.7, 395.8, 373.1, 348.5, 329.0, 317.2, 297.9, 285.4, 273.8, 276.9, 279.1, 278.8, 277.0, 275.0, 278.9, 274.2, 285.5, 284.9, 283.6, 284.1, 285.5, 285.3, 283.9, 289.7, 291.3, 293.1, 294.6, 287.7, 284.5, 288.7, 279.2, 272.2, 270.6, 274.3, 272.3, 272.4, 274.2, 278.2, 278.5, 279.0, 283.3, 290.4, 296.3, 301.6, 305.9, 311.0, 314.2, 318.9, 323.8, 332.8, 337.9, 345.5, 342.6, 350.4, 351.7, 348.7, 339.5, 352.0, 355.9, 360.1, 358.4, 372.4, 344.5, 327.9, 296.1, 268.1, 248.3, 244.2, 226.1, 210.4, 199.4, 196.9, 185.0, 189.8, 195.6, 194.8, 194.2, 199.5, 212.2, 219.8, 225.7, 213.0, 219.0, 231.7, 224.0, 216.8, 217.2, 216.9, 211.7, 205.0, 205.0, 209.6, 212.4, 215.4, 219.7, 218.5, 220.2, 220.8, 221.6, 223.9, 227.0, 229.1, 228.0, 227.3, 227.2, 229.8, 221.9, 224.4, 224.9, 226.9, 228.4, 224.4, 227.8, 223.7, 223.2, 215.4, 212.4, 210.7, 208.9, 204.8, 202.3, 201.4, 197.7, 197.2, 192.0, 188.3, 182.0, 178.5, 185.0, 192.0, 190.2, 188.8, 191.2, 200.0, 199.0, 183.5, 181.1, 174.9, 165.5, 152.4, 153.4, 158.8, 158.6, 160.7,
 602.0, 595.1, 586.1, 577.1, 563.6, 553.1, 534.1, 523.7, 519.8, 506.6, 498.5, 497.3, 513.6, 517.0, 516.5, 519.6, 504.4, 494.9, 483.8, 488.4, 482.4, 485.6, 487.0, 483.0, 485.7, 471.9, 477.8, 471.4, 457.5, 468.3, 454.4, 448.3, 435.6, 436.5, 423.0, 408.0, 391.3, 382.0, 373.2, 370.5, 341.0, 319.1, 305.3, 293.3, 275.1, 279.4, 286.9, 295.2, 289.0, 293.1, 293.6, 298.3, 296.5, 296.1, 292.4, 288.8, 291.5, 288.1, 288.8, 293.9, 292.3, 297.0, 306.0, 297.3, 289.9, 288.9, 281.3, 281.7, 276.7, 273.9, 276.2, 275.2, 280.5, 280.1, 277.6, 282.6, 291.2, 301.4, 305.0, 306.3, 308.1, 316.1, 320.9, 327.0, 331.0, 338.1, 344.9, 353.0, 347.4, 350.4, 352.8, 352.1, 352.2, 372.6, 376.0, 376.8, 382.1, 382.8, 347.6, 340.1, 310.6, 275.5, 263.7, 247.3, 225.5, 212.9, 209.0, 203.8, 202.4, 195.0, 198.7, 205.6, 215.0, 219.4, 218.9, 219.0, 238.3, 266.5, 223.8, 241.3, 246.5, 236.1, 234.2, 233.4, 209.6, 207.9, 208.6, 213.9, 216.5, 221.9, 220.2, 227.8, 229.2, 231.7, 232.9, 234.4, 241.4, 237.7, 238.6, 239.0, 241.8, 243.6, 241.8, 237.6, 236.0, 237.6, 237.0, 239.6, 239.1, 235.8, 233.3, 225.8, 226.0, 221.9, 219.4, 218.2, 216.3, 218.0, 212.4, 209.2, 204.7, 200.8, 195.5, 189.7, 191.5, 194.9, 198.3, 197.4, 203.8, 199.9, 200.8, 202.7, 197.0, 188.1, 179.8, 172.0, 166.3, 183.4, 184.9, 182.2,
 622.5, 608.4, 599.3, 582.5, 567.7, 553.7, 539.7, 525.5, 514.1, 502.8, 491.5, 509.3, 536.8, 539.9, 540.4, 530.6, 533.1, 529.9, 529.6, 533.1, 520.2, 509.8, 498.0, 483.8, 483.6, 489.7, 482.7, 479.5, 465.1, 448.9, 451.0, 437.8, 436.7, 426.4, 421.6, 419.1, 399.4, 380.4, 365.4, 354.7, 340.1, 322.1, 295.3, 289.1, 286.2, 290.4, 298.9, 307.8, 302.8, 309.6, 307.7, 306.2, 299.7, 308.9, 307.3, 305.2, 301.0, 303.7, 308.6, 309.4, 311.9, 310.3, 306.4, 305.2, 296.8, 297.4, 286.3, 282.7, 284.5, 281.3, 282.3, 280.0, 275.0, 278.2, 286.5, 292.1, 294.1, 298.1, 302.8, 311.6, 316.7, 329.3, 333.7, 335.9, 341.7, 344.6, 348.0, 356.2, 350.4, 350.4, 352.6, 349.4, 359.0, 374.3, 376.2, 371.7, 385.1, 373.4, 348.9, 324.0, 302.3, 278.3, 266.2, 256.4, 239.4, 218.5, 207.4, 198.6, 196.1, 200.4, 207.9, 201.3, 201.4, 214.4, 220.5, 251.1, 259.0, 276.2, 254.5, 224.8, 235.0, 225.5, 223.3, 237.9, 225.0, 215.0, 216.0, 214.8, 217.1, 223.4, 228.7, 231.7, 234.3, 234.9, 238.9, 254.5, 257.1, 253.1, 255.4, 255.5, 251.8, 255.2, 253.2, 255.4, 255.7, 254.2, 248.9, 252.5, 248.9, 243.0, 240.3, 238.4, 237.2, 238.1, 236.8, 236.0, 232.4, 229.9, 239.2, 237.0, 227.6, 216.1, 205.4, 201.3, 203.0, 208.5, 215.9, 219.3, 221.1, 215.2, 209.0, 200.2, 198.5, 197.4, 191.7, 183.0, 187.1, 198.3, 211.3, 209.3,
 624.4, 609.0, 593.5, 581.9, 566.9, 555.8, 536.3, 523.7, 509.4, 498.2, 505.4, 527.7, 544.9, 553.4, 555.1, 554.6, 564.5, 558.9, 558.1, 552.7, 530.1, 513.2, 505.3, 504.8, 499.0, 484.4, 476.0, 476.2, 464.2, 460.7, 450.7, 444.1, 433.5, 433.2, 430.0, 412.8, 410.4, 396.5, 374.7, 365.0, 343.6, 321.9, 312.3, 312.9, 308.7, 318.6, 318.0, 317.2, 315.5, 314.7, 317.2, 318.9, 314.0, 311.6, 310.0, 307.6, 310.2, 312.9, 313.5, 312.2, 309.6, 314.9, 311.2, 314.0, 304.2, 299.7, 290.5, 289.6, 286.4, 287.6, 290.7, 287.3, 289.1, 291.8, 294.0, 297.7, 299.8, 304.4, 305.0, 309.4, 312.8, 326.8, 331.0, 340.3, 345.2, 347.6, 352.4, 351.7, 349.2, 355.1, 353.4, 350.8, 359.8, 376.1, 379.1, 380.5, 380.7, 381.7, 356.2, 324.4, 301.7, 287.2, 274.7, 257.3, 238.4, 226.3, 213.8, 216.5, 218.9, 221.9, 209.7, 202.9, 215.9, 221.6, 224.1, 236.3, 263.3, 279.8, 280.9, 281.2, 258.1, 238.2, 234.5, 242.3, 246.2, 228.8, 255.1, 246.3, 243.3, 233.9, 236.3, 238.5, 238.1, 243.0, 250.0, 259.0, 264.4, 262.8, 266.8, 267.9, 267.8, 266.4, 264.5, 263.0, 266.0, 269.0, 267.1, 265.1, 261.5, 257.3, 252.3, 250.7, 250.4, 252.6, 254.0, 256.3, 253.2, 249.3, 243.4, 241.3, 244.7, 238.7, 226.8, 224.0, 218.3, 226.0, 231.2, 235.6, 236.9, 226.1, 227.9, 228.9, 222.5, 222.8, 205.9, 192.3, 195.6, 201.5, 217.8, 234.4,
 621.4, 607.2, 598.7, 584.8, 568.5, 556.5, 535.8, 522.3, 513.1, 500.7, 523.5, 539.8, 549.1, 557.1, 569.6, 567.7, 561.2, 560.1, 563.6, 545.8, 549.1, 538.2, 515.0, 513.4, 513.7, 505.0, 484.1, 466.4, 469.3, 474.2, 463.8, 460.4, 437.7, 440.8, 436.8, 424.0, 407.8, 399.0, 389.6, 376.8, 357.8, 334.9, 340.7, 334.8, 329.9, 332.1, 335.8, 330.1, 327.5, 333.2, 331.1, 329.7, 334.6, 326.6, 325.1, 326.3, 334.7, 331.9, 333.6, 321.0, 314.5, 314.0, 321.6, 319.0, 312.7, 307.5, 304.3, 293.5, 287.9, 292.1, 286.0, 292.7, 288.5, 296.5, 299.1, 301.0, 302.4, 298.2, 303.3, 303.9, 311.6, 318.2, 327.7, 335.4, 341.1, 346.7, 353.4, 347.5, 347.0, 344.8, 351.0, 356.0, 376.4, 382.8, 384.3, 385.9, 381.3, 368.5, 347.5, 333.7, 315.0, 303.5, 284.9, 260.7, 248.9, 233.2, 234.1, 234.3, 223.9, 237.6, 250.1, 243.5, 248.1, 241.2, 249.4, 256.3, 275.4, 288.6, 297.5, 307.8, 308.2, 273.1, 258.3, 248.2, 243.6, 230.8, 245.1, 274.4, 292.6, 306.7, 281.1, 269.5, 258.5, 252.8, 254.0, 254.8, 259.9, 264.8, 270.7, 272.1, 275.2, 282.3, 285.0, 283.4, 281.2, 283.1, 275.6, 269.3, 265.5, 265.4, 259.9, 263.0, 263.9, 268.7, 261.2, 259.9, 265.8, 266.1, 258.7, 257.5, 253.9, 239.1, 233.8, 236.0, 231.4, 231.5, 230.0, 240.5, 240.5, 238.5, 235.0, 232.0, 233.6, 230.6, 216.1, 223.3, 224.9, 228.6, 243.7, 250.4,
 618.1, 608.2, 595.2, 579.9, 564.9, 551.9, 536.8, 522.0, 503.7, 511.4, 526.7, 536.7, 548.4, 560.2, 568.4, 574.9, 575.7, 569.9, 567.5, 566.4, 556.3, 542.1, 525.6, 528.4, 514.9, 501.1, 503.8, 494.4, 472.9, 471.8, 468.8, 463.4, 461.2, 446.5, 433.7, 424.5, 419.1, 404.4, 389.8, 376.0, 368.5, 355.0, 351.8, 349.3, 347.9, 348.9, 344.0, 344.0, 337.9, 342.3, 342.1, 345.7, 343.7, 344.5, 336.5, 339.1, 339.9, 342.8, 337.2, 334.9, 327.6, 318.8, 322.5, 321.2, 312.0, 304.1, 298.9, 291.3, 285.8, 283.0, 293.2, 295.8, 295.8, 299.9, 300.1, 298.2, 301.6, 296.7, 302.6, 302.4, 309.1, 313.6, 325.1, 332.0, 332.7, 343.1, 346.5, 345.2, 346.1, 344.6, 344.7, 353.6, 365.9, 374.8, 378.7, 382.8, 385.7, 373.2, 370.4, 355.8, 339.6, 320.6, 288.2, 281.1, 268.6, 250.4, 252.1, 254.9, 252.5, 262.4, 260.6, 251.4, 267.7, 261.4, 277.2, 297.4, 312.2, 315.3, 330.9, 328.3, 323.1, 312.8, 309.6, 295.7, 272.0, 250.3, 233.5, 247.1, 266.7, 286.9, 308.5, 314.0, 314.0, 306.8, 288.9, 285.4, 274.1, 280.9, 285.2, 283.4, 290.7, 297.2, 300.1, 301.0, 296.5, 293.6, 277.5, 286.9, 284.8, 281.1, 274.9, 272.3, 267.0, 270.8, 269.0, 272.9, 275.3, 275.3, 269.4, 270.4, 263.8, 254.5, 249.3, 248.4, 250.6, 246.0, 262.3, 265.5, 275.2, 272.9, 266.8, 256.7, 258.0, 243.2, 244.2, 247.9, 248.4, 258.2, 265.6, 268.7,
 600.3, 601.5, 587.6, 574.9, 560.3, 545.5, 530.3, 515.0, 503.2, 510.6, 523.5, 534.3, 545.0, 557.1, 568.2, 582.9, 586.3, 581.9, 577.2, 559.9, 559.9, 554.5, 543.8, 530.3, 526.2, 504.9, 505.6, 503.9, 493.4, 473.3, 474.4, 464.5, 457.9, 445.5, 445.6, 429.2, 412.6, 398.9, 385.8, 374.1, 368.0, 358.4, 354.8, 362.3, 358.7, 364.9, 365.4, 360.4, 356.7, 349.0, 347.4, 347.5, 345.8, 342.2, 343.4, 340.5, 343.6, 347.9, 343.8, 339.4, 335.6, 333.5, 330.0, 320.8, 311.2, 312.4, 308.5, 302.8, 294.2, 291.0, 296.3, 297.3, 301.2, 303.2, 304.2, 303.9, 304.1, 297.6, 298.1, 304.3, 304.3, 310.3, 317.1, 322.2, 330.1, 339.8, 339.8, 341.7, 339.0, 334.4, 336.2, 338.7, 353.2, 362.1, 375.7, 366.7, 382.4, 377.9, 389.5, 379.9, 352.7, 334.2, 314.1, 296.1, 288.3, 273.4, 273.4, 271.3, 267.9, 276.2, 277.4, 282.2, 278.9, 284.3, 292.4, 300.4, 320.1, 336.6, 346.0, 339.6, 338.0, 337.4, 325.9, 309.1, 302.5, 276.6, 265.2, 265.8, 265.9, 262.3, 271.1, 281.9, 295.9, 313.0, 322.8, 318.3, 314.6, 314.1, 307.0, 303.2, 304.2, 313.6, 307.7, 307.8, 310.4, 302.8, 291.8, 285.1, 286.8, 280.4, 283.0, 265.9, 269.6, 272.5, 282.2, 286.6, 283.1, 281.1, 280.8, 274.1, 272.5, 269.3, 270.4, 264.8, 268.6, 282.8, 292.3, 288.3, 299.2, 305.2, 289.9, 290.2, 270.8, 277.8, 267.7, 264.2, 271.7, 280.3, 284.2, 294.0,
 575.2, 584.5, 582.1, 567.4, 554.7, 536.4, 522.6, 510.1, 513.6, 518.8, 529.1, 540.0, 552.3, 565.8, 577.5, 586.8, 591.0, 586.8, 589.6, 577.7, 573.5, 577.4, 562.3, 552.3, 537.3, 524.9, 523.6, 503.9, 485.0, 485.8, 479.9, 462.8, 462.8, 456.5, 441.1, 430.5, 420.4, 410.3, 401.0, 387.5, 373.0, 357.1, 358.0, 355.7, 364.7, 367.7, 374.3, 382.5, 375.0, 368.4, 363.4, 357.1, 356.3, 351.2, 342.2, 343.7, 340.1, 336.7, 338.6, 337.3, 333.8, 329.3, 319.6, 319.6, 315.1, 317.4, 318.5, 315.1, 311.5, 302.5, 300.9, 300.3, 301.5, 297.2, 299.7, 300.8, 300.9, 297.6, 298.4, 301.1, 304.5, 307.7, 314.4, 318.8, 327.4, 330.3, 335.8, 335.1, 336.8, 329.1, 332.0, 335.2, 341.5, 346.7, 356.8, 365.4, 376.5, 383.6, 390.0, 375.3, 369.1, 350.0, 332.5, 323.7, 309.9, 288.6, 295.6, 292.4, 292.3, 292.9, 289.8, 283.7, 299.9, 312.0, 322.5, 330.1, 335.6, 339.5, 339.6, 339.6, 343.7, 349.0, 332.2, 327.9, 310.9, 284.0, 264.0, 294.4, 291.8, 278.2, 302.0, 322.7, 322.0, 278.9, 304.7, 338.7, 335.8, 339.2, 330.5, 311.7, 308.5, 311.7, 316.7, 318.3, 309.7, 299.8, 299.1, 288.7, 282.3, 279.8, 265.8, 269.5, 281.7, 283.2, 290.2, 295.9, 307.9, 300.8, 294.7, 291.5, 266.0, 259.2, 268.1, 273.4, 282.8, 293.0, 300.9, 302.5, 305.3, 307.6, 306.3, 303.0, 300.5, 301.5, 294.4, 296.9, 299.9, 305.3, 313.0, 324.6,
 548.2, 551.7, 559.3, 562.6, 547.3, 530.7, 514.7, 513.6, 521.9, 532.0, 542.3, 550.0, 557.3, 572.5, 583.0, 592.3, 600.6, 598.4, 590.1, 588.7, 578.9, 569.6, 567.8, 560.8, 544.3, 535.2, 541.8, 515.4, 500.8, 487.7, 485.5, 468.4, 452.5, 445.2, 449.1, 431.3, 425.7, 411.1, 398.9, 385.4, 376.4, 371.6, 367.4, 367.8, 368.4, 371.3, 376.9, 384.3, 378.0, 372.6, 365.7, 363.5, 360.5, 356.4, 346.0, 340.6, 341.6, 336.6, 332.6, 328.8, 325.9, 323.7, 319.6, 312.6, 316.6, 322.3, 324.2, 321.8, 319.3, 313.8, 312.3, 304.4, 298.9, 298.8, 301.0, 299.3, 299.4, 299.2, 297.9, 299.1, 301.5, 305.0, 308.1, 313.6, 323.2, 325.3, 327.4, 325.1, 325.6, 322.4, 322.4, 324.6, 341.7, 345.1, 357.0, 375.6, 389.2, 392.2, 369.6, 377.1, 373.9, 356.4, 361.6, 355.9, 336.8, 331.9, 325.6, 322.0, 319.3, 317.0, 325.3, 311.7, 324.8, 339.9, 348.3, 357.5, 355.4, 357.2, 354.7, 347.1, 343.0, 337.8, 324.4, 319.0, 300.3, 292.3, 281.7, 286.0, 283.9, 276.8, 298.4, 306.1, 328.7, 317.5, 306.8, 298.1, 315.7, 330.7, 333.0, 331.4, 322.6, 317.8, 325.3, 324.9, 319.9, 307.5, 301.1, 286.0, 278.3, 278.8, 281.7, 282.2, 287.2, 289.8, 301.8, 306.8, 321.2, 317.7, 316.8, 305.8, 279.1, 266.3, 274.6, 277.4, 290.8, 303.7, 313.4, 311.3, 314.6, 321.4, 312.1, 316.7, 318.0, 316.0, 327.8, 325.5, 328.5, 333.7, 340.0, 339.7,
 525.0, 528.2, 526.3, 530.1, 536.2, 522.2, 515.6, 521.8, 529.1, 540.6, 550.0, 560.8, 566.3, 575.6, 589.6, 602.3, 604.2, 598.9, 598.4, 594.7, 592.6, 581.4, 574.0, 555.5, 557.0, 553.8, 548.9, 529.5, 515.2, 488.3, 480.1, 472.1, 471.2, 462.2, 442.7, 435.6, 419.9, 413.4, 402.5, 389.7, 378.7, 379.7, 377.0, 376.9, 376.7, 380.0, 383.3, 385.3, 381.3, 380.5, 367.7, 366.0, 364.6, 355.8, 354.2, 344.5, 342.8, 337.4, 327.3, 329.6, 328.4, 324.3, 325.4, 327.0, 329.2, 335.7, 340.6, 339.4, 334.5, 328.7, 315.5, 305.1, 303.1, 299.0, 299.5, 305.5, 300.5, 299.2, 299.1, 304.0, 301.7, 300.5, 303.1, 308.7, 317.1, 321.4, 319.7, 320.5, 318.7, 315.8, 317.6, 318.5, 322.1, 326.8, 331.5, 342.1, 349.6, 358.3, 362.1, 364.3, 344.1, 345.4, 352.0, 340.6, 340.6, 352.4, 347.7, 337.6, 333.7, 339.7, 326.9, 336.8, 339.7, 349.2, 362.0, 377.2, 381.7, 377.9, 380.2, 372.7, 359.8, 339.5, 324.8, 307.6, 295.2, 281.9, 284.5, 298.3, 290.8, 282.7, 285.6, 299.0, 302.9, 308.3, 329.1, 323.1, 316.0, 315.6, 320.2, 331.3, 344.9, 350.9, 343.3, 343.8, 341.2, 333.9, 315.8, 300.8, 280.2, 285.8, 291.6, 302.3, 304.2, 324.4, 324.3, 336.4, 354.2, 343.8, 333.9, 335.6, 314.2, 291.3, 284.2, 294.3, 298.1, 309.5, 322.0, 313.1, 315.7, 314.8, 322.8, 333.3, 338.5, 343.5, 342.8, 352.6, 347.6, 356.5, 364.5, 363.9,
 514.0, 510.7, 508.5, 512.5, 513.0, 512.3, 523.1, 527.6, 540.8, 549.2, 559.9, 567.4, 579.7, 586.6, 592.9, 604.5, 610.6, 610.0, 597.7, 592.8, 589.5, 581.3, 570.6, 568.9, 581.4, 577.3, 584.0, 560.2, 541.1, 519.1, 494.3, 489.3, 472.4, 461.7, 453.2, 435.1, 434.7, 419.4, 408.9, 398.9, 380.1, 386.2, 390.4, 390.7, 393.0, 393.7, 386.1, 381.4, 381.9, 377.4, 367.1, 358.2, 351.0, 347.8, 345.1, 339.2, 343.7, 338.0, 327.3, 323.5, 333.3, 334.4, 339.8, 339.4, 338.3, 343.9, 347.7, 345.0, 346.0, 344.8, 336.6, 325.5, 312.6, 306.4, 306.6, 307.0, 304.2, 306.4, 302.6, 303.6, 299.8, 298.8, 299.7, 302.4, 306.8, 312.2, 315.1, 313.8, 316.7, 318.5, 317.5, 317.5, 315.4, 315.3, 309.3, 306.5, 304.3, 308.5, 305.8, 302.2, 299.3, 306.7, 303.5, 305.3, 304.8, 303.0, 309.8, 309.3, 318.1, 327.6, 325.6, 332.8, 351.3, 362.1, 374.0, 389.5, 407.3, 410.7, 410.6, 404.0, 384.0, 366.2, 340.9, 323.5, 298.3, 294.1, 285.7, 292.4, 316.7, 306.6, 289.7, 293.2, 305.0, 313.9, 327.2, 329.4, 326.4, 333.7, 340.0, 347.8, 354.1, 355.4, 367.5, 368.2, 360.2, 347.9, 329.0, 314.8, 297.5, 308.5, 314.4, 305.2, 320.9, 340.3, 341.8, 349.4, 361.3, 364.1, 362.4, 343.5, 330.6, 317.3, 310.4, 316.6, 315.2, 324.8, 328.7, 337.0, 341.1, 351.4, 354.9, 362.8, 365.1, 353.8, 357.8, 357.6, 367.8, 374.9, 380.2, 379.7,
 518.5, 522.0, 523.5, 522.8, 528.2, 525.8, 532.8, 546.0, 548.9, 561.3, 572.6, 576.7, 585.9, 593.6, 602.0, 609.2, 614.0, 605.3, 597.2, 591.7, 594.4, 584.0, 577.2, 584.4, 589.3, 602.0, 611.8, 591.4, 564.2, 538.0, 513.2, 494.7, 481.0, 474.2, 468.5, 450.7, 441.4, 418.2, 410.3, 399.9, 392.2, 392.8, 402.8, 403.1, 393.4, 391.9, 400.3, 401.7, 391.6, 380.7, 367.7, 355.5, 347.7, 344.5, 337.2, 331.7, 331.3, 335.8, 326.8, 335.5, 345.2, 346.7, 349.1, 356.6, 357.9, 363.5, 365.4, 367.0, 364.6, 358.6, 347.1, 329.4, 322.0, 314.3, 309.1, 310.1, 310.2, 305.3, 308.7, 310.3, 306.6, 304.4, 309.0, 309.1, 317.8, 320.7, 323.7, 320.2, 323.0, 322.6, 320.8, 318.4, 313.5, 309.1, 308.5, 299.5, 296.4, 290.6, 288.8, 279.4, 285.0, 286.8, 286.3, 286.3, 292.7, 293.4, 291.9, 295.4, 296.7, 298.0, 311.3, 319.4, 340.0, 356.8, 392.0, 414.1, 421.0, 423.9, 430.5, 424.9, 410.6, 380.4, 358.8, 331.0, 318.9, 293.4, 267.3, 278.4, 297.5, 316.8, 313.8, 313.6, 322.7, 309.8, 316.8, 314.0, 343.4, 339.5, 343.1, 350.2, 356.2, 372.6, 392.7, 388.0, 378.0, 358.2, 355.3, 334.7, 320.2, 315.9, 325.1, 315.9, 332.4, 346.2, 363.8, 371.2, 374.3, 380.0, 370.7, 367.8, 346.6, 339.8, 318.3, 327.0, 332.1, 337.2, 340.4, 351.3, 356.1, 358.3, 367.8, 370.1, 376.7, 373.8, 377.8, 381.7, 386.2, 389.3, 392.0, 394.9,
 528.7, 530.7, 532.9, 531.5, 536.3, 541.4, 545.3, 549.9, 561.9, 570.9, 577.2, 586.7, 591.4, 601.2, 613.5, 617.3, 609.7, 598.2, 587.5, 585.7, 582.9, 580.3, 590.2, 600.0, 610.1, 625.8, 637.8, 614.5, 586.3, 563.5, 536.2, 511.6, 500.2, 484.4, 472.0, 455.4, 441.5, 428.5, 419.4, 410.8, 401.4, 398.8, 387.8, 397.7, 401.6, 403.4, 404.4, 402.1, 399.0, 399.8, 391.3, 375.4, 370.9, 361.6, 356.9, 346.6, 328.4, 330.9, 345.5, 353.7, 353.3, 351.1, 348.5, 359.3, 365.7, 366.3, 374.5, 371.3, 372.3, 364.6, 353.9, 341.5, 335.2, 323.8, 314.3, 312.3, 318.7, 319.0, 317.5, 318.1, 317.8, 316.4, 319.6, 325.5, 330.9, 334.1, 335.2, 339.0, 334.7, 326.1, 327.7, 325.8, 319.6, 317.8, 307.3, 298.7, 297.3, 292.5, 281.7, 268.6, 269.1, 275.3, 286.4, 289.9, 294.5, 297.5, 295.3, 300.7, 303.3, 307.3, 318.2, 328.3, 344.7, 363.0, 391.1, 430.0, 450.8, 443.8, 452.6, 454.4, 440.6, 438.5, 416.6, 378.7, 362.9, 342.7, 316.4, 326.3, 324.1, 330.5, 348.8, 336.3, 328.0, 320.3, 324.5, 323.2, 324.9, 346.8, 361.5, 362.1, 360.6, 360.3, 382.0, 391.8, 394.1, 385.5, 365.3, 351.2, 338.4, 332.1, 330.0, 335.2, 339.8, 364.4, 382.2, 395.1, 390.2, 390.6, 393.1, 375.4, 352.2, 339.8, 326.9, 324.3, 327.1, 330.5, 337.9, 345.2, 358.8, 367.8, 382.0, 388.7, 392.8, 392.2, 392.6, 395.9, 399.1, 404.6, 408.8, 428.8,
 538.1, 537.1, 538.7, 542.0, 545.4, 547.5, 551.2, 561.3, 566.2, 574.6, 585.1, 594.3, 597.5, 611.5, 610.0, 607.9, 600.8, 596.9, 591.6, 588.4, 584.9, 582.3, 591.3, 603.4, 616.5, 644.5, 649.8, 620.4, 601.3, 575.9, 553.4, 525.4, 516.6, 497.1, 475.2, 456.6, 446.7, 438.8, 422.6, 419.2, 417.6, 403.0, 394.8, 395.3, 398.8, 408.9, 408.8, 406.4, 401.7, 403.9, 392.8, 388.6, 394.7, 386.2, 368.6, 353.8, 344.2, 346.9, 348.3, 356.9, 357.5, 360.1, 364.2, 378.7, 384.2, 387.5, 396.3, 394.1, 384.8, 382.9, 372.8, 358.5, 346.8, 337.8, 324.3, 315.9, 318.8, 319.3, 321.6, 330.1, 324.6, 327.2, 341.0, 338.0, 343.8, 341.0, 348.7, 344.7, 341.2, 338.9, 339.8, 339.0, 335.8, 330.7, 324.3, 315.7, 298.1, 285.8, 272.8, 262.9, 268.2, 272.1, 284.0, 291.7, 296.9, 300.8, 303.9, 308.4, 309.4, 319.6, 327.1, 337.4, 356.7, 379.8, 408.7, 430.5, 440.3, 453.8, 466.0, 461.0, 466.8, 458.7, 465.7, 438.1, 407.9, 403.9, 395.2, 384.4, 370.3, 379.4, 372.9, 365.1, 363.6, 358.2, 345.3, 347.0, 344.3, 359.6, 374.9, 367.6, 367.5, 374.3, 390.0, 396.4, 407.6, 407.6, 389.1, 366.9, 360.9, 354.2, 351.9, 348.9, 360.6, 373.8, 391.0, 405.1, 405.0, 397.8, 403.6, 385.1, 348.0, 340.1, 344.7, 346.3, 354.1, 354.5, 356.1,-999.9, 379.1, 383.8, 391.1, 405.0, 407.0, 405.0, 409.6, 420.1, 421.7, 432.5, 445.3, 453.2,
 541.5, 544.3, 548.3, 551.0, 556.6, 559.6, 554.7, 558.7, 572.1, 581.6, 588.6, 598.7, 597.9, 601.7, 592.2, 595.4, 586.5, 588.3, 583.7, 579.4, 579.6, 592.8, 605.2, 621.0, 638.4, 640.0, 648.3, 634.4, 606.4, 579.9, 553.1, 527.4, 509.0, 498.2, 469.2, 458.5, 444.8, 432.8, 425.4, 416.8, 410.3, 408.7, 408.9, 406.5, 411.6, 414.2, 413.9, 405.2, 402.8, 402.4, 399.4, 398.4, 399.2, 394.9, 379.4, 364.1, 363.3, 367.3, 360.0, 359.8, 379.8, 389.2, 389.2, 400.9, 407.8, 396.0, 414.0, 407.0, 410.3, 405.5, 390.7, 381.6, 366.6, 350.8, 336.3, 324.4, 322.5, 323.2, 327.0, 327.8, 327.5, 331.7, 343.5, 352.2, 365.2, 367.7, 367.3, 372.9, 367.1, 360.9, 348.6, 346.5, 346.9, 343.3, 337.9, 330.4, 311.8, 301.8, 286.8, 272.4, 276.5, 282.3, 292.6, 296.0, 305.6, 310.8, 314.8, 317.5, 317.7, 323.7, 334.5, 347.5, 370.8, 400.1, 431.2, 460.5, 471.4, 466.0, 477.9, 485.6, 486.5, 476.0, 487.0, 455.2, 448.7, 445.8, 439.1, 421.4, 425.3, 423.2, 409.3, 397.0, 401.6, 385.0, 371.0, 378.8, 371.0, 372.4, 377.4, 386.6, 397.5, 394.1, 400.7, 400.3, 400.0, 404.4, 403.5, 382.6, 384.0, 382.4, 374.2, 373.1, 386.5, 379.8, 380.4, 387.0, 396.0,-999.9,-999.9, 392.2, 368.2, 375.0, 385.0, 373.6, 377.3, 375.9,-999.9,-999.9, 407.9, 414.5, 414.8, 424.0, 420.3, 421.5, 427.9, 434.4, 441.8, 447.3, 453.5, 460.1,
 559.7, 557.2, 556.1, 564.2, 567.5, 567.7, 568.6, 569.5, 576.7, 585.4, 589.2, 590.5, 591.9, 589.3, 584.1, 576.3, 573.0, 567.9, 568.0, 566.4, 576.5, 603.1, 623.6, 636.4, 640.9, 652.6, 667.1, 652.2, 611.6, 586.5, 569.2, 532.8, 502.4, 486.4, 478.1, 451.7, 442.6, 432.4, 427.0, 417.5, 415.0, 414.3, 412.6, 407.8, 413.4, 415.0, 411.4, 408.2, 403.5, 402.1, 395.6, 397.4, 390.2, 388.3, 378.4, 377.9, 382.5, 378.5, 382.6, 381.2, 392.5, 397.3, 407.5, 415.6, 418.3, 420.5, 425.1, 427.7, 421.3, 415.8, 404.4, 397.1, 382.8, 363.3, 348.5, 340.5, 337.4, 337.4, 333.1, 338.0, 334.0, 337.7, 355.5, 367.8, 373.1, 381.1, 385.2, 392.9, 390.1, 383.0, 374.1, 371.2, 365.0, 360.3, 345.2, 341.2, 332.9, 323.9, 314.8, 303.9, 303.5, 306.7, 307.1, 310.2, 312.0, 316.7, 321.6, 322.4, 324.6, 333.9, 339.9, 362.7, 378.7, 411.2, 445.0, 456.1, 467.7, 481.6, 496.2, 508.0, 507.8, 485.8, 510.9, 492.5, 470.6, 461.9, 451.2, 451.1, 452.6, 450.8, 441.4, 418.8, 420.0, 414.2, 412.2, 401.5, 409.3, 396.8, 404.2, 403.5, 402.7, 400.6, 396.8, 397.0, 402.4, 409.5, 419.6, 413.6, 408.1, 404.9, 403.7, 391.1, 385.4,-999.9,-999.9,-999.9,-999.9,-999.9,-999.9,-999.9, 396.8, 392.4, 392.2, 384.5,-999.9,-999.9,-999.9, 417.4, 422.9, 431.1, 446.6, 447.4, 450.4, 449.0, 444.6, 454.2, 445.5, 451.7, 459.7, 467.0,
 559.3, 562.6, 561.9, 568.2, 570.0, 571.6, 571.2, 568.6, 575.7, 584.5, 584.4, 581.5, 575.3, 570.5, 567.5, 561.5, 562.0, 559.2, 555.9, 561.6, 564.4, 590.4, 624.6, 638.1, 663.4, 673.9, 667.0, 643.2, 602.1, 575.9, 553.6, 515.3, 493.9, 485.7, 465.9, 458.2, 445.8, 434.7, 426.2, 422.3, 419.9, 414.8, 415.1, 414.1, 402.8, 406.9, 411.5, 403.8, 398.6, 397.9, 396.1, 398.9, 396.1, 392.6, 394.0, 375.4, 390.0, 398.2, 405.5, 411.0, 415.8, 418.7, 418.7, 428.7, 432.2, 442.4, 438.7, 435.1, 435.4, 430.0, 419.1, 405.4, 391.0, 374.8, 359.1, 355.9, 350.8, 348.7, 346.9, 351.8, 346.6, 352.6, 360.9, 367.4, 378.8, 391.9, 399.6, 404.4, 407.3, 406.6, 399.5, 401.2, 406.3, 404.9, 394.6, 382.9, 375.5, 363.4, 353.8, 337.4, 333.6, 331.6, 332.1, 329.5, 330.7, 330.4, 327.8, 329.0, 328.8, 330.3, 341.1, 364.7, 387.6, 415.1, 444.0, 451.1, 486.7, 499.6, 518.1, 522.3, 521.6, 515.3, 514.3, 523.6, 501.7, 485.8, 481.7, 471.2, 476.8, 455.0, 444.4, 437.9, 437.2, 437.0, 429.9, 429.0, 419.2, 426.3, 426.6, 438.9, 433.6, 427.9, 421.3, 404.0, 419.8, 428.4, 436.3, 435.2, 426.5, 419.9, 416.4, 398.2,-999.9,-999.9,-999.9,-999.9,-999.9,-999.9,-999.9,-999.9,-999.9, 416.4,-999.9,-999.9,-999.9,-999.9, 434.9, 442.0, 450.1, 456.7, 464.5, 456.7, 452.7, 460.3, 467.6, 467.1, 466.2, 466.8, 466.7, 475.6,
 558.1, 563.2, 569.0, 572.3, 574.9, 575.3, 571.7, 575.2, 574.1, 569.9, 570.0, 573.2, 568.4, 568.0, 560.9, 550.8, 550.5, 546.0, 546.0, 546.7, 549.3, 565.4, 597.5, 623.4, 635.4, 661.2, 675.3, 643.9, 611.8, 570.3, 533.6, 508.0, 497.1, 476.7, 471.8, 459.3, 435.2, 425.1, 420.2, 415.1, 408.1, 403.6, 397.4, 402.4, 397.1, 398.8, 401.3, 398.9, 398.8, 397.0, 396.8, 395.1, 396.4, 394.8, 392.0, 383.7, 390.2, 402.9, 413.7, 421.8, 434.3, 434.3, 434.2, 439.0, 449.2, 453.5, 452.5, 450.3, 452.8, 447.3, 439.6, 431.2, 402.9, 380.9, 361.0, 359.6, 355.5, 357.0, 355.9, 356.2, 355.0, 364.1, 370.8, 378.5, 409.8, 415.7, 434.2, 431.2, 437.2, 447.6, 449.9, 451.7, 447.1, 440.4, 430.8, 417.9, 402.2, 391.1, 377.9, 364.3, 359.9, 358.5, 356.5, 354.8, 355.5, 352.6, 351.9, 342.0, 335.4, 343.0, 362.5, 377.9, 400.1, 420.5, 450.0, 454.9, 496.3, 503.3, 520.3, 528.2, 533.8, 542.5, 540.5, 541.3, 531.7, 517.7, 510.7, 503.5, 496.4, 484.3, 470.5, 469.6, 457.7, 448.0, 445.2, 435.6, 438.3, 434.0, 449.5, 454.3, 454.0, 453.5, 441.6, 425.8, 430.3, 431.3, 436.9, 445.4, 434.0, 424.8,-999.9,-999.9,-999.9,-999.9,-999.9,-999.9,-999.9,-999.9,-999.9,-999.9,-999.9,-999.9,-999.9,-999.9, 462.9, 465.4, 472.9, 470.6, 473.4, 473.2, 470.7, 466.1, 466.7, 485.5,-999.9,-999.9,-999.9,-999.9,-999.9, 486.2,
 562.0, 564.8, 566.1, 572.9, 574.0, 572.3, 572.7, 575.2, 577.1, 570.5, 567.1, 563.5, 560.0, 556.3, 549.4, 539.6, 537.4, 535.8, 535.6, 532.4, 534.5, 540.1, 550.5, 576.1, 607.3, 645.4, 647.1, 621.1, 585.2, 562.3, 529.6, 495.1, 486.8, 474.1, 469.2, 448.9, 435.5, 426.1, 420.3, 405.1, 403.9, 401.9, 404.2, 414.7, 406.6, 393.3, 388.9, 388.8, 390.0, 388.1, 389.8, 390.7, 391.0, 394.1, 390.6, 391.2, 390.1, 401.9, 408.7, 412.2, 420.7, 432.7, 442.3, 449.3, 453.6, 464.8, 466.4, 470.6, 472.7, 465.8, 473.4, 449.3, 438.3, 406.8, 385.7, 375.9, 364.4, 365.3, 365.7, 367.6, 370.3, 378.5, 388.0, 400.4, 420.0, 438.5, 457.0, 469.7, 478.4, 490.2, 495.7, 491.8, 475.2, 464.5, 453.1, 433.5, 429.9, 417.9, 405.6, 399.3, 396.6, 388.5, 381.1, 381.6, 379.1, 373.7, 366.4, 360.6, 362.5, 362.4, 375.3, 389.6, 411.5, 450.5, 471.6, 474.5, 501.1, 521.4, 548.5, 552.9, 557.2, 562.8, 559.4, 557.5, 550.1, 540.3, 533.4, 521.5, 512.8, 507.5, 504.5, 488.2, 478.0, 473.0, 469.3, 460.8, 459.0, 456.7, 461.3, 468.3, 482.2, 487.4, 480.0, 477.6, 480.7, 457.4, 451.7, 449.0, 448.7,-999.9,-999.9,-999.9,-999.9,-999.9,-999.9,-999.9,-999.9,-999.9,-999.9,-999.9,-999.9,-999.9, 496.8, 508.0, 501.7, 509.4, 500.9,-999.9,-999.9,-999.9,-999.9,-999.9,-999.9,-999.9,-999.9,-999.9,-999.9,-999.9,-999.9,-999.9,
 558.2, 559.8, 566.5, 562.2, 569.9, 566.3, 566.4, 571.9, 570.7, 569.1, 567.6, 560.6, 552.2, 546.3, 538.0, 529.3, 522.7, 527.0, 519.3, 521.1, 527.0, 525.4, 521.9, 539.5, 573.0, 597.9, 592.0, 587.3, 563.0, 533.6, 496.3, 480.7, 479.0, 463.5, 448.3, 439.0, 427.4, 417.1, 402.3, 402.9, 408.5, 409.0, 403.3, 400.6, 400.9, 395.4, 390.6, 387.5, 384.0, 389.0, 392.3, 396.0, 394.6, 391.4, 394.9, 394.4, 394.7, 399.6, 403.5, 413.4, 418.5, 425.8, 436.7, 448.4, 461.6, 469.1, 491.5, 498.1, 493.2, 494.1, 471.1, 449.3, 448.7, 420.9, 405.9, 399.3, 394.6, 377.8, 370.2, 374.3, 382.5, 390.5, 397.3, 412.2, 435.6, 453.9, 484.1, 500.7, 515.8, 534.3, 541.8, 531.0, 509.9, 495.2, 493.1, 482.7, 460.8, 451.4, 440.9, 432.2, 422.3, 413.9, 408.7, 405.7, 398.9, 390.8, 388.1, 384.7, 393.0, 389.9, 385.0, 405.1, 422.8, 450.6, 473.8, 515.5, 528.7, 544.4, 564.2, 576.6, 572.1, 576.3, 575.8, 568.3,-999.9, 556.4,-999.9,-999.9,-999.9,-999.9,-999.9,-999.9, 500.0,-999.9, 487.5,-999.9,-999.9,-999.9,-999.9,-999.9,-999.9,-999.9,-999.9, 517.2, 517.2, 525.1, 536.4, 535.4, 540.5, 527.5,-999.9,-999.9,-999.9,-999.9,-999.9,-999.9,-999.9,-999.9,-999.9,-999.9, 519.6, 540.2, 550.8, 560.1, 550.6, 536.9,-999.9,-999.9,-999.9,-999.9,-999.9,-999.9,-999.9,-999.9,-999.9,-999.9,-999.9,-999.9,-999.9,-999.9,
 552.2, 551.2, 552.7, 546.8, 553.7, 558.4, 556.9, 565.7, 564.9, 565.2, 570.3, 562.5, 552.6, 541.6, 527.9, 515.3, 513.3, 506.7, 506.0, 508.6, 515.5, 514.9, 509.9, 508.2, 528.5, 542.6, 550.5, 558.3, 546.4, 502.9, 478.8, 463.3, 460.2, 449.7, 437.5, 425.0, 415.6, 405.6, 404.1, 404.7, 409.0, 398.5, 397.9, 391.8, 385.8, 384.1, 387.2, 386.8, 398.8, 396.5, 395.7, 394.0, 387.4, 389.8, 390.4, 394.2, 397.4, 400.6, 396.0, 404.2, 414.1, 426.5, 439.5, 457.6, 477.0, 482.3, 493.0, 495.8, 499.6, 491.2, 479.4, 459.5, 431.7, 424.7, 406.4, 396.1, 382.7, 388.2, 391.3, 382.5, 385.9, 395.8, 411.4, 425.9, 448.2, 487.5, 521.2, 533.8, 551.6, 573.1, 606.9, 591.8, 575.8, 547.5, 522.2, 506.0, 496.9, 483.1, 475.6, 462.7, 453.6, 447.4, 431.7, 425.2, 419.3, 408.2, 405.1, 408.2, 406.9, 407.2, 408.2, 417.7, 436.9, 469.1, 498.9, 536.7, 564.0, 577.2, 598.9, 599.2, 604.6, 592.4, 603.1, 582.3,-999.9,-999.9,-999.9,-999.9,-999.9,-999.9,-999.9,-999.9,-999.9,-999.9,-999.9,-999.9,-999.9,-999.9,-999.9,-999.9,-999.9,-999.9,-999.9,-999.9,-999.9,-999.9,-999.9,-999.9,-999.9,-999.9,-999.9,-999.9,-999.9,-999.9,-999.9,-999.9,-999.9,-999.9,-999.9, 517.0, 537.9, 563.9, 582.8, 568.7, 551.7,-999.9,-999.9, 543.5, 543.9,-999.9,-999.9,-999.9,-999.9,-999.9,-999.9,-999.9,-999.9,-999.9,-999.9,-999.9,
 542.5, 541.1, 537.8, 532.7, 539.3, 547.3, 558.5, 556.3, 563.0, 567.2, 567.3, 565.2, 556.1, 536.8, 525.8, 510.2, 507.3, 504.0, 504.5, 498.7, 501.9, 506.9, 504.3, 500.9, 500.9, 501.1, 507.8, 506.6, 514.3, 485.8, 457.0, 463.1, 455.3, 449.8, 438.6, 432.3, 424.3, 418.6, 405.4, 401.8, 403.8, 395.4, 401.5, 390.3, 383.5, 380.0, 393.9, 395.0, 392.8, 391.6, 392.6, 391.2, 386.7, 390.5, 388.2, 391.5, 396.7, 392.4, 400.2, 406.2, 412.7, 428.8, 441.1, 465.6, 475.7, 479.8, 486.5, 487.3, 486.5, 479.9, 464.7, 445.8, 445.7, 433.1, 440.7, 421.9, 394.8, 408.7, 425.2, 414.0, 416.5, 427.5, 448.1, 458.3, 470.7, 498.3, 536.4, 556.2, 577.8, 615.9, 644.6, 642.4, 604.8, 578.8, 564.3, 556.3, 548.7, 541.4, 540.2, 518.3, 513.5, 498.6, 456.4, 453.9, 430.1, 417.8, 428.3, 428.1, 434.5, 431.4, 426.5, 431.3, 450.5, 480.7, 521.3, 573.7, 605.0, 626.4, 636.1, 632.2, 630.4, 615.4,-999.9,-999.9,-999.9,-999.9,-999.9,-999.9,-999.9,-999.9,-999.9,-999.9,-999.9,-999.9,-999.9,-999.9,-999.9,-999.9,-999.9,-999.9,-999.9,-999.9,-999.9,-999.9,-999.9,-999.9,-999.9,-999.9,-999.9,-999.9,-999.9,-999.9,-999.9,-999.9,-999.9,-999.9,-999.9, 512.7, 517.1, 534.1, 554.5, 595.8, 582.5, 574.6,-999.9,-999.9,-999.9,-999.9,-999.9,-999.9,-999.9,-999.9,-999.9,-999.9,-999.9,-999.9,-999.9,-999.9,-999.9,-999.9,
 527.2, 527.2, 520.8, 520.0, 528.9, 543.8, 553.5, 556.8, 565.0, 571.1, 572.7, 569.7, 561.2, 545.2, 528.6, 514.8, 500.5, 502.3, 499.0, 495.1, 500.1, 496.3, 500.2, 505.7, 504.1, 498.4, 483.1, 476.4, 475.0, 462.4, 445.7, 449.0, 445.3, 455.1, 453.7, 445.2, 437.6, 425.3, 402.0, 399.0, 403.5, 396.9, 394.5, 388.9, 384.8, 387.9, 392.5, 393.1, 388.4, 386.7, 392.0, 392.3, 391.2, 388.6, 387.0, 384.4, 382.9, 394.1, 400.3, 413.6, 428.5, 449.2, 454.0, 462.0, 468.6, 467.1, 477.1, 473.3, 470.9, 469.3, 460.9, 454.2, 449.4, 450.0, 454.7, 433.4, 427.7, 431.8, 443.5, 439.7, 453.0, 468.1, 497.8, 487.8, 525.5, 545.8, 555.6, 573.0, 612.0, 642.1, 666.9, 656.1, 617.6, 625.0, 614.4, 602.9, 583.6, 578.8, 561.3, 530.1, 522.7, 483.8, 467.4, 465.4, 449.8, 449.1, 456.9, 462.8, 460.9, 460.8, 446.8, 442.6, 444.5, 499.0, 557.5, 615.1, 648.4, 667.2, 678.0, 665.1, 645.6,-999.9,-999.9,-999.9,-999.9,-999.9,-999.9,-999.9,-999.9,-999.9,-999.9,-999.9,-999.9,-999.9,-999.9,-999.9,-999.9,-999.9,-999.9,-999.9,-999.9,-999.9,-999.9,-999.9,-999.9,-999.9,-999.9,-999.9,-999.9,-999.9,-999.9,-999.9,-999.9,-999.9, 527.6, 537.8, 542.8, 542.0, 545.1, 554.7, 597.0, 622.0, 588.4, 589.7, 591.5, 599.5,-999.9,-999.9,-999.9,-999.9,-999.9,-999.9,-999.9,-999.9,-999.9,-999.9,-999.9,-999.9,-999.9,-999.9,
 506.6, 500.8, 506.5, 504.7, 514.2, 531.1, 553.1, 564.0, 570.6, 577.6, 579.9, 576.5, 564.9, 546.1, 525.0, 508.1, 491.2, 487.4, 489.8, 489.0, 488.6, 491.5, 498.1, 501.4, 505.8, 507.1, 487.7, 479.5, 468.5, 440.1, 432.6, 443.7, 454.0, 456.0, 451.6, 451.8, 446.8, 432.0, 416.0, 401.2, 404.5, 402.1, 395.7, 390.1, 385.2, 394.2, 386.8, 388.8, 386.3, 383.7, 394.3, 395.4, 395.7, 391.7, 391.1, 390.3, 389.7, 398.4, 417.1, 443.6, 442.4, 460.3, 456.9, 448.8, 451.1, 459.0, 477.1, 474.9, 480.1, 483.1, 470.8, 461.2, 454.3, 446.2, 466.1, 481.0, 468.7, 444.5, 452.6, 467.5, 478.6, 487.7, 499.0, 516.0, 544.3, 563.4, 580.1, 590.7, 615.2, 627.5, 650.2, 652.1, 642.8, 629.8, 626.9, 621.4, 590.8, 574.5, 565.3, 539.1, 519.1, 486.7, 468.7, 465.3, 466.3, 464.3, 470.2, 476.6, 492.6, 486.4, 481.0, 481.3, 504.0, 554.8, 606.7, 660.2, 695.4, 704.3, 684.3,-999.9,-999.9,-999.9,-999.9,-999.9,-999.9,-999.9,-999.9,-999.9,-999.9,-999.9,-999.9,-999.9,-999.9,-999.9,-999.9,-999.9,-999.9,-999.9,-999.9,-999.9,-999.9,-999.9,-999.9,-999.9,-999.9,-999.9,-999.9,-999.9,-999.9,-999.9,-999.9,-999.9,-999.9,-999.9, 565.3, 569.9, 575.0, 565.7, 569.1, 591.1, 628.4, 616.8, 606.9, 610.7, 615.7, 614.7,-999.9,-999.9,-999.9,-999.9,-999.9,-999.9,-999.9,-999.9,-999.9,-999.9,-999.9,-999.9,-999.9,-999.9,
 472.5, 477.9, 483.9, 493.4, 503.2, 522.2, 546.3, 567.5, 580.2, 590.0, 604.0, 595.7, 574.3, 546.8, 520.0, 497.0, 483.1, 487.6, 483.1, 485.3, 478.1, 487.9, 495.4, 504.2, 513.9, 518.7, 498.4, 487.1, 494.7, 478.7, 451.5, 444.7, 448.6, 457.8, 456.6, 457.9, 459.6, 454.1, 436.3, 430.2, 426.5, 412.7, 406.8, 403.2, 392.5, 400.0, 390.2, 387.0, 396.5, 383.5, 410.2, 402.8, 416.3, 419.4, 414.5, 394.3, 393.7, 416.4, 432.3, 444.2, 447.6, 458.1, 465.0, 457.9, 455.9, 476.0, 491.7, 507.9, 492.9, 476.5, 465.8, 455.9, 452.3, 475.7, 490.7, 473.0, 434.2, 458.8, 495.4, 508.6, 510.8, 503.3, 501.5, 532.4, 542.0, 569.3, 603.4, 630.7, 635.9, 623.5, 652.7, 664.6, 640.9, 643.6, 622.1, 626.4, 600.6, 592.6, 586.6, 555.5, 525.1, 492.3, 473.5, 476.3, 482.6, 501.3, 499.9, 506.6, 519.9, 522.7, 523.7, 540.2, 563.8, 609.4, 650.7, 689.2, 736.3,-999.9,-999.9,-999.9,-999.9,-999.9,-999.9,-999.9,-999.9,-999.9,-999.9,-999.9,-999.9,-999.9,-999.9,-999.9,-999.9,-999.9,-999.9,-999.9,-999.9,-999.9,-999.9,-999.9,-999.9,-999.9,-999.9,-999.9,-999.9,-999.9,-999.9,-999.9,-999.9,-999.9,-999.9,-999.9, 589.6, 587.2, 586.5, 597.2, 606.5, 602.8, 620.2, 654.4, 633.8, 619.9, 647.2, 649.1, 647.2, 635.2,-999.9,-999.9,-999.9,-999.9,-999.9,-999.9,-999.9,-999.9,-999.9,-999.9,-999.9,-999.9,-999.9,-999.9,
 446.0, 459.5, 472.9, 486.3, 492.9, 510.9, 533.2, 565.9, 586.9, 601.5, 609.5, 572.8, 588.4, 558.7, 519.4, 486.2, 472.1, 476.6, 476.2, 478.2, 482.3, 487.2, 501.6, 519.7, 532.7, 531.9, 512.8, 526.8, 525.8, 503.2, 475.5, 441.9, 450.9, 466.4, 476.9, 474.8, 474.3, 453.7, 432.7, 424.8, 425.1, 423.9, 415.8, 406.9, 394.3, 399.0, 403.9, 399.8, 398.6, 384.9, 414.3, 436.7, 435.5, 439.5, 424.3, 399.6, 416.0, 433.3, 444.0, 466.0, 461.8, 464.1, 462.4, 447.2, 437.8, 463.4, 479.5, 491.0, 466.4, 453.0, 444.6, 435.0, 445.2, 463.2, 479.8, 484.0, 473.8, 483.0, 484.4, 490.0, 500.6, 516.6, 518.0, 525.2, 545.2, 572.9, 602.4, 629.2, 644.3, 649.8, 656.7, 654.5, 647.6, 643.1, 628.2, 621.3, 595.7, 596.9, 598.1, 558.7, 538.2, 489.0, 472.9, 491.1, 516.0, 521.2, 532.3, 545.5, 564.8, 572.0, 571.5, 595.2, 618.8, 648.1, 675.5, 722.3,-999.9,-999.9,-999.9,-999.9,-999.9,-999.9,-999.9,-999.9,-999.9,-999.9,-999.9,-999.9,-999.9,-999.9,-999.9,-999.9,-999.9,-999.9,-999.9,-999.9,-999.9,-999.9,-999.9,-999.9,-999.9,-999.9,-999.9,-999.9,-999.9,-999.9,-999.9,-999.9,-999.9,-999.9,-999.9, 611.1, 612.5, 618.9, 622.3, 636.5, 653.3, 658.3, 672.0, 655.6, 675.8, 684.8, 653.1, 661.7, 658.1, 665.4, 653.5,-999.9,-999.9,-999.9,-999.9,-999.9,-999.9,-999.9,-999.9,-999.9,-999.9,-999.9,-999.9,-999.9,
 429.1, 441.1, 456.9, 470.8, 485.7, 502.7, 525.7, 552.8, 582.2, 593.2, 596.9, 588.2, 595.8, 564.9, 535.0, 508.3, 480.6, 480.2, 487.0, 489.3, 490.2, 485.2, 511.4, 538.3, 539.2, 568.8, 575.8, 567.2, 552.3, 534.1, 495.6, 474.2, 482.6, 488.8, 494.2, 483.7, 489.2, 460.7, 447.4, 430.5, 433.7, 420.1, 410.6, 405.2, 409.2, 414.5, 416.9, 419.1, 418.3, 423.0, 431.7, 444.9, 456.4, 443.7, 424.8, 394.3, 406.7, 462.7, 431.0, 403.3, 467.4, 489.0, 458.6, 488.5, 485.8, 488.0, 476.5, 485.1, 497.1, 484.1, 467.5, 433.6, 447.3, 454.2, 454.2, 461.8, 471.6, 476.8, 471.5, 465.4, 475.1, 491.4, 495.4, 511.7, 528.5, 536.0, 562.2, 594.0, 625.3, 637.1, 644.8, 650.4, 660.2, 643.9, 619.7, 617.2, 606.8, 592.5, 596.0, 572.6, 545.1, 531.5, 525.6, 532.4, 536.9, 554.6, 567.8, 585.9, 598.1, 608.7, 631.5, 643.8, 643.7, 654.4,-999.9,-999.9,-999.9,-999.9,-999.9,-999.9,-999.9,-999.9,-999.9,-999.9,-999.9,-999.9,-999.9,-999.9,-999.9,-999.9,-999.9,-999.9,-999.9,-999.9,-999.9,-999.9,-999.9,-999.9,-999.9,-999.9,-999.9,-999.9,-999.9,-999.9,-999.9,-999.9,-999.9,-999.9,-999.9,-999.9,-999.9, 634.9, 642.0, 650.8, 663.8, 692.6, 695.2, 697.4, 690.9, 682.9, 714.0, 721.3, 697.3, 684.3,-999.9,-999.9,-999.9,-999.9,-999.9,-999.9,-999.9,-999.9,-999.9,-999.9,-999.9,-999.9,-999.9,-999.9,-999.9,-999.9,
 416.2, 429.3, 449.3, 463.2, 483.2, 491.8, 516.9, 544.6, 569.3, 588.9, 599.9, 595.1, 586.2, 569.6, 553.5, 548.6, 527.7, 533.1, 524.0, 499.6, 492.2, 482.0, 492.8, 510.1, 550.6, 588.4, 598.2, 610.3, 604.7, 559.9, 530.4, 507.6, 502.9, 499.5, 509.0, 505.2, 490.8, 455.9, 444.3, 436.0, 433.3, 416.6, 414.3, 413.7, 418.7, 432.0, 434.0, 438.8, 443.1, 437.6, 427.5, 438.0, 455.3, 427.6, 417.0, 391.6, 407.9, 450.8,-999.9, 387.3, 469.1, 503.9, 469.4, 511.2, 484.3, 479.3, 450.9, 453.8, 473.8, 472.7, 463.9, 440.9, 437.0, 441.6, 442.9, 447.3, 453.3, 454.4, 460.4, 469.9, 462.1, 482.5, 486.0, 496.7, 510.2, 525.9, 541.9, 568.2, 589.1, 595.5, 605.7, 620.9, 624.7, 619.7, 604.6, 600.1, 587.5, 583.3, 569.7, 551.1, 536.1, 539.3, 554.4, 566.2, 558.7, 571.9, 591.7, 606.9, 629.8, 654.8, 667.8, 671.7,-999.9,-999.9,-999.9,-999.9,-999.9,-999.9,-999.9,-999.9,-999.9,-999.9,-999.9,-999.9,-999.9,-999.9,-999.9,-999.9,-999.9,-999.9,-999.9,-999.9,-999.9,-999.9,-999.9,-999.9,-999.9,-999.9,-999.9,-999.9,-999.9,-999.9,-999.9,-999.9,-999.9,-999.9,-999.9,-999.9,-999.9,-999.9,-999.9, 679.6, 696.5, 712.9, 728.2, 743.1, 745.6, 737.6, 730.0, 733.3, 747.9, 754.9, 730.5, 709.6,-999.9,-999.9,-999.9,-999.9,-999.9,-999.9,-999.9,-999.9,-999.9,-999.9,-999.9,-999.9,-999.9,-999.9,-999.9,-999.9,
 403.2, 418.9, 437.1, 463.3, 475.9, 486.2, 505.6, 526.7, 549.7, 565.3, 571.0, 567.9, 563.9, 564.3, 547.8, 552.6, 586.2, 589.9, 540.1, 511.1, 500.5, 478.4, 511.1, 555.2, 578.3, 599.2, 633.2, 685.5, 692.6, 675.3, 621.0, 612.4, 551.7, 543.0, 510.9, 516.6, 501.5, 479.5, 446.1, 441.2, 433.0, 423.6, 430.9, 435.3, 431.6, 447.9, 453.5, 459.9, 462.1, 444.0, 429.5, 418.0, 436.9, 419.5, 397.1, 402.5, 406.0, 403.9,-999.9, 408.2, 461.5, 426.3, 443.9, 485.5, 459.1, 464.9, 446.3, 451.5, 454.7, 442.7, 435.6, 441.3, 450.3, 444.7, 431.0, 439.1, 447.3, 442.5, 444.0, 459.6, 466.4, 471.2, 469.3, 493.5, 511.9, 516.2, 531.8, 553.2, 562.0, 579.4, 582.0, 582.6, 597.3, 576.9, 584.0, 580.0, 572.6, 568.8, 560.0, 552.1, 542.1, 539.5, 571.5, 589.7, 589.1, 596.3, 622.8, 630.5, 659.8, 692.7, 719.8,-999.9,-999.9,-999.9,-999.9, 652.7,-999.9,-999.9,-999.9,-999.9,-999.9,-999.9,-999.9,-999.9,-999.9,-999.9,-999.9,-999.9,-999.9,-999.9,-999.9,-999.9,-999.9,-999.9,-999.9,-999.9,-999.9,-999.9,-999.9,-999.9,-999.9,-999.9,-999.9,-999.9,-999.9,-999.9,-999.9,-999.9,-999.9,-999.9,-999.9, 734.4, 755.1, 770.6, 801.1, 797.9, 790.3, 779.7, 800.4, 809.6, 797.4, 784.5, 771.6, 769.7,-999.9,-999.9,-999.9,-999.9,-999.9,-999.9,-999.9,-999.9,-999.9,-999.9,-999.9,-999.9,-999.9,-999.9,-999.9,-999.9,
 391.6, 411.4, 434.1, 451.3, 473.3, 483.0, 492.0, 504.7, 525.2, 544.8, 558.1, 557.3, 557.9, 563.9, 544.2, 537.9, 580.0, 574.0, 576.1, 538.9, 518.6, 511.7, 488.8, 515.5, 558.6, 611.1, 667.3, 706.2, 689.5, 697.3, 670.5, 657.0, 636.8, 624.0, 579.7, 531.8, 513.8, 483.2, 442.3, 427.8, 413.2, 409.5, 418.4, 428.8, 443.3, 469.2, 473.5, 486.1, 505.4, 473.8, 447.2, 430.3, 425.6, 415.3, 401.4, 408.2, 403.9,-999.9,-999.9, 425.8, 391.0, 399.0, 462.1, 461.9, 446.7, 448.6, 424.6, 420.1, 422.1, 426.1, 428.3, 441.0, 441.6, 446.1, 451.0, 450.4, 443.1, 447.6, 454.0, 456.2, 467.2, 470.5, 474.6, 485.3, 477.5, 486.9, 497.4, 506.9, 532.1, 539.1, 558.4, 570.6, 574.3, 567.2, 570.3, 556.1, 556.6, 577.9, 571.7, 574.1, 550.0, 552.6, 586.2, 597.6, 604.1, 602.6, 618.1, 644.2, 693.3, 717.2, 727.8, 710.3, 696.5, 660.5,-999.9,-999.9,-999.9,-999.9, 691.7, 702.3,-999.9,-999.9,-999.9,-999.9,-999.9, 691.7,-999.9,-999.9,-999.9,-999.9,-999.9,-999.9,-999.9,-999.9,-999.9,-999.9,-999.9,-999.9,-999.9,-999.9,-999.9,-999.9,-999.9,-999.9,-999.9,-999.9,-999.9,-999.9,-999.9,-999.9,-999.9, 794.2, 796.7, 812.0, 835.1, 835.5, 828.3, 847.7, 866.8, 860.3, 840.1,-999.9,-999.9,-999.9,-999.9,-999.9,-999.9,-999.9,-999.9,-999.9,-999.9,-999.9,-999.9,-999.9,-999.9,-999.9,-999.9,-999.9,-999.9,-999.9,
 379.3, 404.1, 426.4, 442.8, 452.2, 468.4, 473.1, 487.0, 505.6, 529.0, 537.8, 549.2, 553.6, 550.3, 540.6, 528.1, 532.7, 556.2, 587.6, 560.2, 528.1, 499.0, 477.1, 497.5, 569.0, 606.4, 664.7, 707.9, 694.0, 682.1, 653.9, 657.1, 641.4, 638.3, 624.4, 571.4, 530.2, 503.4, 479.7, 432.2, 414.3, 408.7, 412.6, 423.2, 450.0, 467.9, 497.4, 510.4, 514.6, 490.3, 460.3, 426.5, 404.2, 403.6, 405.8, 378.1,-999.9,-999.9, 367.3, 396.8, 386.8, 439.6, 448.1, 431.3, 425.4, 410.5, 387.1, 397.6, 401.9, 414.9, 422.0, 431.5, 436.4, 444.5, 462.2, 461.2, 447.6, 440.0, 444.1, 446.0, 447.0, 444.6, 448.2, 451.6, 449.4, 465.0, 471.6, 481.3, 493.9, 500.7, 516.2, 520.3, 523.7, 533.3, 529.5, 551.1, 569.8, 582.1, 586.4, 592.7, 589.9, 594.5, 622.9, 630.2, 626.6, 640.8, 650.7, 692.9, 721.7, 745.8, 722.5, 691.5, 674.5, 656.2,-999.9,-999.9, 653.6, 675.3, 684.1, 688.6, 699.8,-999.9,-999.9,-999.9,-999.9, 683.7,-999.9,-999.9,-999.9,-999.9,-999.9,-999.9,-999.9,-999.9,-999.9,-999.9,-999.9,-999.9,-999.9,-999.9,-999.9,-999.9,-999.9,-999.9,-999.9,-999.9,-999.9,-999.9,-999.9,-999.9,-999.9,-999.9, 831.8, 830.7, 859.0, 852.6, 870.4, 931.9, 939.3, 904.2,-999.9,-999.9,-999.9,-999.9,-999.9,-999.9,-999.9,-999.9,-999.9,-999.9,-999.9,-999.9,-999.9,-999.9,-999.9,-999.9,-999.9,-999.9,-999.9,-999.9,
 368.3, 397.0, 424.6, 444.8, 457.2, 466.2, 473.4, 479.5, 503.4, 519.8, 531.1, 527.0, 540.2, 537.9, 539.9, 539.4, 558.5, 539.0, 522.1, 527.0, 494.9, 479.5, 487.1, 502.9, 589.3, 639.6, 700.5, 770.9, 718.6, 699.3, 663.6, 625.1, 590.6, 582.4, 553.4, 547.4, 525.0, 515.3, 505.0, 483.1, 463.5, 441.3, 427.4, 431.6, 459.1, 492.7, 523.6, 538.2, 518.9, 497.4, 464.8, 431.9, 423.0, 418.0, 371.6,-999.9,-999.9, 356.6, 380.0, 409.0, 409.1, 426.9, 413.0, 404.0, 399.1, 376.7, 367.9, 380.6, 401.0, 409.0, 404.4, 411.8, 419.0, 432.4, 436.7, 442.6, 423.6, 421.0, 423.1, 443.8, 444.6, 445.8, 442.3, 446.8, 449.8, 461.8, 467.7, 475.6, 478.3, 474.3, 491.6, 501.8, 498.0, 503.4, 521.4, 543.7, 564.8, 594.5, 590.5, 581.8, 580.8, 597.6, 631.3, 642.6, 649.2, 669.6, 699.9, 701.2, 699.5, 709.2, 696.9, 675.8, 652.9, 650.5, 641.3, 645.5, 651.3, 659.3, 662.6, 670.0, 688.0, 695.3, 661.4,-999.9, 643.3, 681.4,-999.9,-999.9,-999.9,-999.9,-999.9,-999.9,-999.9,-999.9,-999.9,-999.9,-999.9,-999.9,-999.9,-999.9,-999.9,-999.9,-999.9,-999.9,-999.9,-999.9,-999.9,-999.9,-999.9,-999.9,-999.9,-999.9, 832.4, 859.1, 852.4, 862.3, 904.8, 997.2, 987.3, 958.3,-999.9,-999.9,-999.9,-999.9,-999.9,-999.9,-999.9,-999.9,-999.9,-999.9,-999.9,-999.9,-999.9,-999.9,-999.9,-999.9,-999.9,-999.9,-999.9,-999.9,
 363.4, 395.4, 428.8, 447.0, 465.1, 478.6, 480.2, 488.0, 499.1, 507.3, 515.7, 513.6, 513.6, 520.0, 519.1, 515.7, 500.4, 491.4, 481.6, 461.0, 476.5, 499.6, 543.2, 607.6, 703.2, 795.1, 930.6, 864.0, 782.8, 685.0, 619.9, 570.5, 546.0, 522.4, 484.4, 479.5, 480.0, 497.9, 492.4, 484.6, 490.7, 483.6, 475.3, 485.5, 487.5, 528.4, 564.0, 564.2, 541.3, 505.2, 495.4, 467.1, 434.0,-999.9,-999.9, 354.5, 364.4, 401.4, 407.0, 419.1, 409.0, 402.2, 389.9, 381.8, 381.3, 375.7, 340.5, 374.6, 392.3, 391.1, 387.2, 383.7, 399.1, 403.6, 413.2, 423.5, 415.0, 408.9, 423.4, 427.7, 426.9, 438.8, 454.2, 444.4, 458.3, 468.0, 485.4, 495.5, 487.6, 487.4, 482.2, 478.7, 485.8, 511.0, 532.3, 548.7, 578.6, 595.4, 592.4, 579.9, 591.0, 615.4, 641.0, 652.2, 669.0, 690.1, 693.8, 699.7, 701.4, 707.4, 695.6, 663.3, 626.1, 622.4, 633.9, 646.9, 652.2, 664.7, 654.1, 653.6, 658.7, 671.3, 639.1,-999.9, 634.5, 679.1, 711.6,-999.9,-999.9,-999.9,-999.9,-999.9,-999.9,-999.9,-999.9,-999.9,-999.9,-999.9,-999.9,-999.9,-999.9,-999.9,-999.9,-999.9,-999.9,-999.9,-999.9,-999.9,-999.9,-999.9,-999.9,-999.9, 805.8, 871.9, 860.2, 876.8, 931.9,-999.9,-999.9,-999.9,-999.9,-999.9,-999.9,-999.9,-999.9,-999.9,-999.9,-999.9,-999.9,-999.9,-999.9,-999.9,-999.9,-999.9,-999.9,-999.9,-999.9,-999.9,-999.9,-999.9,
 360.4, 397.8, 428.3, 460.3, 476.5, 497.8, 500.6, 502.0, 504.1, 504.6, 486.5, 478.6, 477.6, 486.8, 489.5, 483.3, 493.7, 487.7, 469.3, 463.4, 502.2, 523.8, 551.8, 616.2, 648.2, 744.7, 782.9, 765.1, 726.9, 681.8, 647.6, 593.3, 505.0, 482.3, 465.5, 471.1, 493.8, 483.0, 476.2, 455.9, 454.5, 480.8, 513.5, 582.9, 604.3, 652.8, 629.7, 614.1, 549.9, 559.6, 541.7, 477.4,-999.9, 387.2, 382.6, 372.0, 384.9, 376.6, 397.0, 404.3, 383.9, 379.8, 383.7, 379.5, 372.6, 367.8, 344.9, 358.5, 367.7, 371.9, 371.8, 378.1, 367.9, 377.1, 396.7, 406.7, 401.9, 408.9, 413.2, 418.3, 425.3, 433.4, 447.5, 452.4, 470.8, 484.9, 493.1, 495.5, 494.4, 490.3, 483.1, 474.4, 480.4, 503.3, 535.8, 560.4, 582.7, 609.4, 596.8, 581.7, 591.4, 618.4, 640.0, 664.2, 678.2, 708.3, 693.5, 692.4, 704.1, 712.9, 675.9, 634.8, 602.0, 602.5, 641.0, 651.2, 653.7, 669.9, 656.3, 647.3, 641.1, 641.5, 592.5, 572.3, 632.1, 678.3,-999.9,-999.9,-999.9,-999.9,-999.9,-999.9,-999.9,-999.9,-999.9,-999.9,-999.9,-999.9,-999.9,-999.9,-999.9,-999.9,-999.9,-999.9,-999.9,-999.9,-999.9,-999.9,-999.9,-999.9,-999.9,-999.9,-999.9, 831.0, 821.3, 874.4, 927.2,-999.9,-999.9,-999.9,-999.9,-999.9,-999.9,-999.9,-999.9,-999.9,-999.9,-999.9,-999.9,-999.9,-999.9,-999.9,-999.9,-999.9,-999.9,-999.9,-999.9,-999.9,-999.9,-999.9,
 352.0, 383.8, 425.9, 474.8, 511.1, 528.8, 554.8, 567.4, 545.5, 548.2, 534.6, 519.0, 500.9, 488.3, 487.2, 492.3, 499.2, 511.0, 497.3, 465.3, 489.4, 482.1, 498.3, 496.8, 588.6, 679.9, 671.6, 665.0, 617.7, 590.5, 547.2, 522.7, 509.3, 479.9, 466.9, 471.8, 438.9, 455.0, 454.0, 454.6, 469.1, 477.4, 533.8, 592.0, 630.7, 716.9, 856.7, 830.1, 593.2,-999.9, 531.7, 510.6, 485.9, 448.8, 365.3, 341.9, 354.3, 378.2, 387.9, 388.2, 384.2, 391.9, 386.0, 371.5, 367.6, 355.1, 341.3, 347.1, 349.6, 350.4, 349.5, 349.7, 356.7, 370.0, 378.7, 385.2, 394.6, 403.4, 403.9, 410.9, 418.3, 436.4, 446.6, 463.5, 481.6, 491.5, 495.0, 504.0, 508.1, 500.6, 495.5, 484.3, 482.5, 484.5, 525.7, 561.2, 592.6, 617.3, 613.2, 599.2, 597.5, 618.2, 656.0, 679.7, 685.1, 686.9, 676.2, 675.5, 684.4, 691.8, 662.3, 636.5, 605.9, 613.6, 638.6, 662.1, 694.5, 677.2, 671.0, 660.3, 652.4, 663.6,-999.9, 624.7, 650.7, 697.4, 724.8,-999.9,-999.9,-999.9,-999.9,-999.9,-999.9,-999.9,-999.9,-999.9,-999.9,-999.9,-999.9,-999.9,-999.9,-999.9,-999.9,-999.9,-999.9,-999.9,-999.9,-999.9,-999.9,-999.9,-999.9,-999.9,-999.9, 797.4, 801.6, 852.5,-999.9,-999.9,-999.9,-999.9,-999.9,-999.9,-999.9,-999.9,-999.9,-999.9,-999.9,-999.9,-999.9,-999.9,-999.9,-999.9,-999.9,-999.9,-999.9,-999.9,-999.9,-999.9,-999.9,-999.9,
 347.2, 379.1, 423.2, 495.8, 559.4, 572.9, 587.7, 584.6, 591.1, 570.2, 551.0, 549.6, 501.2, 531.1, 514.2, 467.9, 469.6, 467.6, 445.1, 423.2, 379.0, 357.7, 367.6, 423.9, 525.6, 568.9, 573.7, 564.3, 527.7, 464.9, 453.2, 430.5, 421.5, 420.1, 448.3, 409.8, 423.4, 425.1, 394.6, 392.7, 409.1, 430.4, 498.4, 573.1, 698.1, 788.4, 892.2, 905.4, 776.9, 690.9, 645.2, 563.8, 475.5, 412.5, 371.3, 369.3, 371.3, 385.5, 391.5, 398.4, 397.0, 391.9, 380.0, 367.4, 352.7, 346.7, 334.2, 332.9, 334.0, 332.1, 335.9, 333.8, 342.8, 356.6, 365.8, 371.8, 373.1, 384.4, 386.7, 399.0, 419.4, 442.8, 454.9, 462.1, 483.2, 492.6, 493.8, 509.1, 504.3, 495.0, 490.6, 492.3, 494.9, 496.6, 529.0, 558.7, 588.3, 622.4, 623.1, 608.6, 607.5, 630.4, 654.7, 674.8, 682.9, 666.6, 672.0, 691.9, 689.9, 667.6, 655.6, 644.5, 617.0, 617.5, 634.9, 696.5, 707.5, 704.0, 697.7, 691.0, 674.4, 669.7,-999.9,-999.9, 703.2, 722.8, 748.1,-999.9,-999.9,-999.9,-999.9,-999.9,-999.9,-999.9,-999.9,-999.9,-999.9,-999.9,-999.9,-999.9,-999.9,-999.9,-999.9,-999.9,-999.9,-999.9,-999.9,-999.9,-999.9,-999.9,-999.9,-999.9,-999.9, 752.2, 784.2,-999.9,-999.9,-999.9,-999.9,-999.9,-999.9,-999.9,-999.9,-999.9,-999.9,-999.9,-999.9,-999.9,-999.9,-999.9,-999.9,-999.9,-999.9,-999.9,-999.9,-999.9,-999.9,-999.9,-999.9,-999.9,
 350.0, 379.8, 433.8, 485.6, 525.2, 544.7, 566.3, 578.5, 586.0, 572.3, 554.3, 520.9, 491.8, 485.9, 481.8, 433.5, 396.1, 396.6, 391.2, 371.6, 322.1, 325.5, 379.4, 417.6, 431.6, 450.4, 465.6, 466.5, 445.8, 427.1, 390.9, 401.4, 425.0, 405.1, 380.6, 374.9, 394.7, 403.3, 364.4, 424.3, 379.3, 400.5, 427.9, 482.2, 605.9, 695.1, 756.1, 737.6, 755.7, 666.7, 581.0, 498.9, 415.0, 386.5, 369.1, 378.7, 380.1, 384.4, 400.5, 404.6, 395.9, 395.5, 374.2, 355.6, 359.0, 347.4, 333.1, 314.0, 317.5, 305.9, 311.8, 309.3, 310.9, 323.9, 332.5, 343.2, 348.2, 355.7, 366.8, 389.5, 412.7, 433.2, 450.5, 480.5, 487.4, 495.3, 496.2, 499.7, 495.0, 491.6, 476.0, 482.1, 510.9, 517.8, 529.3, 559.8, 584.5, 613.6, 626.6, 619.2, 627.2, 652.0, 655.6, 663.4, 669.9, 670.3, 682.2, 678.8, 682.1, 699.0, 686.0, 656.6, 659.8, 636.6, 636.8, 682.2, 749.9, 764.1, 742.6, 728.8, 698.2,-999.9,-999.9,-999.9, 754.9, 756.4, 806.7, 806.9,-999.9,-999.9,-999.9,-999.9,-999.9,-999.9,-999.9,-999.9,-999.9,-999.9,-999.9,-999.9,-999.9,-999.9,-999.9,-999.9,-999.9,-999.9,-999.9,-999.9,-999.9,-999.9,-999.9,-999.9,-999.9,-999.9,-999.9,-999.9,-999.9,-999.9,-999.9,-999.9,-999.9,-999.9,-999.9,-999.9,-999.9,-999.9,-999.9,-999.9,-999.9,-999.9,-999.9,-999.9,-999.9,-999.9,-999.9,-999.9,-999.9,-999.9,-999.9,-999.9,
 338.7, 370.9, 403.3, 436.1, 465.0, 490.5, 528.4, 547.6, 561.2, 532.9, 518.4, 501.1, 472.8, 447.2, 463.1, 428.8, 370.8, 331.6, 340.1, 314.9, 311.0, 298.4, 307.1, 288.4, 289.3,-999.9, 320.5, 327.1, 320.0, 305.5, 312.1, 344.6, 374.7, 371.8, 335.3, 331.5, 355.4, 358.8, 347.6, 360.7, 341.9, 366.6, 405.3, 428.6, 508.2, 579.9, 653.9, 651.4, 620.9, 566.3, 511.4, 445.4, 386.5, 364.2, 364.5, 388.7, 384.1, 387.3, 398.5, 397.2, 400.8, 396.5, 381.0, 366.1, 352.5, 323.0, 306.2, 298.1, 294.2, 278.6, 289.6, 284.5, 281.7, 291.8, 312.0, 326.5, 336.5, 347.1, 352.4, 370.5, 396.6, 421.6, 447.9, 476.9, 486.9, 489.6, 495.6, 500.9, 491.7, 483.8, 478.8, 486.0, 520.4, 529.1, 540.4, 561.1, 579.8, 610.7, 632.3, 625.7, 636.4, 648.0, 651.3, 656.2, 671.4, 665.1, 674.1, 678.1, 701.4, 691.9, 686.9, 678.0, 658.2, 648.2, 659.1, 700.8, 744.0, 773.9, 780.7, 752.7, 723.4,-999.9,-999.9,-999.9, 764.4, 779.1, 813.8, 829.5,-999.9,-999.9,-999.9,-999.9,-999.9,-999.9,-999.9,-999.9,-999.9,-999.9,-999.9,-999.9,-999.9,-999.9,-999.9,-999.9,-999.9,-999.9,-999.9,-999.9,-999.9,-999.9,-999.9, 816.0,-999.9,-999.9,-999.9,-999.9,-999.9,-999.9,-999.9,-999.9,-999.9,-999.9,-999.9,-999.9,-999.9,-999.9,-999.9,-999.9,-999.9,-999.9,-999.9,-999.9,-999.9,-999.9,-999.9,-999.9,-999.9,-999.9,-999.9,-999.9,
 358.4, 366.6, 385.9, 398.9, 418.3, 437.7, 463.5, 480.4, 460.8, 453.5, 502.4, 513.0, 538.3, 520.2, 439.1, 450.9, 380.0, 297.4, 288.7, 296.3, 204.4, 233.0, 338.7, 304.0, 262.5, 283.4, 291.6, 284.3, 267.3, 259.6, 274.0, 266.2, 289.0, 310.3, 321.5, 330.2, 319.1, 306.1, 301.1, 284.8, 295.0, 307.2, 359.0, 375.7, 441.3, 455.0, 490.6, 535.8, 512.8, 481.7, 437.9, 389.0, 358.9, 340.1, 341.6, 349.7, 379.3, 410.9, 400.6, 404.5, 393.5, 387.8, 379.8, 354.5, 323.6, 312.3, 305.6, 288.1, 286.2, 285.8, 267.0, 267.8, 268.3, 275.1, 283.0, 297.7, 311.2, 332.5, 345.2, 356.1, 389.5, 415.2, 435.8, 462.2, 481.9, 487.0, 483.6, 484.9, 473.6, 474.7, 482.0, 497.5, 508.7, 530.3, 550.8, 563.9, 586.2, 603.8, 620.8, 630.8, 641.4, 644.1, 646.9, 647.5, 647.1, 655.7, 652.3, 660.3, 666.7, 667.3, 661.1, 653.4, 664.3, 680.1, 693.0, 715.7, 747.1, 770.4, 792.8, 783.2, 746.8,-999.9,-999.9,-999.9, 780.1, 802.2, 809.6, 816.7,-999.9,-999.9,-999.9,-999.9,-999.9,-999.9,-999.9,-999.9,-999.9,-999.9,-999.9,-999.9,-999.9,-999.9,-999.9,-999.9,-999.9,-999.9,-999.9,-999.9,-999.9,-999.9,-999.9,-999.9,-999.9,-999.9,-999.9,-999.9,-999.9,-999.9,-999.9,-999.9,-999.9,-999.9,-999.9,-999.9,-999.9,-999.9,-999.9,-999.9,-999.9,-999.9,-999.9,-999.9,-999.9,-999.9,-999.9,-999.9,-999.9,-999.9,-999.9,-999.9,
 364.0, 365.9, 370.5, 363.5, 370.8, 390.5, 407.2, 398.2, 385.5, 408.7, 448.8, 460.4, 457.9, 465.8, 455.3, 440.7, 389.7, 345.4, 276.9, 250.3, 204.8, 175.0, 248.6, 248.0, 207.2, 209.3, 215.2, 240.2, 265.8, 289.0, 281.7, 246.3, 256.3, 257.3, 272.1, 282.5, 280.9, 294.0, 282.7, 276.4, 257.4, 251.6, 297.6, 327.3, 341.1, 364.8, 389.1, 411.5, 413.3, 399.4, 357.3, 325.8, 312.1, 309.5, 311.3, 341.6, 384.6, 380.4, 385.3, 388.1, 377.0, 364.8, 354.4, 333.2, 300.8, 296.4, 281.1, 270.5, 266.4, 268.8, 247.7, 248.0, 252.5, 264.2, 268.2, 278.7, 291.4, 311.7, 329.6, 340.4, 372.8, 406.2, 426.2, 457.5, 472.4, 485.5, 480.8, 482.5, 469.9, 477.0, 485.8, 498.7, 513.2, 533.6, 555.4, 577.1, 591.4, 610.3, 620.0, 625.5, 628.1, 632.2, 635.0, 641.1, 642.0, 646.8, 641.1, 644.7, 662.3, 665.7, 664.1, 664.2, 682.3, 689.2, 713.8, 737.3, 742.2, 752.3, 773.8, 784.4, 771.5,-999.9,-999.9,-999.9, 810.2, 834.0, 825.4, 822.1, 822.8,-999.9,-999.9,-999.9,-999.9,-999.9,-999.9,-999.9,-999.9,-999.9,-999.9,-999.9,-999.9,-999.9,-999.9,-999.9,-999.9,-999.9,-999.9,-999.9,-999.9,-999.9,-999.9,-999.9,-999.9,-999.9,-999.9,-999.9,-999.9,-999.9,-999.9,-999.9,-999.9,-999.9,-999.9,-999.9,-999.9,-999.9,-999.9,-999.9,-999.9,-999.9,-999.9,-999.9,-999.9,-999.9,-999.9,-999.9,-999.9,-999.9,-999.9,-999.9,
 365.4, 365.7, 366.6, 354.1, 316.2, 328.6, 347.4, 358.0, 385.4, 420.5, 457.3, 475.3, 427.0, 405.1, 408.9, 389.3, 358.1, 292.4, 292.8, 225.2, 239.6, 250.3, 148.4, 187.5, 153.7, 144.5, 147.1, 159.6, 180.9, 196.8, 214.9, 229.9, 235.2, 239.6, 239.1, 236.2, 257.7, 255.0, 260.6, 247.1, 262.3, 262.8, 272.2, 287.2, 301.8, 322.7, 334.1, 330.3, 330.8, 303.7, 306.2, 288.9, 276.4, 284.9, 312.4, 347.4, 385.9, 375.4, 377.0, 358.0, 337.8, 323.0, 312.5, 300.6, 296.2, 279.6, 254.9, 246.8, 237.5, 245.8, 249.8, 254.0, 245.3, 246.2, 250.1, 264.9, 276.7, 296.2, 315.9, 338.5, 374.2, 414.1, 431.5, 448.2, 460.2, 457.7, 468.9, 469.5, 463.9, 471.8, 480.6, 498.1, 519.8, 538.5, 558.4, 579.3, 603.9, 612.6, 615.4, 619.5, 618.6, 610.5, 616.4, 606.1, 598.6, 610.8, 610.9, 620.2, 629.9, 640.6, 651.0, 667.4, 677.0, 709.3, 730.9, 764.9, 770.4, 768.8, 775.7, 789.8, 800.0,-999.9,-999.9,-999.9, 848.0, 864.6,-999.9,-999.9,-999.9,-999.9,-999.9,-999.9,-999.9,-999.9,-999.9,-999.9,-999.9,-999.9,-999.9,-999.9,-999.9,-999.9,-999.9,-999.9,-999.9,-999.9,-999.9,-999.9,-999.9,-999.9,-999.9,-999.9,-999.9,-999.9,-999.9,-999.9,-999.9,-999.9,-999.9,-999.9,-999.9,-999.9,-999.9,-999.9,-999.9,-999.9,-999.9,-999.9,-999.9,-999.9,-999.9,-999.9,-999.9,-999.9,-999.9,-999.9,-999.9,-999.9,-999.9,-999.9,
 364.8, 364.4, 364.6, 348.0, 317.0, 315.1, 317.9, 319.7, 329.0, 327.2, 313.4, 298.1, 319.3, 311.1, 334.2, 333.8, 303.2, 301.3, 292.9, 257.3, 236.4, 227.8, 147.4,  99.5,  98.9, 108.3, 117.1, 126.0, 166.0, 182.6, 188.7, 207.6, 225.7, 226.6, 231.3, 237.4, 258.8, 269.0, 253.4, 271.8, 259.1, 276.5, 271.3, 273.8, 274.9, 284.0, 292.7, 296.4, 273.7, 277.3, 270.3, 281.8, 262.2, 249.3, 304.2, 338.4, 350.8, 333.0, 337.9, 317.8, 296.6, 287.6, 284.9, 284.5, 276.4, 260.8, 237.5, 228.2, 219.7, 223.0, 226.8, 235.7, 229.8, 236.4, 247.6, 254.7, 271.3, 286.8, 313.1, 342.2, 380.3, 407.8, 434.9, 446.0, 452.0, 453.4, 453.0, 452.3, 456.4, 466.8, 479.9, 500.2, 522.5, 538.2, 557.9, 566.0, 596.3, 596.8, 604.3, 606.9, 601.4, 604.4, 591.9, 579.3, 578.3, 586.3, 596.0, 612.7, 635.4, 651.6, 665.5, 692.0, 713.8, 745.6, 773.4, 795.0, 790.1, 791.0, 802.0, 815.3,-999.9,-999.9,-999.9,-999.9, 876.1,-999.9,-999.9,-999.9,-999.9,-999.9,-999.9,-999.9,-999.9,-999.9,-999.9,-999.9,-999.9,-999.9,-999.9,-999.9,-999.9,-999.9,-999.9,-999.9,-999.9,-999.9,-999.9,-999.9,-999.9,-999.9,-999.9,-999.9,-999.9,-999.9,-999.9,-999.9,-999.9,-999.9,-999.9,-999.9,-999.9,-999.9,-999.9,-999.9,-999.9,-999.9,-999.9,-999.9,-999.9,-999.9,-999.9,-999.9,-999.9,-999.9,-999.9,-999.9,-999.9,-999.9,-999.9,-999.9,
 360.9, 374.4, 380.5, 365.1, 344.3, 337.5, 315.6, 312.5, 306.1, 288.3, 264.7, 255.0, 250.3, 243.1, 221.9, 206.8, 220.6, 215.6, 193.1, 237.3, 200.2, 190.7, 185.0, 116.0,  52.9,  51.9,  55.8,  64.4, 126.9, 142.8, 159.8, 157.1, 189.4, 192.7, 216.9, 256.9, 273.4, 287.2, 265.6, 276.9, 261.2, 267.9, 284.6, 276.4, 250.2, 255.8, 266.0, 283.8, 270.4, 263.2, 257.0, 255.3, 249.2, 230.8, 252.2, 277.2, 285.3, 289.9, 279.2, 267.3, 257.8, 252.2, 251.0, 240.8, 242.3, 236.7, 231.4, 228.5, 214.9, 208.5, 213.0, 216.3, 225.0, 239.0, 248.6, 255.9, 276.3, 295.6, 331.3, 365.6, 393.4, 424.2, 426.0, 444.0, 432.4, 432.3, 433.4, 437.6, 445.7, 456.6, 467.8, 480.2, 505.3, 534.1, 542.4, 558.0, 575.1, 596.3, 609.8, 606.6, 569.1, 563.2, 557.1, 553.0, 559.8, 574.5, 596.6, 610.7, 645.2, 663.7, 687.6, 717.5, 752.2, 788.3, 804.1, 805.0, 806.6, 803.1, 807.7,-999.9,-999.9,-999.9,-999.9,-999.9, 928.1,-999.9,-999.9,-999.9,-999.9,-999.9,-999.9,-999.9,-999.9,-999.9,-999.9,-999.9,-999.9,-999.9,-999.9,-999.9,-999.9,-999.9,-999.9,-999.9,-999.9,-999.9,-999.9,-999.9,-999.9,-999.9,-999.9,-999.9,-999.9,-999.9,-999.9,-999.9,-999.9,-999.9,-999.9,-999.9,-999.9,-999.9,-999.9,-999.9,-999.9,-999.9,-999.9,-999.9,-999.9,-999.9,-999.9,-999.9,-999.9,-999.9,-999.9,-999.9,-999.9,-999.9,-999.9,-999.9,
 348.6, 360.9, 370.5, 364.0, 378.4, 380.9, 377.0, 361.8, 347.0, 322.9, 357.3, 347.9, 280.9, 234.4, 196.0, 180.0, 161.9, 145.9, 152.3, 174.3, 217.1, 216.5, 207.3, 178.4,  73.2,  74.2, 127.0, 118.2, 105.0, 117.5, 141.1, 136.6, 163.0, 199.7, 202.4, 214.2, 233.8, 255.6, 238.7, 266.6, 269.9, 269.6, 271.3, 267.8, 239.2, 245.7, 246.1, 254.4, 252.1, 231.4, 223.2, 218.0, 216.0, 200.9, 226.5, 233.3, 234.1, 233.0, 224.8, 207.5, 211.4, 218.5, 223.7, 226.3, 232.5, 243.0, 232.2, 230.0, 212.3, 199.7, 207.8, 207.4, 219.9, 235.3, 244.5, 259.3, 272.4, 293.8, 334.7, 375.1, 395.5, 417.1, 423.0, 425.7, 425.8, 429.2, 429.7, 434.5, 443.6, 443.7, 455.7, 470.0, 494.0, 517.5, 526.4, 544.1, 554.9, 572.8, 585.2, 583.3, 536.3, 536.8, 542.0, 542.3, 549.5, 572.3, 596.6, 619.3, 658.2, 698.9, 704.2, 747.7, 780.2, 827.9, 837.5, 852.8, 837.2, 824.9,-999.9,-999.9,-999.9,-999.9,-999.9,-999.9, 992.6, 982.5,-999.9,-999.9,-999.9,-999.9,-999.9,-999.9,-999.9,-999.9,-999.9,-999.9,-999.9,-999.9,-999.9,-999.9,-999.9,-999.9,-999.9,-999.9,-999.9,-999.9,-999.9,-999.9,-999.9,-999.9,-999.9,-999.9,-999.9,-999.9,-999.9,-999.9,-999.9,-999.9,-999.9,-999.9,-999.9,-999.9,-999.9,-999.9,-999.9,-999.9,-999.9,-999.9,-999.9,-999.9,-999.9,-999.9,-999.9,-999.9,-999.9,-999.9,-999.9,-999.9,-999.9,-999.9,
 340.7, 346.0, 336.2, 328.8, 314.3, 309.9, 298.8, 313.3, 368.8, 354.3, 324.5, 272.3, 250.9, 220.3, 184.8, 168.5, 160.6, 136.1, 126.9, 119.6, 149.6, 174.2, 172.9, 197.0, 202.4, 183.7, 147.0, 165.3, 120.5, 106.1, 128.9, 191.0, 170.7, 176.6, 183.1, 197.5, 215.9, 237.1, 192.7, 205.2, 240.1, 281.7, 305.5, 277.3, 263.0, 255.0, 252.9, 260.5, 228.6, 212.3, 198.7, 190.6, 185.2, 186.5, 194.9, 173.3, 163.7, 169.0, 166.3, 178.5, 162.3, 176.8, 181.1, 190.3, 198.3, 206.2, 217.4, 212.5, 203.1, 198.5, 204.0, 214.4, 217.4, 231.1, 246.7, 263.7, 293.5, 304.7, 326.1, 367.8, 387.1, 405.6, 404.7, 414.1, 418.4, 419.0, 426.3, 434.4, 438.3, 439.9, 447.9, 453.5, 475.3, 494.8, 510.1, 519.1, 546.3, 547.9, 546.0, 542.3, 519.8, 533.2, 539.3, 537.9, 559.0, 579.0, 611.2, 632.8, 663.2, 693.4, 725.3, 763.9, 795.8, 830.9, 844.0, 861.2, 849.0,-999.9,-999.9,-999.9,-999.9,-999.9,-999.9,-999.9,1021.8, 946.4, 937.1,-999.9,-999.9,-999.9,-999.9,-999.9,-999.9,-999.9,-999.9,-999.9,-999.9,-999.9,-999.9,-999.9,-999.9,-999.9,-999.9,-999.9,-999.9,-999.9,-999.9,-999.9,-999.9,-999.9,-999.9,-999.9,-999.9,-999.9,-999.9,-999.9,-999.9,-999.9,-999.9,-999.9,-999.9,-999.9,-999.9,-999.9,-999.9,-999.9,-999.9,-999.9,-999.9,-999.9,-999.9,-999.9,-999.9,-999.9,-999.9,-999.9,-999.9,-999.9,-999.9,-999.9,
 333.5, 327.0, 313.9,-999.9, 289.8, 290.1, 279.2, 250.4, 319.3, 258.7, 228.1, 216.3, 187.9, 177.9, 170.4, 164.4, 158.7, 142.0, 127.8, 113.2, 115.5, 109.1, 105.7, 148.7, 141.7, 171.6, 183.3, 176.3, 119.3,  91.1,  72.5,  97.0, 181.7, 202.4, 189.5, 163.2, 173.0, 212.2, 170.4, 192.3, 210.2, 231.7, 281.0, 264.9, 257.7, 213.0, 208.5, 214.4, 200.6, 188.3, 177.6, 166.0, 163.7, 165.6, 147.8, 135.0, 133.9, 143.7, 146.0, 156.5, 147.0, 157.3, 164.8, 173.7, 183.7, 194.4, 201.0, 207.9, 204.0, 202.5, 203.5, 215.6, 214.8, 229.4, 247.6, 266.8, 284.8, 309.4, 337.1, 365.2, 381.7, 381.5, 403.6, 409.0, 415.5, 425.7, 429.7, 439.9, 439.6, 447.7, 452.3, 468.3, 486.3, 495.0, 502.2, 504.8, 525.4, 526.7, 528.5, 534.6, 511.6, 524.4, 551.7, 554.0, 564.9, 594.8, 620.1, 643.9, 668.8, 697.1, 735.9, 783.0, 818.9, 861.3, 868.8, 842.5,-999.9,-999.9,-999.9,-999.9,-999.9,-999.9,-999.9,-999.9, 979.1,-999.9,-999.9,-999.9,-999.9,-999.9,-999.9,-999.9,-999.9,-999.9,-999.9,-999.9,-999.9,-999.9,-999.9,-999.9,-999.9,-999.9,-999.9,-999.9,-999.9,-999.9,-999.9,-999.9,-999.9,-999.9,-999.9,-999.9,-999.9,-999.9,-999.9,-999.9,-999.9,-999.9,-999.9,-999.9,-999.9,-999.9,-999.9,-999.9,-999.9,-999.9,-999.9,-999.9,-999.9,-999.9,-999.9,-999.9,-999.9,-999.9,-999.9,-999.9,-999.9,-999.9,-999.9,-999.9,
 333.6, 347.1, 387.0, 342.6, 274.5, 362.7, 224.3, 208.8, 202.2, 197.7, 193.3, 179.4, 164.7, 157.2, 155.6, 161.6, 145.9, 141.9, 130.9, 120.9, 126.3,  99.5,  83.0,  71.1,  80.7,  98.7, 121.2, 149.5, 180.9, 128.9, 127.4, 156.9, 155.6, 192.9, 146.0, 194.9, 172.7, 141.8, 114.3, 124.6, 131.3, 157.8, 183.2, 187.9, 179.5, 159.7, 170.2, 177.0, 155.6, 141.8, 135.3, 130.0, 120.8, 120.6, 117.5, 115.3, 120.9, 123.7, 121.4, 122.8, 142.1, 155.9, 161.8, 170.6, 177.1, 186.0, 188.7, 200.9, 221.7, 220.8, 227.4, 227.0, 220.8, 239.6, 274.0, 286.0, 289.4, 316.0, 338.3, 354.9, 371.6, 393.0, 397.8, 398.2, 399.8, 412.0, 425.3, 436.0, 448.0, 460.5, 470.3, 481.9, 501.6, 510.9, 523.2, 517.9, 516.0, 508.6, 530.1, 538.4, 520.0, 529.9, 548.8, 562.3, 572.8, 598.1, 627.5, 650.1, 687.2, 719.8, 766.3, 794.6, 838.8, 857.1, 828.9,-999.9,-999.9,-999.9,-999.9,-999.9,-999.9,-999.9,-999.9,-999.9,-999.9,-999.9,-999.9,-999.9,-999.9,-999.9,-999.9,-999.9,-999.9,-999.9,-999.9,-999.9,-999.9,-999.9,-999.9,1397.3,-999.9,-999.9,-999.9,-999.9,-999.9,-999.9,-999.9,-999.9,-999.9,-999.9,-999.9,-999.9,-999.9,-999.9,-999.9,-999.9,-999.9,-999.9,-999.9,-999.9,-999.9,-999.9,-999.9,-999.9,-999.9,-999.9,-999.9,-999.9,-999.9,-999.9,-999.9,-999.9,-999.9,-999.9,-999.9,-999.9,-999.9,-999.9,-999.9,-999.9,
 408.7, 413.7, 406.4, 371.9, 292.1, 249.8, 367.6, 313.6, 279.5, 255.3, 224.9, 214.9, 163.9, 158.4, 154.1, 151.0, 132.9, 138.4, 149.6, 147.4, 134.7, 157.6, 123.4,  85.6, 102.2,  93.5,  96.4,  98.5, 114.6,  85.4, 111.6, 109.3, 132.0, 173.4, 211.7, 215.1, 213.8, 193.2, 153.7, 141.8, 141.5, 121.6, 133.6, 149.8, 148.7, 135.3, 143.7, 149.0, 137.0, 133.3, 124.4, 113.3, 114.2, 109.2, 114.6, 118.0, 125.1, 127.1, 109.9, 110.1, 124.3, 130.9, 139.2, 153.1, 158.1, 165.9, 172.7, 188.7, 218.4, 231.5, 236.4, 226.6, 232.3, 247.8, 274.2, 298.8, 298.2, 321.9, 342.7, 360.6, 371.5, 390.0, 377.4, 390.5, 399.4, 408.3, 431.3, 449.6, 460.5, 478.7, 484.4, 505.6, 522.9, 531.7, 535.7, 533.0, 524.1, 514.3, 538.0, 541.6, 524.0, 533.6, 552.4, 574.9, 589.0, 606.6, 634.1, 667.8, 704.1, 754.7, 793.9, 816.5, 810.3, 793.6,-999.9,-999.9,-999.9,-999.9,-999.9,-999.9,-999.9,-999.9,-999.9,1089.2,1079.3,-999.9,-999.9,-999.9,-999.9,-999.9,-999.9,-999.9,-999.9,-999.9,-999.9,1296.1,-999.9,-999.9,-999.9,-999.9,-999.9,-999.9,-999.9,-999.9,-999.9,-999.9,-999.9,-999.9,-999.9,-999.9,-999.9,-999.9,-999.9,-999.9,-999.9,-999.9,-999.9,-999.9,-999.9,-999.9,-999.9,-999.9,-999.9,-999.9,-999.9,-999.9,-999.9,-999.9,-999.9,-999.9,-999.9,-999.9,-999.9,-999.9,-999.9,-999.9,-999.9,-999.9,-999.9,-999.9,
