-999.900,-999.900,-999.900,-999.900,-999.900,-999.900,-999.900,-999.900,-999.900,-999.900,-999.900,-999.900,   1.453,   1.397,   1.352,   1.292,   1.259,   1.193,   1.178,   1.156,   1.119,   1.129,   1.126,   1.115,   1.101,   1.097,   1.077,   1.076,   1.072,   1.041,   1.042,   1.032,   0.996,   0.986,   0.970,   0.941,   0.929,   0.924,   0.918,   0.920,   0.883,   0.879,   0.892,   0.857,   0.816,   0.796,   0.760,   0.740,   0.714,   0.704,   0.699,   0.694,   0.667,   0.658,   0.637,   0.628,   0.594,   0.576,   0.564,   0.547,   0.551,   0.559,   0.561,   0.558,   0.547,-999.900,-999.900,-999.900,-999.900,-999.900,-999.900,-999.900,-999.900,-999.900,-999.900,-999.900,-999.900,-999.900,-999.900,-999.900,-999.900,-999.900,-999.900,-999.900,-999.900,-999.900,-999.900,-999.900,-999.900,-999.900,-999.900,-999.900,-999.900,-999.900,-999.900,-999.900,-999.900,-999.900,-999.900,-999.900,-999.900,-999.900,-999.900,-999.900,-999.900,-999.900,-999.900,-999.900,-999.900,-999.900,-999.900,-999.900,-999.900,-999.900,-999.900,-999.900,   0.322,   0.309,   0.296,-999.900,   0.273,-999.900,-999.900,-999.900,-999.900,-999.900,-999.900,-999.900,-999.900,-999.900,-999.900,-999.900,-999.900,-999.900,-999.900,-999.900,   0.393,   0.385,   0.373,   0.359,-999.900,-999.900,-999.900,-999.900,-999.900,-999.900,-999.900,-999.900,-999.900,-999.900,-999.900,-999.900,-999.900,-999.900,-999.900,-999.900,-999.900,-999.900,-999.900,-999.900,-999.900,-999.900,-999.900,-999.900,-999.900,-999.900,-999.900,-999.900,-999.900,-999.900,-999.900,-999.900,-999.900,-999.900,-999.900,-999.900,-999.900,-999.900,-999.900,-999.900,
-999.900,-999.900,-999.900,-999.900,-999.900,-999.900,-999.900,-999.900,-999.900,-999.900,-999.900,-999.900,-999.900,   1.465,   1.395,   1.329,   1.267,   1.241,   1.209,   1.208,   1.184,   1.167,   1.144,   1.142,   1.118,   1.143,   1.104,   1.100,   1.071,   1.058,   1.032,   1.012,   0.989,   0.991,   0.963,   0.967,   0.955,   0.935,   0.941,   0.912,   0.899,   0.886,   0.870,   0.842,   0.818,   0.789,   0.751,   0.749,   0.741,   0.732,   0.722,   0.720,   0.674,   0.668,   0.646,   0.619,   0.593,   0.588,   0.574,   0.542,-999.900,-999.900,-999.900,-999.900,   0.542,   0.542,-999.900,-999.900,-999.900,-999.900,-999.900,-999.900,-999.900,-999.900,-999.900,-999.900,-999.900,-999.900,-999.900,-999.900,-999.900,-999.900,-999.900,-999.900,-999.900,-999.900,-999.900,-999.900,-999.900,-999.900,-999.900,-999.900,-999.900,-999.900,-999.900,-999.900,-999.900,-999.900,-999.900,-999.900,-999.900,-999.900,-999.900,-999.900,-999.900,-999.900,-999.900,-999.900,-999.900,-999.900,-999.900,-999.900,-999.900,-999.900,-999.900,-999.900,-999.900,-999.900,-999.900,-999.900,   0.274,   0.274,-999.900,-999.900,-999.900,-999.900,-999.900,-999.900,-999.900,-999.900,-999.900,-999.900,-999.900,-999.900,-999.900,-999.900,-999.900,-999.900,-999.900,-999.900,-999.900,-999.900,-999.900,-999.900,-999.900,-999.900,-999.900,-999.900,-999.900,-999.900,-999.900,-999.900,-999.900,-999.900,-999.900,-999.900,-999.900,-999.900,-999.900,-999.900,-999.900,-999.900,-999.900,-999.900,-999.900,-999.900,-999.900,-999.900,-999.900,-999.900,-999.900,-999.900,-999.900,-999.900,-999.900,-999.900,-999.900,-999.900,-999.900,-999.900,
-999.900,-999.900,-999.900,-999.900,-999.900,-999.900,-999.900,-999.900,   1.889,   1.806,   1.689,   1.656,   1.601,   1.524,   1.452,   1.363,   1.298,   1.299,   1.262,   1.253,   1.220,   1.201,   1.196,   1.173,   1.158,   1.171,   1.155,   1.145,   1.108,   1.082,   1.092,   1.067,   1.045,   1.014,   1.000,   0.961,   0.949,   0.911,   0.921,   0.893,   0.887,   0.881,   0.864,   0.854,   0.823,   0.788,   0.775,   0.767,   0.748,   0.735,   0.723,   0.699,   0.683,   0.671,   0.645,   0.632,   0.607,-999.900,-999.900,   0.562,   0.541,   0.542,   0.541,   0.545,   0.543,   0.539,   0.528,-999.900,-999.900,-999.900,-999.900,   0.521,-999.900,-999.900,-999.900,-999.900,-999.900,-999.900,-999.900,-999.900,-999.900,-999.900,-999.900,-999.900,-999.900,-999.900,-999.900,-999.900,   0.720,   0.697,-999.900,-999.900,-999.900,-999.900,-999.900,-999.900,-999.900,-999.900,-999.900,-999.900,-999.900,-999.900,-999.900,-999.900,-999.900,-999.900,-999.900,-999.900,-999.900,-999.900,-999.900,-999.900,-999.900,-999.900,-999.900,-999.900,-999.900,-999.900,-999.900,-999.900,-999.900,-999.900,   0.295,   0.312,   0.329,   0.344,-999.900,-999.900,-999.900,-999.900,-999.900,-999.900,-999.900,-999.900,-999.900,-999.900,-999.900,-999.900,-999.900,-999.900,-999.900,-999.900,-999.900,-999.900,-999.900,-999.900,-999.900,-999.900,-999.900,-999.900,-999.900,-999.900,-999.900,-999.900,-999.900,-999.900,-999.900,-999.900,-999.900,-999.900,-999.900,-999.900,-999.900,-999.900,-999.900,-999.900,-999.900,-999.900,-999.900,-999.900,-999.900,-999.900,-999.900,-999.900,-999.900,-999.900,-999.900,-999.900,-999.900,-999.900,
-999.900,   2.489,   2.489,   2.388,   2.246,   2.157,   2.125,   2.038,   1.925,   1.842,   1.761,   1.680,   1.627,   1.562,   1.482,   1.382,   1.334,   1.324,   1.304,   1.285,   1.257,   1.227,   1.202,   1.201,   1.156,   1.170,   1.141,   1.136,   1.129,   1.079,   1.092,   1.079,   1.035,   1.029,   1.000,   0.967,   0.956,   0.937,   0.927,   0.916,   0.895,   0.886,   0.879,   0.869,   0.863,   0.814,   0.783,   0.778,   0.756,   0.739,   0.740,   0.718,   0.688,   0.662,   0.638,   0.621,   0.607,   0.612,   0.588,   0.581,   0.573,   0.554,   0.550,   0.545,   0.547,   0.537,   0.530,   0.517,   0.504,   0.508,   0.519,   0.531,   0.555,   0.584,   0.583,   0.606,   0.616,   0.636,-999.900,-999.900,-999.900,-999.900,-999.900,-999.900,-999.900,-999.900,-999.900,   0.750,   0.737,   0.728,   0.709,   0.674,   0.657,   0.654,   0.621,   0.587,   0.564,   0.544,-999.900,-999.900,-999.900,-999.900,-999.900,-999.900,-999.900,-999.900,-999.900,-999.900,-999.900,-999.900,-999.900,-999.900,-999.900,-999.900,-999.900,-999.900,-999.900,-999.900,-999.900,-999.900,-999.900,-999.900,-999.900,   0.328,   0.345,   0.358,   0.371,-999.900,-999.900,-999.900,-999.900,-999.900,-999.900,-999.900,-999.900,-999.900,-999.900,-999.900,-999.900,-999.900,-999.900,-999.900,-999.900,-999.900,-999.900,-999.900,-999.900,-999.900,-999.900,-999.900,-999.900,-999.900,-999.900,-999.900,-999.900,-999.900,-999.900,-999.900,-999.900,-999.900,-999.900,-999.900,-999.900,-999.900,-999.900,-999.900,-999.900,-999.900,-999.900,-999.900,-999.900,-999.900,-999.900,-999.900,-999.900,-999.900,-999.900,-999.900,-999.900,-999.900,
-999.900,   2.606,   2.491,   2.396,   2.265,   2.192,   2.157,   2.045,   1.953,   1.892,   1.790,   1.715,   1.637,   1.588,   1.530,   1.447,   1.392,   1.350,   1.300,   1.276,   1.263,   1.263,   1.210,   1.195,   1.189,   1.191,   1.186,   1.155,   1.129,   1.119,   1.101,   1.076,   1.051,   1.026,   1.003,   0.981,   0.964,   0.947,   0.937,   0.905,   0.884,   0.873,   0.862,   0.861,   0.851,   0.834,   0.816,   0.799,   0.771,   0.759,   0.736,   0.731,   0.711,   0.691,   0.676,   0.650,   0.644,   0.637,   0.612,   0.594,   0.578,   0.572,   0.562,   0.552,   0.548,   0.531,   0.513,   0.515,   0.501,   0.512,   0.525,   0.538,   0.555,   0.567,   0.589,   0.610,   0.633,   0.657,   0.670,   0.685,   0.697,   0.698,   0.732,   0.738,   0.792,   0.801,   0.805,   0.793,   0.773,   0.760,   0.736,   0.720,   0.700,   0.675,   0.638,   0.604,   0.569,   0.539,-999.900,-999.900,-999.900,-999.900,-999.900,-999.900,-999.900,-999.900,-999.900,-999.900,-999.900,-999.900,-999.900,-999.900,-999.900,-999.900,-999.900,-999.900,-999.900,-999.900,-999.900,-999.900,-999.900,-999.900,   0.331,   0.342,-999.900,-999.900,-999.900,-999.900,-999.900,-999.900,-999.900,-999.900,-999.900,-999.900,-999.900,-999.900,-999.900,-999.900,-999.900,-999.900,-999.900,-999.900,-999.900,-999.900,-999.900,-999.900,-999.900,-999.900,-999.900,-999.900,-999.900,-999.900,-999.900,-999.900,-999.900,-999.900,-999.900,-999.900,-999.900,-999.900,-999.900,-999.900,-999.900,-999.900,-999.900,-999.900,-999.900,-999.900,-999.900,-999.900,-999.900,-999.900,-999.900,-999.900,-999.900,-999.900,-999.900,-999.900,-999.900,-999.900,
-999.900,-999.900,-999.900,-999.900,   2.302,   2.264,   2.184,   2.112,   2.004,   1.885,   1.814,   1.750,   1.679,   1.599,   1.554,   1.516,   1.438,   1.390,   1.322,   1.333,   1.309,   1.292,   1.270,   1.212,   1.216,   1.179,   1.177,   1.168,   1.155,   1.142,   1.145,   1.098,   1.056,   1.027,   0.994,   0.983,   0.967,   0.950,   0.935,   0.905,   0.897,   0.900,   0.869,   0.868,   0.862,   0.820,   0.816,   0.794,   0.785,   0.757,   0.746,   0.747,   0.741,   0.723,   0.721,   0.711,   0.695,   0.677,   0.652,   0.640,   0.602,   0.594,   0.579,   0.578,   0.566,   0.546,   0.522,   0.507,   0.493,   0.518,   0.527,   0.547,   0.568,   0.588,   0.594,   0.618,   0.641,   0.661,   0.676,   0.689,   0.710,   0.728,   0.742,   0.756,   0.788,   0.810,   0.823,   0.839,   0.830,   0.814,   0.805,   0.765,   0.729,   0.699,   0.694,   0.649,   0.579,   0.544,-999.900,-999.900,-999.900,-999.900,-999.900,-999.900,-999.900,-999.900,-999.900,-999.900,-999.900,-999.900,-999.900,-999.900,-999.900,-999.900,-999.900,-999.900,-999.900,-999.900,-999.900,   0.311,   0.316,   0.341,   0.347,   0.368,   0.375,   0.392,   0.406,   0.425,   0.438,   0.460,   0.477,   0.497,   0.531,   0.544,   0.557,   0.562,   0.571,   0.559,-999.900,-999.900,-999.900,-999.900,-999.900,-999.900,-999.900,-999.900,-999.900,-999.900,-999.900,-999.900,-999.900,-999.900,-999.900,-999.900,-999.900,-999.900,-999.900,-999.900,-999.900,-999.900,-999.900,-999.900,-999.900,-999.900,-999.900,-999.900,-999.900,-999.900,-999.900,-999.900,-999.900,-999.900,-999.900,-999.900,-999.900,-999.900,-999.900,-999.900,-999.900,-999.900,
   2.556,   2.502,   2.475,-999.900,   2.327,   2.240,   2.159,   2.085,   2.015,   1.926,   1.888,   1.789,   1.692,   1.633,   1.556,   1.522,   1.464,   1.417,   1.389,   1.355,   1.356,   1.331,   1.326,   1.270,   1.246,   1.216,   1.206,   1.183,   1.182,   1.156,   1.140,   1.117,   1.081,   1.039,   1.023,   0.994,   0.960,   0.926,   0.924,   0.907,   0.886,   0.863,   0.853,   0.832,   0.817,   0.822,   0.824,   0.810,   0.807,   0.817,   0.804,   0.786,   0.771,   0.756,   0.746,   0.733,   0.714,   0.706,   0.682,   0.657,   0.641,   0.621,   0.601,   0.588,   0.580,   0.576,   0.565,   0.546,   0.519,   0.532,   0.541,   0.562,   0.572,   0.594,   0.617,   0.625,   0.658,   0.677,   0.690,   0.706,   0.736,   0.747,   0.752,   0.771,   0.798,   0.821,   0.828,   0.841,   0.861,   0.840,   0.820,   0.828,   0.811,   0.762,   0.727,   0.680,   0.643,   0.564,-999.900,-999.900,-999.900,-999.900,-999.900,-999.900,-999.900,   0.409,-999.900,-999.900,-999.900,-999.900,-999.900,-999.900,-999.900,-999.900,-999.900,-999.900,-999.900,-999.900,-999.900,   0.322,   0.345,   0.356,   0.373,   0.376,   0.396,   0.412,   0.422,   0.451,   0.465,   0.483,   0.501,   0.529,   0.555,   0.581,   0.605,   0.623,   0.623,   0.616,   0.602,   0.574,-999.900,-999.900,-999.900,-999.900,-999.900,-999.900,-999.900,-999.900,-999.900,-999.900,-999.900,-999.900,-999.900,-999.900,-999.900,-999.900,-999.900,-999.900,-999.900,-999.900,-999.900,-999.900,-999.900,-999.900,-999.900,-999.900,-999.900,-999.900,-999.900,-999.900,-999.900,-999.900,-999.900,-999.900,-999.900,-999.900,-999.900,-999.900,-999.900,-999.900,
   2.496,   2.477,   2.426,   2.341,   2.284,-999.900,   2.107,   2.074,   2.012,   1.951,   1.880,   1.829,   1.729,   1.658,   1.599,   1.534,   1.472,   1.475,   1.438,   1.418,   1.389,   1.354,   1.313,   1.297,   1.258,   1.235,   1.229,   1.213,   1.195,   1.155,   1.135,   1.117,   1.081,   1.051,   1.009,   0.985,   0.972,   0.936,   0.919,   0.900,   0.876,   0.857,   0.858,   0.840,   0.846,   0.852,   0.842,   0.837,   0.829,   0.818,   0.811,   0.800,   0.790,   0.781,   0.773,   0.762,   0.750,   0.737,   0.716,   0.688,   0.677,   0.663,   0.633,   0.622,   0.599,   0.604,   0.590,   0.570,   0.578,   0.550,   0.551,   0.563,   0.576,   0.605,   0.621,   0.642,   0.667,   0.685,   0.695,   0.706,   0.736,   0.744,   0.762,   0.787,   0.803,   0.844,   0.907,   0.901,   0.902,   0.896,   0.849,   0.862,   0.852,   0.814,   0.769,   0.728,   0.682,   0.599,   0.556,-999.900,-999.900,-999.900,-999.900,-999.900,   0.427,   0.421,   0.412,   0.402,   0.391,   0.384,   0.376,   0.369,   0.373,   0.360,   0.350,   0.347,   0.340,   0.338,   0.342,   0.345,   0.359,   0.364,   0.385,   0.400,   0.417,   0.422,   0.442,   0.457,   0.487,   0.502,   0.536,   0.560,   0.579,   0.606,   0.649,   0.668,   0.675,   0.654,   0.621,   0.596,   0.576,   0.562,   0.558,   0.532,-999.900,-999.900,-999.900,-999.900,-999.900,-999.900,-999.900,-999.900,-999.900,-999.900,-999.900,-999.900,-999.900,-999.900,-999.900,-999.900,-999.900,-999.900,-999.900,-999.900,-999.900,-999.900,-999.900,-999.900,-999.900,-999.900,-999.900,-999.900,-999.900,-999.900,-999.900,-999.900,-999.900,-999.900,-999.900,-999.900,
   2.405,   2.405,   2.360,   2.315,   2.230,   2.196,   2.138,   2.076,   2.007,   1.949,   1.870,   1.814,   1.731,   1.639,   1.613,   1.563,   1.527,   1.484,   1.472,   1.438,   1.408,   1.385,   1.366,   1.362,   1.327,   1.311,   1.292,   1.268,   1.253,   1.233,   1.171,   1.117,   1.098,   1.055,   1.025,   0.996,   0.974,   0.956,   0.950,   0.947,   0.913,   0.894,   0.884,   0.862,   0.849,   0.847,   0.845,   0.846,   0.832,   0.807,   0.819,   0.813,   0.803,   0.793,   0.779,   0.784,   0.782,   0.771,   0.750,   0.713,   0.708,   0.693,   0.675,   0.671,   0.638,   0.625,   0.604,   0.604,   0.609,   0.603,   0.582,   0.580,   0.593,   0.617,   0.628,   0.653,   0.676,   0.687,   0.696,   0.725,   0.742,   0.749,   0.767,   0.820,   0.835,   0.867,   0.916,   0.922,   0.906,   0.872,   0.851,   0.823,   0.835,   0.817,   0.802,   0.755,   0.735,   0.677,   0.613,   0.552,   0.532,   0.494,   0.462,   0.446,   0.437,   0.420,   0.414,   0.404,   0.411,   0.409,   0.395,   0.378,   0.376,   0.369,   0.372,   0.370,   0.361,   0.356,   0.350,   0.368,   0.371,   0.389,   0.398,   0.418,   0.421,   0.441,   0.462,   0.472,   0.511,   0.529,   0.551,   0.584,   0.613,   0.633,   0.673,   0.715,   0.693,   0.688,   0.673,   0.640,   0.616,   0.602,   0.580,   0.566,   0.549,   0.529,   0.527,   0.524,   0.522,   0.520,   0.503,   0.493,   0.474,   0.459,   0.443,   0.442,   0.429,   0.419,   0.405,-999.900,-999.900,-999.900,-999.900,-999.900,-999.900,-999.900,-999.900,-999.900,-999.900,-999.900,-999.900,-999.900,-999.900,-999.900,-999.900,-999.900,-999.900,-999.900,-999.900,-999.900,
   2.373,   2.357,   2.296,   2.227,   2.216,   2.148,   2.087,   2.089,   2.008,   1.935,   1.853,   1.811,   1.736,   1.684,   1.632,   1.585,   1.565,   1.536,   1.513,   1.480,   1.413,   1.387,   1.388,   1.345,   1.334,   1.326,   1.312,   1.291,   1.254,   1.218,   1.189,   1.181,   1.140,   1.108,   1.078,   1.036,   1.007,   0.974,   0.949,   0.936,   0.918,   0.896,   0.859,   0.850,   0.832,   0.838,   0.833,   0.815,   0.821,   0.830,   0.816,   0.816,   0.819,   0.813,   0.791,   0.802,   0.788,   0.794,   0.794,   0.767,   0.740,   0.725,   0.717,   0.698,   0.654,   0.643,   0.638,   0.651,   0.642,   0.634,   0.632,   0.612,   0.615,   0.629,   0.640,   0.657,   0.672,   0.698,   0.701,   0.721,   0.747,   0.768,   0.812,   0.838,   0.849,   0.864,   0.871,   0.911,   0.891,   0.871,   0.862,   0.838,   0.833,   0.816,   0.812,   0.801,   0.766,   0.754,   0.687,   0.631,   0.595,   0.530,   0.499,   0.455,   0.439,   0.423,   0.418,   0.420,   0.445,   0.442,   0.407,   0.398,   0.391,   0.387,   0.381,   0.392,   0.385,   0.389,   0.388,   0.397,   0.415,   0.419,   0.424,   0.423,   0.442,   0.448,   0.469,   0.495,   0.517,   0.546,   0.569,   0.594,   0.630,   0.666,   0.685,   0.710,   0.744,   0.701,   0.680,   0.660,   0.642,   0.623,   0.608,   0.585,   0.581,   0.573,   0.567,   0.566,   0.531,   0.526,   0.522,   0.506,   0.499,   0.485,   0.474,   0.457,   0.459,   0.446,   0.437,   0.421,-999.900,-999.900,-999.900,-999.900,-999.900,-999.900,-999.900,-999.900,-999.900,-999.900,-999.900,-999.900,-999.900,-999.900,-999.900,-999.900,-999.900,-999.900,-999.900,-999.900,
   2.306,   2.324,   2.295,   2.253,   2.190,   2.167,   2.103,   2.057,   1.976,   1.927,   1.856,   1.781,   1.735,   1.695,   1.651,   1.566,   1.583,   1.522,   1.469,   1.445,   1.416,   1.416,   1.406,   1.429,   1.476,   1.429,   1.375,   1.339,   1.305,   1.274,   1.272,   1.254,   1.188,   1.141,   1.102,   1.091,   1.079,   1.025,   0.979,   0.956,   0.919,   0.887,   0.843,   0.829,   0.826,   0.835,   0.833,   0.822,   0.817,   0.812,   0.827,   0.845,   0.864,   0.843,   0.814,   0.832,   0.827,   0.825,   0.838,   0.800,   0.759,   0.755,   0.750,   0.720,   0.708,   0.679,   0.691,   0.701,   0.668,   0.681,   0.670,   0.660,   0.649,   0.642,   0.649,   0.665,   0.674,   0.702,   0.716,   0.727,   0.778,   0.796,   0.816,   0.836,   0.844,   0.859,   0.859,   0.889,   0.884,   0.854,   0.849,   0.836,   0.839,   0.838,   0.842,   0.846,   0.816,   0.808,   0.785,   0.729,   0.630,   0.559,   0.502,   0.456,   0.439,   0.431,   0.447,   0.453,   0.457,   0.412,   0.410,   0.413,   0.430,   0.456,   0.437,   0.458,   0.465,   0.471,   0.466,   0.504,   0.490,   0.481,   0.493,   0.494,   0.502,   0.497,   0.526,   0.533,   0.533,   0.568,   0.585,   0.604,   0.634,   0.662,   0.692,   0.739,   0.753,   0.747,   0.694,   0.670,   0.663,   0.656,   0.618,   0.614,   0.612,   0.592,   0.592,   0.561,   0.566,   0.569,   0.558,   0.545,   0.536,   0.516,   0.507,   0.488,   0.476,   0.474,   0.466,   0.457,-999.900,-999.900,-999.900,-999.900,-999.900,-999.900,-999.900,   0.415,-999.900,-999.900,-999.900,-999.900,-999.900,-999.900,-999.900,   0.371,   0.370,   0.372,   0.386,-999.900,
   2.257,   2.243,   2.224,   2.169,   2.123,   2.065,   2.025,   1.976,   1.963,   1.905,   1.863,   1.808,   1.729,   1.641,   1.635,   1.596,   1.563,   1.534,   1.500,   1.490,   1.445,   1.436,   1.435,   1.431,   1.443,   1.418,   1.390,   1.351,   1.352,   1.347,   1.412,   1.377,   1.296,   1.229,   1.184,   1.164,   1.123,   1.053,   0.975,   0.931,   0.911,   0.877,   0.832,   0.804,   0.807,   0.807,   0.813,   0.800,   0.822,   0.813,   0.824,   0.827,   0.833,   0.835,   0.830,   0.836,   0.820,   0.815,   0.808,   0.798,   0.794,   0.781,   0.759,   0.754,   0.734,   0.719,   0.743,   0.714,   0.684,   0.681,   0.673,   0.684,   0.670,   0.660,   0.647,   0.661,   0.678,   0.702,   0.715,   0.740,   0.756,   0.778,   0.798,   0.806,   0.834,   0.843,   0.879,   0.883,   0.881,   0.866,   0.852,   0.843,   0.833,   0.865,   0.895,   0.883,   0.903,   0.943,   0.827,   0.744,   0.672,   0.601,   0.517,   0.469,   0.462,   0.472,   0.442,   0.427,   0.405,   0.415,   0.420,   0.436,   0.452,   0.471,   0.458,   0.470,   0.473,   0.489,   0.482,   0.508,   0.487,   0.474,   0.487,   0.519,   0.522,   0.532,   0.515,   0.533,   0.544,   0.585,   0.611,   0.613,   0.644,   0.655,   0.700,   0.693,   0.744,   0.753,   0.744,   0.711,   0.684,   0.666,   0.641,   0.631,   0.619,   0.608,   0.610,   0.593,   0.589,   0.589,   0.579,   0.560,   0.546,   0.528,   0.525,   0.508,   0.511,   0.501,   0.502,   0.490,   0.477,   0.465,   0.450,   0.444,   0.451,   0.457,   0.473,   0.484,   0.481,   0.486,   0.470,   0.462,   0.448,   0.426,   0.421,   0.408,   0.416,   0.409,-999.900,-999.900,
   2.224,   2.201,   2.161,   2.164,   2.126,   2.043,   2.005,   1.983,   1.888,   1.836,   1.763,   1.668,   1.710,   1.667,   1.613,   1.567,   1.521,   1.543,   1.486,   1.486,   1.445,   1.418,   1.384,   1.373,   1.328,   1.375,   1.342,   1.345,   1.305,   1.308,   1.327,   1.309,   1.286,   1.230,   1.178,   1.143,   1.122,   1.112,   1.039,   0.961,   0.911,   0.872,   0.816,   0.785,   0.778,   0.789,   0.792,   0.788,   0.783,   0.780,   0.786,   0.767,   0.808,   0.803,   0.799,   0.794,   0.801,   0.795,   0.784,   0.799,   0.794,   0.798,   0.799,   0.775,   0.757,   0.768,   0.723,   0.700,   0.690,   0.689,   0.670,   0.667,   0.668,   0.673,   0.672,   0.669,   0.671,   0.693,   0.707,   0.721,   0.743,   0.758,   0.774,   0.789,   0.803,   0.838,   0.860,   0.881,   0.871,   0.873,   0.868,   0.845,   0.814,   0.843,   0.864,   0.880,   0.886,   0.990,   0.870,   0.789,   0.684,   0.601,   0.552,   0.551,   0.502,   0.465,   0.434,   0.428,   0.399,   0.418,   0.437,   0.443,   0.444,   0.460,   0.499,   0.521,   0.536,   0.496,   0.512,   0.557,   0.529,   0.507,   0.512,   0.520,   0.499,   0.484,   0.487,   0.515,   0.531,   0.554,   0.588,   0.614,   0.644,   0.658,   0.683,   0.715,   0.724,   0.757,   0.744,   0.727,   0.707,   0.695,   0.655,   0.652,   0.644,   0.632,   0.622,   0.604,   0.621,   0.603,   0.598,   0.570,   0.558,   0.563,   0.560,   0.542,   0.535,   0.532,   0.528,   0.532,   0.519,   0.508,   0.488,   0.472,   0.483,   0.497,   0.511,   0.521,   0.524,   0.521,   0.533,   0.496,   0.494,   0.483,   0.474,   0.465,   0.477,   0.484,   0.491,   0.492,
   2.191,   2.166,   2.130,   2.104,   2.053,   2.004,   1.895,   1.871,   1.794,   1.727,   1.666,   1.622,   1.674,   1.672,   1.648,   1.605,   1.575,   1.528,   1.477,   1.479,   1.441,   1.394,   1.371,   1.367,   1.353,   1.316,   1.344,   1.314,   1.274,   1.314,   1.258,   1.249,   1.212,   1.225,   1.179,   1.128,   1.070,   1.039,   1.013,   1.016,   0.928,   0.865,   0.822,   0.804,   0.763,   0.784,   0.806,   0.824,   0.816,   0.818,   0.825,   0.839,   0.834,   0.825,   0.814,   0.799,   0.812,   0.789,   0.796,   0.802,   0.795,   0.800,   0.811,   0.793,   0.763,   0.748,   0.713,   0.699,   0.684,   0.663,   0.666,   0.662,   0.670,   0.665,   0.644,   0.661,   0.678,   0.697,   0.707,   0.716,   0.729,   0.756,   0.771,   0.796,   0.810,   0.826,   0.860,   0.882,   0.853,   0.845,   0.846,   0.847,   0.835,   0.917,   0.917,   0.936,   0.997,   1.013,   0.856,   0.829,   0.727,   0.616,   0.589,   0.539,   0.487,   0.468,   0.459,   0.446,   0.446,   0.428,   0.442,   0.470,   0.503,   0.517,   0.519,   0.505,   0.563,   0.671,   0.510,   0.582,   0.600,   0.564,   0.561,   0.565,   0.486,   0.472,   0.489,   0.509,   0.529,   0.559,   0.574,   0.616,   0.636,   0.672,   0.701,   0.716,   0.743,   0.751,   0.755,   0.744,   0.740,   0.726,   0.712,   0.677,   0.659,   0.641,   0.640,   0.644,   0.634,   0.626,   0.613,   0.592,   0.596,   0.584,   0.575,   0.570,   0.572,   0.567,   0.563,   0.561,   0.542,   0.534,   0.520,   0.502,   0.514,   0.531,   0.526,   0.535,   0.550,   0.549,   0.542,   0.551,   0.537,   0.520,   0.508,   0.501,   0.490,   0.532,   0.539,   0.571,
   2.155,   2.111,   2.059,   2.001,   1.941,   1.886,   1.844,   1.770,   1.709,   1.642,   1.573,   1.615,   1.648,   1.632,   1.626,   1.588,   1.577,   1.552,   1.513,   1.494,   1.454,   1.420,   1.393,   1.346,   1.319,   1.339,   1.309,   1.314,   1.253,   1.207,   1.220,   1.186,   1.182,   1.146,   1.145,   1.133,   1.062,   1.014,   0.973,   0.943,   0.898,   0.848,   0.782,   0.771,   0.771,   0.793,   0.827,   0.838,   0.828,   0.843,   0.838,   0.835,   0.824,   0.831,   0.838,   0.836,   0.827,   0.820,   0.830,   0.819,   0.815,   0.820,   0.808,   0.800,   0.765,   0.754,   0.716,   0.692,   0.687,   0.670,   0.670,   0.664,   0.636,   0.642,   0.660,   0.675,   0.675,   0.677,   0.684,   0.709,   0.724,   0.760,   0.782,   0.792,   0.824,   0.824,   0.845,   0.865,   0.843,   0.831,   0.842,   0.817,   0.848,   0.903,   0.905,   0.894,   0.994,   0.951,   0.833,   0.739,   0.683,   0.605,   0.576,   0.559,   0.518,   0.470,   0.444,   0.423,   0.426,   0.430,   0.463,   0.441,   0.444,   0.485,   0.507,   0.597,   0.622,   0.691,   0.599,   0.509,   0.545,   0.516,   0.512,   0.566,   0.530,   0.500,   0.504,   0.504,   0.525,   0.555,   0.582,   0.602,   0.626,   0.657,   0.688,   0.736,   0.760,   0.765,   0.767,   0.785,   0.745,   0.739,   0.729,   0.711,   0.701,   0.682,   0.654,   0.659,   0.659,   0.639,   0.632,   0.618,   0.615,   0.615,   0.606,   0.595,   0.588,   0.589,   0.593,   0.592,   0.577,   0.559,   0.540,   0.519,   0.535,   0.552,   0.568,   0.581,   0.583,   0.580,   0.571,   0.565,   0.570,   0.558,   0.547,   0.534,   0.545,   0.579,   0.616,   0.596,
   2.035,   2.006,   1.943,   1.897,   1.842,   1.801,   1.702,   1.667,   1.581,   1.531,   1.533,   1.573,   1.618,   1.607,   1.597,   1.586,   1.583,   1.568,   1.530,   1.520,   1.469,   1.413,   1.375,   1.353,   1.338,   1.301,   1.263,   1.270,   1.226,   1.224,   1.195,   1.180,   1.142,   1.142,   1.141,   1.078,   1.082,   1.047,   0.977,   0.953,   0.887,   0.843,   0.810,   0.818,   0.819,   0.850,   0.862,   0.849,   0.850,   0.840,   0.859,   0.856,   0.849,   0.850,   0.850,   0.832,   0.830,   0.841,   0.844,   0.837,   0.816,   0.822,   0.805,   0.805,   0.764,   0.744,   0.716,   0.700,   0.674,   0.665,   0.679,   0.658,   0.659,   0.665,   0.670,   0.675,   0.671,   0.680,   0.678,   0.687,   0.705,   0.738,   0.755,   0.784,   0.799,   0.818,   0.837,   0.830,   0.822,   0.817,   0.809,   0.794,   0.826,   0.888,   0.909,   0.926,   0.941,   0.965,   0.849,   0.724,   0.653,   0.620,   0.583,   0.538,   0.496,   0.479,   0.452,   0.471,   0.481,   0.491,   0.451,   0.436,   0.476,   0.502,   0.500,   0.534,   0.624,   0.680,   0.684,   0.679,   0.614,   0.539,   0.542,   0.575,   0.592,   0.540,   0.634,   0.619,   0.607,   0.593,   0.596,   0.615,   0.623,   0.655,   0.687,   0.743,   0.754,   0.758,   0.781,   0.786,   0.776,   0.758,   0.741,   0.731,   0.729,   0.718,   0.699,   0.687,   0.669,   0.659,   0.653,   0.641,   0.632,   0.635,   0.639,   0.629,   0.626,   0.630,   0.623,   0.611,   0.599,   0.584,   0.568,   0.573,   0.577,   0.594,   0.594,   0.608,   0.611,   0.608,   0.599,   0.604,   0.605,   0.624,   0.585,   0.577,   0.595,   0.605,   0.630,   0.667,
   1.914,   1.874,   1.849,   1.805,   1.746,   1.710,   1.627,   1.567,   1.522,   1.477,   1.524,   1.547,   1.557,   1.567,   1.562,   1.549,   1.530,   1.516,   1.517,   1.483,   1.448,   1.414,   1.379,   1.340,   1.335,   1.309,   1.259,   1.206,   1.218,   1.222,   1.198,   1.189,   1.128,   1.140,   1.126,   1.096,   1.044,   1.024,   0.999,   0.952,   0.903,   0.850,   0.876,   0.860,   0.858,   0.874,   0.893,   0.870,   0.866,   0.888,   0.885,   0.882,   0.897,   0.861,   0.862,   0.866,   0.889,   0.876,   0.882,   0.839,   0.815,   0.800,   0.811,   0.795,   0.767,   0.750,   0.742,   0.699,   0.671,   0.681,   0.648,   0.659,   0.646,   0.659,   0.666,   0.665,   0.670,   0.658,   0.666,   0.665,   0.676,   0.694,   0.727,   0.748,   0.773,   0.793,   0.816,   0.797,   0.785,   0.773,   0.774,   0.807,   0.870,   0.898,   0.910,   0.922,   0.923,   0.863,   0.788,   0.733,   0.685,   0.660,   0.601,   0.531,   0.512,   0.483,   0.502,   0.513,   0.487,   0.532,   0.580,   0.570,   0.574,   0.549,   0.575,   0.589,   0.654,   0.701,   0.732,   0.775,   0.783,   0.657,   0.606,   0.583,   0.568,   0.535,   0.593,   0.688,   0.781,   0.849,   0.752,   0.709,   0.690,   0.667,   0.676,   0.689,   0.708,   0.736,   0.762,   0.768,   0.778,   0.785,   0.782,   0.761,   0.747,   0.741,   0.716,   0.697,   0.675,   0.667,   0.669,   0.651,   0.648,   0.669,   0.650,   0.646,   0.650,   0.650,   0.640,   0.644,   0.613,   0.581,   0.570,   0.594,   0.602,   0.615,   0.609,   0.636,   0.627,   0.632,   0.630,   0.624,   0.626,   0.624,   0.600,   0.645,   0.654,   0.654,   0.691,   0.715,
   1.817,   1.820,   1.763,   1.698,   1.661,   1.606,   1.553,   1.479,   1.418,   1.425,   1.473,   1.468,   1.501,   1.524,   1.508,   1.477,   1.493,   1.479,   1.475,   1.452,   1.431,   1.401,   1.359,   1.338,   1.324,   1.290,   1.295,   1.277,   1.199,   1.196,   1.180,   1.167,   1.179,   1.123,   1.091,   1.070,   1.065,   1.015,   0.978,   0.936,   0.901,   0.889,   0.885,   0.877,   0.885,   0.899,   0.898,   0.898,   0.886,   0.905,   0.897,   0.910,   0.910,   0.912,   0.889,   0.899,   0.891,   0.902,   0.876,   0.862,   0.831,   0.799,   0.804,   0.792,   0.753,   0.735,   0.712,   0.675,   0.659,   0.644,   0.664,   0.664,   0.655,   0.663,   0.658,   0.649,   0.652,   0.640,   0.651,   0.647,   0.663,   0.675,   0.702,   0.728,   0.731,   0.761,   0.774,   0.771,   0.767,   0.760,   0.750,   0.778,   0.812,   0.847,   0.868,   0.880,   0.919,   0.865,   0.874,   0.814,   0.747,   0.689,   0.590,   0.583,   0.552,   0.512,   0.529,   0.559,   0.565,   0.608,   0.605,   0.580,   0.636,   0.607,   0.659,   0.720,   0.785,   0.792,   0.852,   0.852,   0.829,   0.790,   0.779,   0.733,   0.664,   0.597,   0.540,   0.598,   0.667,   0.740,   0.831,   0.863,   0.863,   0.852,   0.788,   0.763,   0.739,   0.770,   0.775,   0.775,   0.799,   0.808,   0.797,   0.781,   0.764,   0.752,   0.719,   0.744,   0.729,   0.717,   0.685,   0.679,   0.676,   0.669,   0.665,   0.659,   0.666,   0.655,   0.653,   0.643,   0.631,   0.610,   0.601,   0.606,   0.621,   0.617,   0.635,   0.649,   0.681,   0.678,   0.670,   0.660,   0.687,   0.657,   0.671,   0.698,   0.694,   0.726,   0.751,   0.798,
   1.683,   1.702,   1.666,   1.626,   1.575,   1.526,   1.470,   1.421,   1.370,   1.380,   1.394,   1.430,   1.426,   1.462,   1.470,   1.459,   1.447,   1.453,   1.464,   1.422,   1.420,   1.403,   1.379,   1.342,   1.312,   1.295,   1.292,   1.274,   1.249,   1.189,   1.179,   1.159,   1.121,   1.097,   1.101,   1.046,   1.012,   0.969,   0.934,   0.912,   0.887,   0.861,   0.858,   0.908,   0.908,   0.932,   0.942,   0.934,   0.937,   0.912,   0.910,   0.905,   0.904,   0.892,   0.890,   0.885,   0.895,   0.905,   0.882,   0.864,   0.838,   0.819,   0.809,   0.776,   0.737,   0.737,   0.715,   0.697,   0.675,   0.666,   0.674,   0.659,   0.662,   0.660,   0.654,   0.649,   0.643,   0.627,   0.629,   0.633,   0.632,   0.651,   0.673,   0.680,   0.707,   0.735,   0.740,   0.746,   0.732,   0.719,   0.712,   0.711,   0.759,   0.785,   0.835,   0.817,   0.884,   0.861,   0.938,   0.900,   0.777,   0.708,   0.655,   0.612,   0.611,   0.576,   0.592,   0.601,   0.590,   0.631,   0.642,   0.669,   0.657,   0.677,   0.692,   0.725,   0.790,   0.855,   0.895,   0.868,   0.876,   0.886,   0.841,   0.774,   0.752,   0.678,   0.640,   0.654,   0.659,   0.648,   0.691,   0.737,   0.787,   0.870,   0.921,   0.897,   0.881,   0.872,   0.821,   0.809,   0.807,   0.828,   0.801,   0.802,   0.811,   0.772,   0.740,   0.717,   0.722,   0.694,   0.707,   0.650,   0.647,   0.651,   0.681,   0.680,   0.671,   0.683,   0.673,   0.661,   0.660,   0.645,   0.652,   0.627,   0.637,   0.697,   0.720,   0.715,   0.751,   0.783,   0.735,   0.757,   0.697,   0.746,   0.719,   0.731,   0.767,   0.822,   0.813,   0.847,
   1.547,   1.592,   1.595,   1.543,   1.506,   1.437,   1.386,   1.362,   1.351,   1.355,   1.389,   1.395,   1.419,   1.426,   1.449,   1.433,   1.448,   1.444,   1.468,   1.438,   1.438,   1.438,   1.418,   1.387,   1.355,   1.320,   1.302,   1.259,   1.209,   1.195,   1.183,   1.126,   1.129,   1.105,   1.061,   1.028,   0.998,   0.984,   0.959,   0.930,   0.881,   0.859,   0.866,   0.868,   0.913,   0.928,   0.953,   0.992,   0.965,   0.957,   0.938,   0.922,   0.915,   0.909,   0.879,   0.877,   0.868,   0.851,   0.850,   0.837,   0.815,   0.796,   0.766,   0.753,   0.736,   0.738,   0.738,   0.735,   0.721,   0.691,   0.677,   0.665,   0.657,   0.644,   0.639,   0.631,   0.630,   0.617,   0.614,   0.621,   0.622,   0.627,   0.640,   0.659,   0.691,   0.689,   0.710,   0.706,   0.713,   0.686,   0.688,   0.699,   0.714,   0.733,   0.763,   0.796,   0.835,   0.875,   0.912,   0.848,   0.820,   0.734,   0.696,   0.687,   0.665,   0.612,   0.653,   0.661,   0.667,   0.675,   0.668,   0.655,   0.711,   0.760,   0.779,   0.798,   0.827,   0.835,   0.836,   0.834,   0.863,   0.908,   0.859,   0.844,   0.796,   0.694,   0.634,   0.759,   0.746,   0.710,   0.815,   0.925,   0.918,   0.719,   0.831,   1.017,   0.998,   0.979,   0.928,   0.823,   0.799,   0.787,   0.796,   0.803,   0.770,   0.749,   0.737,   0.708,   0.694,   0.676,   0.651,   0.650,   0.671,   0.673,   0.691,   0.690,   0.733,   0.711,   0.695,   0.691,   0.643,   0.619,   0.639,   0.639,   0.673,   0.717,   0.737,   0.741,   0.749,   0.759,   0.778,   0.776,   0.774,   0.796,   0.785,   0.812,   0.867,   0.885,   0.890,   0.898,
   1.405,   1.439,   1.474,   1.484,   1.446,   1.396,   1.331,   1.314,   1.349,   1.372,   1.397,   1.388,   1.387,   1.410,   1.419,   1.434,   1.451,   1.443,   1.442,   1.458,   1.444,   1.426,   1.420,   1.414,   1.394,   1.334,   1.339,   1.273,   1.231,   1.192,   1.192,   1.143,   1.084,   1.062,   1.077,   1.013,   1.008,   0.961,   0.921,   0.896,   0.873,   0.875,   0.873,   0.881,   0.908,   0.922,   0.947,   0.983,   0.965,   0.947,   0.940,   0.931,   0.917,   0.904,   0.871,   0.861,   0.853,   0.831,   0.821,   0.799,   0.778,   0.775,   0.753,   0.736,   0.740,   0.751,   0.752,   0.745,   0.741,   0.715,   0.708,   0.682,   0.653,   0.650,   0.641,   0.628,   0.624,   0.610,   0.607,   0.601,   0.602,   0.605,   0.617,   0.623,   0.653,   0.663,   0.669,   0.671,   0.669,   0.660,   0.656,   0.653,   0.712,   0.715,   0.750,   0.815,   0.876,   0.900,   0.797,   0.826,   0.816,   0.752,   0.801,   0.821,   0.758,   0.765,   0.749,   0.745,   0.752,   0.741,   0.784,   0.719,   0.773,   0.829,   0.850,   0.881,   0.872,   0.874,   0.859,   0.846,   0.843,   0.827,   0.792,   0.782,   0.732,   0.720,   0.691,   0.709,   0.711,   0.701,   0.775,   0.822,   0.946,   0.888,   0.828,   0.801,   0.865,   0.914,   0.916,   0.893,   0.819,   0.787,   0.798,   0.781,   0.771,   0.745,   0.718,   0.685,   0.672,   0.670,   0.676,   0.674,   0.688,   0.684,   0.696,   0.718,   0.767,   0.755,   0.757,   0.722,   0.672,   0.641,   0.634,   0.636,   0.680,   0.735,   0.768,   0.739,   0.748,   0.792,   0.757,   0.785,   0.793,   0.814,   0.843,   0.868,   0.903,   0.947,   0.962,   0.944,
   1.310,   1.327,   1.323,   1.335,   1.375,   1.327,   1.302,   1.312,   1.339,   1.346,   1.369,   1.383,   1.377,   1.370,   1.406,   1.429,   1.423,   1.438,   1.432,   1.462,   1.472,   1.447,   1.430,   1.394,   1.391,   1.369,   1.347,   1.307,   1.263,   1.197,   1.175,   1.147,   1.130,   1.101,   1.050,   1.023,   0.965,   0.947,   0.926,   0.888,   0.862,   0.882,   0.891,   0.905,   0.909,   0.938,   0.953,   0.976,   0.971,   0.965,   0.934,   0.928,   0.914,   0.890,   0.883,   0.856,   0.845,   0.828,   0.794,   0.790,   0.773,   0.764,   0.765,   0.765,   0.770,   0.779,   0.785,   0.780,   0.771,   0.741,   0.711,   0.679,   0.659,   0.638,   0.637,   0.646,   0.629,   0.614,   0.604,   0.608,   0.599,   0.586,   0.584,   0.602,   0.628,   0.644,   0.638,   0.643,   0.648,   0.631,   0.628,   0.634,   0.639,   0.653,   0.665,   0.694,   0.722,   0.745,   0.758,   0.762,   0.696,   0.711,   0.753,   0.724,   0.741,   0.838,   0.812,   0.804,   0.785,   0.808,   0.762,   0.799,   0.799,   0.828,   0.862,   0.926,   0.935,   0.934,   0.942,   0.919,   0.882,   0.820,   0.782,   0.736,   0.699,   0.669,   0.695,   0.754,   0.730,   0.700,   0.723,   0.776,   0.805,   0.826,   0.933,   0.895,   0.862,   0.839,   0.828,   0.857,   0.888,   0.868,   0.824,   0.805,   0.801,   0.781,   0.737,   0.702,   0.669,   0.688,   0.694,   0.720,   0.718,   0.768,   0.760,   0.798,   0.868,   0.830,   0.794,   0.813,   0.747,   0.676,   0.647,   0.681,   0.689,   0.723,   0.755,   0.740,   0.755,   0.749,   0.787,   0.824,   0.852,   0.875,   0.896,   0.917,   0.952,   0.984,   1.004,   1.011,
   1.248,   1.247,   1.248,   1.261,   1.272,   1.277,   1.300,   1.299,   1.329,   1.345,   1.358,   1.374,   1.386,   1.395,   1.399,   1.418,   1.429,   1.445,   1.400,   1.422,   1.424,   1.418,   1.404,   1.400,   1.434,   1.418,   1.442,   1.389,   1.322,   1.261,   1.197,   1.181,   1.132,   1.106,   1.067,   1.024,   1.004,   0.961,   0.929,   0.913,   0.856,   0.883,   0.908,   0.922,   0.931,   0.950,   0.944,   0.940,   0.950,   0.943,   0.914,   0.890,   0.872,   0.857,   0.852,   0.837,   0.835,   0.817,   0.775,   0.768,   0.786,   0.782,   0.795,   0.790,   0.791,   0.792,   0.804,   0.789,   0.791,   0.792,   0.760,   0.731,   0.682,   0.658,   0.655,   0.647,   0.640,   0.633,   0.615,   0.608,   0.592,   0.581,   0.574,   0.570,   0.589,   0.606,   0.614,   0.617,   0.621,   0.628,   0.626,   0.625,   0.613,   0.612,   0.596,   0.589,   0.575,   0.589,   0.574,   0.565,   0.551,   0.572,   0.577,   0.594,   0.605,   0.608,   0.640,   0.653,   0.690,   0.728,   0.724,   0.757,   0.803,   0.846,   0.870,   0.933,   1.006,   1.043,   1.056,   1.055,   0.953,   0.904,   0.833,   0.785,   0.711,   0.711,   0.688,   0.721,   0.831,   0.791,   0.729,   0.740,   0.794,   0.839,   0.909,   0.922,   0.886,   0.909,   0.894,   0.894,   0.877,   0.858,   0.879,   0.852,   0.817,   0.797,   0.754,   0.719,   0.697,   0.722,   0.747,   0.725,   0.755,   0.817,   0.810,   0.814,   0.871,   0.884,   0.878,   0.825,   0.785,   0.742,   0.710,   0.730,   0.733,   0.754,   0.760,   0.782,   0.802,   0.813,   0.832,   0.861,   0.884,   0.899,   0.945,   0.979,   1.001,   1.042,   1.064,   1.064,
   1.237,   1.262,   1.261,   1.256,   1.274,   1.262,   1.293,   1.321,   1.329,   1.342,   1.367,   1.366,   1.369,   1.388,   1.400,   1.404,   1.408,   1.390,   1.377,   1.376,   1.413,   1.401,   1.397,   1.411,   1.440,   1.478,   1.526,   1.476,   1.384,   1.300,   1.231,   1.187,   1.148,   1.135,   1.104,   1.042,   1.019,   0.952,   0.921,   0.894,   0.881,   0.897,   0.932,   0.948,   0.927,   0.944,   0.975,   0.991,   0.959,   0.938,   0.896,   0.861,   0.836,   0.827,   0.804,   0.783,   0.785,   0.800,   0.761,   0.797,   0.820,   0.819,   0.824,   0.838,   0.823,   0.836,   0.835,   0.845,   0.829,   0.806,   0.777,   0.728,   0.698,   0.675,   0.658,   0.656,   0.644,   0.633,   0.628,   0.630,   0.611,   0.602,   0.602,   0.594,   0.618,   0.622,   0.635,   0.622,   0.637,   0.643,   0.632,   0.628,   0.615,   0.604,   0.598,   0.573,   0.564,   0.549,   0.541,   0.513,   0.519,   0.530,   0.529,   0.533,   0.558,   0.556,   0.564,   0.573,   0.589,   0.605,   0.644,   0.679,   0.726,   0.776,   0.901,   0.973,   1.010,   1.034,   1.110,   1.118,   1.073,   0.935,   0.879,   0.787,   0.764,   0.685,   0.612,   0.658,   0.740,   0.809,   0.812,   0.813,   0.852,   0.813,   0.854,   0.840,   0.946,   0.895,   0.883,   0.875,   0.864,   0.906,   0.963,   0.903,   0.841,   0.799,   0.802,   0.773,   0.747,   0.747,   0.781,   0.735,   0.783,   0.813,   0.867,   0.873,   0.885,   0.918,   0.883,   0.875,   0.809,   0.794,   0.752,   0.767,   0.777,   0.777,   0.802,   0.815,   0.863,   0.865,   0.874,   0.895,   0.920,   0.946,   1.003,   1.023,   1.050,   1.085,   1.111,   1.131,
   1.225,   1.244,   1.260,   1.258,   1.263,   1.270,   1.295,   1.295,   1.312,   1.350,   1.355,   1.375,   1.361,   1.379,   1.398,   1.425,   1.379,   1.347,   1.313,   1.325,   1.344,   1.366,   1.400,   1.432,   1.466,   1.524,   1.588,   1.529,   1.449,   1.360,   1.292,   1.226,   1.200,   1.137,   1.094,   1.052,   1.012,   0.972,   0.945,   0.926,   0.909,   0.914,   0.880,   0.917,   0.938,   0.970,   0.975,   0.984,   0.973,   0.984,   0.966,   0.908,   0.901,   0.872,   0.859,   0.827,   0.756,   0.765,   0.811,   0.833,   0.829,   0.817,   0.793,   0.831,   0.842,   0.839,   0.858,   0.853,   0.849,   0.812,   0.780,   0.750,   0.724,   0.695,   0.668,   0.656,   0.665,   0.661,   0.659,   0.657,   0.652,   0.638,   0.635,   0.632,   0.645,   0.654,   0.660,   0.672,   0.662,   0.643,   0.648,   0.645,   0.627,   0.620,   0.596,   0.578,   0.578,   0.565,   0.534,   0.501,   0.495,   0.509,   0.539,   0.547,   0.565,   0.570,   0.576,   0.589,   0.597,   0.611,   0.640,   0.682,   0.725,   0.776,   0.859,   1.005,   1.091,   1.067,   1.155,   1.208,   1.168,   1.197,   1.089,   0.952,   0.908,   0.853,   0.779,   0.819,   0.826,   0.862,   0.939,   0.893,   0.868,   0.840,   0.861,   0.843,   0.841,   0.907,   0.932,   0.901,   0.866,   0.856,   0.893,   0.892,   0.874,   0.857,   0.831,   0.813,   0.787,   0.790,   0.777,   0.799,   0.802,   0.865,   0.922,   0.962,   0.930,   0.915,   0.931,   0.876,   0.843,   0.829,   0.810,   0.807,   0.815,   0.831,   0.853,   0.882,   0.911,   0.916,   0.925,   0.936,   0.945,   0.989,   1.029,   1.060,   1.105,   1.151,   1.163,   1.172,
   1.219,   1.220,   1.233,   1.238,   1.247,   1.243,   1.260,   1.300,   1.308,   1.325,   1.346,   1.359,   1.347,   1.381,   1.384,   1.381,   1.344,   1.324,   1.310,   1.303,   1.327,   1.319,   1.357,   1.395,   1.452,   1.560,   1.602,   1.489,   1.451,   1.391,   1.326,   1.253,   1.230,   1.168,   1.094,   1.039,   1.012,   0.989,   0.958,   0.949,   0.944,   0.920,   0.894,   0.906,   0.926,   0.971,   0.981,   0.983,   0.970,   0.982,   0.949,   0.939,   0.968,   0.942,   0.880,   0.836,   0.797,   0.802,   0.809,   0.832,   0.836,   0.833,   0.833,   0.879,   0.889,   0.890,   0.908,   0.895,   0.867,   0.862,   0.829,   0.787,   0.749,   0.725,   0.688,   0.662,   0.669,   0.663,   0.674,   0.692,   0.681,   0.671,   0.684,   0.667,   0.674,   0.669,   0.687,   0.675,   0.669,   0.666,   0.667,   0.673,   0.665,   0.646,   0.635,   0.613,   0.576,   0.547,   0.519,   0.490,   0.498,   0.507,   0.539,   0.557,   0.571,   0.578,   0.590,   0.594,   0.606,   0.628,   0.650,   0.690,   0.745,   0.808,   0.920,   0.994,   1.027,   1.094,   1.169,   1.160,   1.231,   1.222,   1.315,   1.192,   1.069,   1.078,   1.068,   1.025,   0.987,   1.035,   1.025,   1.008,   1.005,   0.992,   0.932,   0.916,   0.896,   0.951,   0.982,   0.919,   0.885,   0.902,   0.936,   0.926,   0.942,   0.945,   0.897,   0.852,   0.839,   0.831,   0.835,   0.822,   0.853,   0.875,   0.935,   0.965,   0.960,   0.957,   0.957,   0.935,   0.848,   0.830,   0.853,   0.861,   0.892,   0.908,   0.899,-999.900,   0.988,   0.985,   0.980,   0.995,   1.002,   1.029,   1.079,   1.164,   1.179,   1.224,   1.207,   1.206,
   1.180,   1.204,   1.215,   1.208,   1.220,   1.236,   1.238,   1.256,   1.282,   1.313,   1.311,   1.335,   1.327,   1.336,   1.324,   1.338,   1.299,   1.302,   1.287,   1.251,   1.265,   1.316,   1.353,   1.442,   1.487,   1.489,   1.552,   1.515,   1.440,   1.364,   1.297,   1.225,   1.185,   1.162,   1.064,   1.035,   0.996,   0.963,   0.956,   0.929,   0.918,   0.927,   0.941,   0.935,   0.960,   0.976,   0.993,   0.970,   0.967,   0.973,   0.972,   0.967,   0.964,   0.957,   0.900,   0.849,   0.847,   0.864,   0.831,   0.812,   0.891,   0.906,   0.896,   0.932,   0.947,   0.903,   0.948,   0.916,   0.913,   0.902,   0.864,   0.841,   0.793,   0.741,   0.703,   0.680,   0.684,   0.684,   0.702,   0.695,   0.675,   0.682,   0.694,   0.706,   0.736,   0.745,   0.748,   0.757,   0.741,   0.720,   0.687,   0.680,   0.679,   0.669,   0.656,   0.641,   0.607,   0.577,   0.544,   0.505,   0.520,   0.529,   0.554,   0.566,   0.582,   0.593,   0.600,   0.610,   0.617,   0.636,   0.660,   0.711,   0.784,   0.892,   1.001,   1.119,   1.163,   1.129,   1.192,   1.249,   1.281,   1.244,   1.351,   1.210,   1.217,   1.244,   1.241,   1.183,   1.215,   1.215,   1.170,   1.136,   1.143,   1.067,   1.009,   1.030,   0.977,   0.962,   0.955,   0.984,   1.017,   0.970,   0.982,   0.951,   0.952,   0.949,   0.951,   0.910,   0.907,   0.911,   0.891,   0.890,   0.910,   0.907,   0.935,   0.939,   0.951,-999.900,-999.900,   0.939,   0.894,   0.950,   0.942,   0.938,   0.972,   0.965,-999.900,-999.900,   1.073,   1.066,   1.067,   1.084,   1.073,   1.104,   1.144,   1.187,   1.242,   1.273,   1.295,   1.306,
   1.197,   1.192,   1.183,   1.203,   1.224,   1.224,   1.242,   1.256,   1.271,   1.290,   1.293,   1.296,   1.292,   1.307,   1.294,   1.263,   1.243,   1.230,   1.223,   1.203,   1.243,   1.346,   1.424,   1.458,   1.470,   1.496,   1.570,   1.530,   1.424,   1.369,   1.320,   1.217,   1.128,   1.093,   1.071,   1.003,   0.982,   0.956,   0.953,   0.929,   0.937,   0.940,   0.944,   0.943,   0.962,   0.976,   0.965,   0.968,   0.960,   0.959,   0.950,   0.959,   0.930,   0.920,   0.884,   0.875,   0.896,   0.887,   0.895,   0.873,   0.910,   0.915,   0.942,   0.948,   0.952,   0.951,   0.963,   0.962,   0.926,   0.903,   0.872,   0.849,   0.810,   0.769,   0.733,   0.731,   0.725,   0.731,   0.723,   0.732,   0.706,   0.696,   0.734,   0.757,   0.761,   0.777,   0.787,   0.809,   0.803,   0.777,   0.747,   0.735,   0.721,   0.699,   0.668,   0.654,   0.633,   0.612,   0.594,   0.574,   0.569,   0.582,   0.580,   0.588,   0.594,   0.603,   0.619,   0.623,   0.622,   0.650,   0.669,   0.748,   0.805,   0.926,   1.057,   1.104,   1.126,   1.196,   1.245,   1.335,   1.330,   1.262,   1.393,   1.349,   1.280,   1.283,   1.266,   1.292,   1.326,   1.325,   1.282,   1.196,   1.185,   1.169,   1.158,   1.099,   1.122,   1.023,   1.024,   1.005,   1.008,   0.993,   0.968,   0.966,   0.973,   0.982,   1.018,   0.997,   0.976,   0.976,   0.959,   0.930,   0.941,-999.900,-999.900,-999.900,-999.900,-999.900,-999.900,-999.900,   0.983,   0.986,   0.993,   0.974,-999.900,-999.900,-999.900,   1.131,   1.125,   1.151,   1.163,   1.180,   1.156,   1.213,   1.241,   1.282,   1.305,   1.328,   1.393,   1.424,
   1.174,   1.165,   1.155,   1.182,   1.185,   1.200,   1.211,   1.223,   1.245,   1.259,   1.268,   1.268,   1.239,   1.239,   1.229,   1.219,   1.208,   1.193,   1.174,   1.185,   1.202,   1.299,   1.426,   1.473,   1.518,   1.552,   1.538,   1.479,   1.354,   1.288,   1.239,   1.144,   1.084,   1.064,   1.005,   1.006,   0.976,   0.956,   0.939,   0.945,   0.948,   0.949,   0.960,   0.952,   0.910,   0.939,   0.965,   0.950,   0.931,   0.939,   0.938,   0.947,   0.933,   0.924,   0.932,   0.862,   0.904,   0.934,   0.941,   0.950,   0.969,   0.964,   0.957,   0.966,   0.984,   1.001,   0.985,   0.952,   0.948,   0.913,   0.888,   0.862,   0.831,   0.794,   0.756,   0.767,   0.764,   0.764,   0.765,   0.777,   0.733,   0.739,   0.741,   0.749,   0.769,   0.797,   0.804,   0.818,   0.825,   0.824,   0.807,   0.815,   0.832,   0.826,   0.791,   0.758,   0.740,   0.710,   0.687,   0.650,   0.632,   0.628,   0.623,   0.619,   0.629,   0.625,   0.627,   0.622,   0.629,   0.627,   0.666,   0.743,   0.827,   0.920,   1.042,   1.056,   1.215,   1.278,   1.349,   1.375,   1.371,   1.360,   1.355,   1.462,   1.385,   1.355,   1.367,   1.338,   1.391,   1.323,   1.274,   1.246,   1.220,   1.219,   1.173,   1.154,   1.101,   1.123,   1.103,   1.126,   1.089,   1.064,   1.035,   0.993,   1.052,   1.066,   1.082,   1.065,   1.036,   1.036,   1.038,   0.995,-999.900,-999.900,-999.900,-999.900,-999.900,-999.900,-999.900,-999.900,-999.900,   1.047,-999.900,-999.900,-999.900,-999.900,   1.151,   1.217,   1.259,   1.256,   1.266,   1.243,   1.244,   1.297,   1.355,   1.400,   1.374,   1.398,   1.413,   1.503,
   1.141,   1.135,   1.137,   1.141,   1.158,   1.174,   1.182,   1.198,   1.207,   1.198,   1.206,   1.217,   1.214,   1.213,   1.191,   1.174,   1.147,   1.138,   1.128,   1.132,   1.133,   1.214,   1.332,   1.411,   1.446,   1.526,   1.567,   1.483,   1.379,   1.268,   1.167,   1.095,   1.087,   1.018,   1.015,   0.986,   0.919,   0.900,   0.898,   0.895,   0.878,   0.879,   0.863,   0.888,   0.880,   0.908,   0.917,   0.921,   0.926,   0.924,   0.933,   0.931,   0.932,   0.932,   0.920,   0.874,   0.902,   0.930,   0.954,   0.972,   0.996,   0.999,   0.980,   0.990,   0.997,   1.011,   1.000,   0.974,   0.973,   0.963,   0.957,   0.931,   0.855,   0.805,   0.752,   0.771,   0.777,   0.782,   0.781,   0.773,   0.752,   0.760,   0.771,   0.780,   0.863,   0.865,   0.916,   0.898,   0.898,   0.941,   0.946,   0.948,   0.933,   0.912,   0.882,   0.850,   0.798,   0.770,   0.737,   0.698,   0.681,   0.674,   0.677,   0.667,   0.670,   0.668,   0.671,   0.645,   0.625,   0.656,   0.727,   0.784,   0.869,   0.939,   1.052,   1.057,   1.238,   1.238,   1.303,   1.350,   1.381,   1.424,   1.474,   1.477,   1.492,   1.484,   1.472,   1.458,   1.472,   1.424,   1.397,   1.372,   1.325,   1.308,   1.271,   1.220,   1.217,   1.202,   1.187,   1.146,   1.141,   1.119,   1.085,   1.058,   1.060,   1.098,   1.136,   1.146,   1.142,   1.097,-999.900,-999.900,-999.900,-999.900,-999.900,-999.900,-999.900,-999.900,-999.900,-999.900,-999.900,-999.900,-999.900,-999.900,   1.262,   1.274,   1.320,   1.323,   1.360,   1.343,   1.320,   1.315,   1.339,   1.418,-999.900,-999.900,-999.900,-999.900,-999.900,   1.502,
   1.113,   1.112,   1.099,   1.106,   1.126,   1.133,   1.159,   1.191,   1.186,   1.180,   1.175,   1.179,   1.166,   1.155,   1.148,   1.125,   1.116,   1.097,   1.101,   1.094,   1.082,   1.108,   1.150,   1.235,   1.347,   1.476,   1.469,   1.389,   1.287,   1.228,   1.148,   1.059,   1.036,   1.000,   0.987,   0.925,   0.904,   0.891,   0.881,   0.849,   0.850,   0.851,   0.861,   0.917,   0.912,   0.866,   0.863,   0.886,   0.890,   0.892,   0.903,   0.907,   0.910,   0.911,   0.899,   0.891,   0.878,   0.917,   0.920,   0.928,   0.938,   0.965,   0.983,   0.983,   0.988,   1.011,   1.011,   1.026,   1.028,   1.008,   1.072,   0.988,   0.968,   0.875,   0.831,   0.810,   0.784,   0.786,   0.791,   0.787,   0.789,   0.804,   0.816,   0.831,   0.893,   0.942,   0.978,   1.001,   0.994,   1.032,   1.050,   1.036,   0.985,   0.959,   0.932,   0.867,   0.854,   0.822,   0.786,   0.772,   0.773,   0.746,   0.732,   0.732,   0.719,   0.712,   0.700,   0.692,   0.705,   0.715,   0.763,   0.806,   0.910,   1.057,   1.150,   1.110,   1.220,   1.277,   1.411,   1.414,   1.442,   1.484,   1.504,   1.547,   1.553,   1.568,   1.590,   1.560,   1.534,   1.508,   1.501,   1.433,   1.394,   1.380,   1.350,   1.311,   1.290,   1.277,   1.252,   1.268,   1.267,   1.264,   1.242,   1.267,   1.274,   1.223,   1.202,   1.191,   1.159,-999.900,-999.900,-999.900,-999.900,-999.900,-999.900,-999.900,-999.900,-999.900,-999.900,-999.900,-999.900,-999.900,   1.337,   1.413,   1.411,   1.449,   1.436,-999.900,-999.900,-999.900,-999.900,-999.900,-999.900,-999.900,-999.900,-999.900,-999.900,-999.900,-999.900,-999.900,
   1.096,   1.077,   1.085,   1.075,   1.098,   1.101,   1.116,   1.147,   1.144,   1.147,   1.146,   1.131,   1.115,   1.120,   1.094,   1.075,   1.051,   1.055,   1.045,   1.048,   1.071,   1.073,   1.060,   1.113,   1.247,   1.315,   1.271,   1.244,   1.189,   1.118,   1.028,   0.987,   0.997,   0.945,   0.907,   0.884,   0.865,   0.843,   0.812,   0.821,   0.847,   0.864,   0.852,   0.863,   0.875,   0.864,   0.854,   0.858,   0.857,   0.883,   0.899,   0.920,   0.908,   0.899,   0.892,   0.887,   0.879,   0.882,   0.884,   0.906,   0.914,   0.909,   0.929,   0.961,   0.992,   1.001,   1.088,   1.111,   1.105,   1.127,   1.047,   0.982,   1.012,   0.920,   0.886,   0.881,   0.858,   0.810,   0.784,   0.785,   0.807,   0.827,   0.826,   0.855,   0.919,   0.965,   1.053,   1.085,   1.093,   1.118,   1.144,   1.105,   1.060,   1.024,   1.024,   0.996,   0.919,   0.892,   0.870,   0.849,   0.826,   0.803,   0.782,   0.783,   0.764,   0.757,   0.776,   0.773,   0.797,   0.788,   0.789,   0.864,   0.937,   1.035,   1.114,   1.258,   1.301,   1.327,   1.430,   1.489,   1.466,   1.520,   1.552,   1.591,-999.900,   1.609,-999.900,-999.900,-999.900,-999.900,-999.900,-999.900,   1.461,-999.900,   1.392,-999.900,-999.900,-999.900,-999.900,-999.900,-999.900,-999.900,-999.900,   1.411,   1.426,   1.473,   1.519,   1.488,   1.500,   1.445,-999.900,-999.900,-999.900,-999.900,-999.900,-999.900,-999.900,-999.900,-999.900,-999.900,   1.331,   1.488,   1.524,   1.504,   1.571,   1.564,-999.900,-999.900,-999.900,-999.900,-999.900,-999.900,-999.900,-999.900,-999.900,-999.900,-999.900,-999.900,-999.900,-999.900,
   1.048,   1.033,   1.039,   1.014,   1.037,   1.044,   1.062,   1.092,   1.090,   1.094,   1.105,   1.094,   1.081,   1.057,   1.033,   1.009,   1.007,   0.997,   0.992,   1.007,   1.029,   1.039,   1.025,   1.021,   1.099,   1.128,   1.155,   1.165,   1.139,   1.011,   0.966,   0.919,   0.920,   0.890,   0.859,   0.838,   0.815,   0.801,   0.803,   0.823,   0.844,   0.818,   0.818,   0.807,   0.802,   0.802,   0.824,   0.826,   0.884,   0.896,   0.895,   0.893,   0.870,   0.872,   0.867,   0.872,   0.865,   0.873,   0.841,   0.852,   0.872,   0.898,   0.931,   0.973,   1.032,   1.045,   1.092,   1.099,   1.111,   1.090,   1.082,   1.004,   0.919,   0.920,   0.872,   0.847,   0.796,   0.827,   0.834,   0.786,   0.787,   0.811,   0.841,   0.877,   0.937,   1.052,   1.151,   1.170,   1.198,   1.247,   1.336,   1.296,   1.258,   1.174,   1.074,   1.032,   0.994,   0.959,   0.951,   0.917,   0.898,   0.885,   0.850,   0.837,   0.833,   0.809,   0.819,   0.817,   0.812,   0.846,   0.863,   0.911,   0.983,   1.097,   1.189,   1.291,   1.387,   1.432,   1.535,   1.542,   1.592,   1.597,   1.674,   1.635,-999.900,-999.900,-999.900,-999.900,-999.900,-999.900,-999.900,-999.900,-999.900,-999.900,-999.900,-999.900,-999.900,-999.900,-999.900,-999.900,-999.900,-999.900,-999.900,-999.900,-999.900,-999.900,-999.900,-999.900,-999.900,-999.900,-999.900,-999.900,-999.900,-999.900,-999.900,-999.900,-999.900,-999.900,-999.900,   1.285,   1.440,   1.563,   1.603,   1.641,   1.541,-999.900,-999.900,   1.562,   1.603,-999.900,-999.900,-999.900,-999.900,-999.900,-999.900,-999.900,-999.900,-999.900,-999.900,-999.900,
   1.006,   1.000,   0.992,   0.976,   0.985,   1.002,   1.036,   1.034,   1.060,   1.068,   1.066,   1.069,   1.046,   1.019,   0.993,   0.965,   0.964,   0.963,   0.976,   0.965,   0.982,   0.999,   1.002,   1.002,   1.004,   0.995,   1.013,   0.999,   1.026,   0.955,   0.883,   0.914,   0.893,   0.880,   0.840,   0.836,   0.832,   0.828,   0.802,   0.798,   0.815,   0.801,   0.826,   0.794,   0.782,   0.770,   0.831,   0.849,   0.849,   0.853,   0.862,   0.856,   0.841,   0.861,   0.849,   0.851,   0.846,   0.827,   0.830,   0.828,   0.843,   0.898,   0.922,   0.985,   1.007,   1.031,   1.046,   1.062,   1.057,   1.049,   1.001,   0.935,   0.966,   0.928,   0.982,   0.894,   0.821,   0.868,   0.933,   0.891,   0.882,   0.908,   0.964,   0.975,   0.994,   1.055,   1.186,   1.216,   1.256,   1.378,   1.463,   1.445,   1.326,   1.235,   1.181,   1.177,   1.155,   1.153,   1.180,   1.099,   1.133,   1.100,   0.923,   0.940,   0.858,   0.818,   0.865,   0.867,   0.897,   0.900,   0.904,   0.954,   1.024,   1.112,   1.237,   1.398,   1.542,   1.636,   1.689,   1.662,   1.691,   1.692,-999.900,-999.900,-999.900,-999.900,-999.900,-999.900,-999.900,-999.900,-999.900,-999.900,-999.900,-999.900,-999.900,-999.900,-999.900,-999.900,-999.900,-999.900,-999.900,-999.900,-999.900,-999.900,-999.900,-999.900,-999.900,-999.900,-999.900,-999.900,-999.900,-999.900,-999.900,-999.900,-999.900,-999.900,-999.900,   1.214,   1.242,   1.357,   1.499,   1.579,   1.646,   1.605,-999.900,-999.900,-999.900,-999.900,-999.900,-999.900,-999.900,-999.900,-999.900,-999.900,-999.900,-999.900,-999.900,-999.900,-999.900,-999.900,
   0.957,   0.951,   0.940,   0.938,   0.959,   0.989,   1.000,   1.024,   1.035,   1.055,   1.061,   1.048,   1.049,   1.025,   0.989,   0.956,   0.934,   0.949,   0.940,   0.942,   0.965,   0.960,   0.980,   0.992,   0.982,   0.971,   0.932,   0.915,   0.908,   0.878,   0.844,   0.860,   0.855,   0.872,   0.865,   0.852,   0.854,   0.841,   0.786,   0.776,   0.801,   0.783,   0.785,   0.776,   0.768,   0.786,   0.809,   0.821,   0.805,   0.812,   0.831,   0.836,   0.836,   0.824,   0.816,   0.799,   0.783,   0.803,   0.812,   0.846,   0.887,   0.937,   0.948,   0.971,   0.988,   0.973,   1.013,   0.988,   0.987,   0.981,   0.947,   0.949,   0.945,   0.958,   1.011,   0.925,   0.924,   0.932,   0.981,   0.944,   0.993,   1.035,   1.126,   1.059,   1.174,   1.229,   1.237,   1.267,   1.385,   1.459,   1.528,   1.490,   1.351,   1.371,   1.367,   1.331,   1.278,   1.302,   1.258,   1.123,   1.144,   1.014,   0.965,   0.993,   0.935,   0.920,   0.949,   0.971,   0.972,   0.998,   0.945,   0.964,   0.975,   1.135,   1.338,   1.536,   1.664,   1.795,   1.822,   1.771,   1.750,-999.900,-999.900,-999.900,-999.900,-999.900,-999.900,-999.900,-999.900,-999.900,-999.900,-999.900,-999.900,-999.900,-999.900,-999.900,-999.900,-999.900,-999.900,-999.900,-999.900,-999.900,-999.900,-999.900,-999.900,-999.900,-999.900,-999.900,-999.900,-999.900,-999.900,-999.900,-999.900,-999.900,   1.325,   1.361,   1.373,   1.366,   1.353,   1.463,   1.617,   1.671,   1.608,   1.605,   1.632,   1.748,-999.900,-999.900,-999.900,-999.900,-999.900,-999.900,-999.900,-999.900,-999.900,-999.900,-999.900,-999.900,-999.900,-999.900,
   0.900,   0.896,   0.902,   0.901,   0.918,   0.953,   0.994,   1.016,   1.029,   1.047,   1.061,   1.054,   1.041,   0.996,   0.959,   0.925,   0.896,   0.890,   0.900,   0.903,   0.920,   0.918,   0.950,   0.955,   0.958,   0.965,   0.913,   0.901,   0.891,   0.820,   0.802,   0.832,   0.859,   0.859,   0.845,   0.855,   0.859,   0.838,   0.798,   0.774,   0.788,   0.785,   0.772,   0.760,   0.755,   0.792,   0.762,   0.773,   0.781,   0.795,   0.829,   0.834,   0.821,   0.796,   0.776,   0.781,   0.782,   0.806,   0.853,   0.931,   0.909,   0.952,   0.948,   0.920,   0.926,   0.947,   0.999,   0.985,   1.004,   1.026,   0.967,   0.946,   0.926,   0.916,   1.026,   1.125,   1.054,   0.960,   0.982,   1.034,   1.057,   1.071,   1.100,   1.132,   1.226,   1.274,   1.308,   1.310,   1.375,   1.391,   1.466,   1.460,   1.415,   1.378,   1.391,   1.412,   1.272,   1.259,   1.240,   1.161,   1.101,   1.010,   0.957,   0.969,   0.972,   0.947,   0.962,   0.966,   1.048,   1.032,   1.034,   1.051,   1.150,   1.364,   1.531,   1.758,   1.801,   1.854,   1.782,-999.900,-999.900,-999.900,-999.900,-999.900,-999.900,-999.900,-999.900,-999.900,-999.900,-999.900,-999.900,-999.900,-999.900,-999.900,-999.900,-999.900,-999.900,-999.900,-999.900,-999.900,-999.900,-999.900,-999.900,-999.900,-999.900,-999.900,-999.900,-999.900,-999.900,-999.900,-999.900,-999.900,-999.900,-999.900,   1.528,   1.539,   1.563,   1.475,   1.479,   1.624,   1.710,   1.716,   1.644,   1.658,   1.707,   1.728,-999.900,-999.900,-999.900,-999.900,-999.900,-999.900,-999.900,-999.900,-999.900,-999.900,-999.900,-999.900,-999.900,-999.900,
   0.828,   0.839,   0.855,   0.873,   0.897,   0.928,   0.968,   1.007,   1.018,   1.040,   1.086,   1.073,   1.036,   0.974,   0.920,   0.880,   0.856,   0.877,   0.870,   0.878,   0.864,   0.896,   0.910,   0.923,   0.955,   0.969,   0.912,   0.894,   0.941,   0.908,   0.838,   0.816,   0.830,   0.834,   0.835,   0.848,   0.862,   0.876,   0.839,   0.855,   0.841,   0.813,   0.795,   0.785,   0.760,   0.788,   0.766,   0.752,   0.792,   0.749,   0.834,   0.798,   0.839,   0.835,   0.830,   0.777,   0.766,   0.838,   0.881,   0.899,   0.905,   0.943,   0.970,   0.943,   0.921,   1.000,   1.058,   1.133,   1.059,   0.993,   0.940,   0.901,   0.896,   1.010,   1.102,   1.030,   0.881,   0.987,   1.140,   1.176,   1.157,   1.097,   1.069,   1.168,   1.185,   1.259,   1.393,   1.466,   1.448,   1.350,   1.468,   1.477,   1.398,   1.440,   1.363,   1.425,   1.312,   1.310,   1.322,   1.221,   1.114,   1.030,   0.994,   1.011,   1.019,   1.098,   1.043,   1.055,   1.104,   1.123,   1.124,   1.199,   1.309,   1.513,   1.683,   1.745,   1.881,-999.900,-999.900,-999.900,-999.900,-999.900,-999.900,-999.900,-999.900,-999.900,-999.900,-999.900,-999.900,-999.900,-999.900,-999.900,-999.900,-999.900,-999.900,-999.900,-999.900,-999.900,-999.900,-999.900,-999.900,-999.900,-999.900,-999.900,-999.900,-999.900,-999.900,-999.900,-999.900,-999.900,-999.900,-999.900,   1.649,   1.623,   1.628,   1.686,   1.708,   1.668,   1.732,   1.787,   1.765,   1.656,   1.824,   1.857,   1.857,   1.759,-999.900,-999.900,-999.900,-999.900,-999.900,-999.900,-999.900,-999.900,-999.900,-999.900,-999.900,-999.900,-999.900,-999.900,
   0.767,   0.793,   0.820,   0.841,   0.857,   0.890,   0.928,   0.980,   1.014,   1.041,   1.071,   1.001,   1.033,   0.975,   0.896,   0.835,   0.815,   0.830,   0.839,   0.847,   0.864,   0.873,   0.907,   0.938,   0.977,   0.964,   0.904,   0.959,   0.981,   0.933,   0.868,   0.791,   0.800,   0.830,   0.867,   0.872,   0.879,   0.848,   0.803,   0.794,   0.808,   0.814,   0.796,   0.769,   0.735,   0.764,   0.784,   0.775,   0.785,   0.734,   0.834,   0.869,   0.867,   0.878,   0.846,   0.773,   0.815,   0.860,   0.896,   0.963,   0.940,   0.961,   0.940,   0.882,   0.852,   0.937,   0.996,   1.035,   0.922,   0.874,   0.830,   0.787,   0.818,   0.913,   1.017,   1.038,   1.001,   1.068,   1.071,   1.079,   1.100,   1.142,   1.115,   1.125,   1.182,   1.268,   1.369,   1.443,   1.454,   1.443,   1.458,   1.430,   1.403,   1.396,   1.371,   1.372,   1.260,   1.300,   1.364,   1.201,   1.188,   1.014,   0.968,   1.033,   1.128,   1.121,   1.137,   1.167,   1.253,   1.288,   1.245,   1.346,   1.485,   1.608,   1.639,   1.765,-999.900,-999.900,-999.900,-999.900,-999.900,-999.900,-999.900,-999.900,-999.900,-999.900,-999.900,-999.900,-999.900,-999.900,-999.900,-999.900,-999.900,-999.900,-999.900,-999.900,-999.900,-999.900,-999.900,-999.900,-999.900,-999.900,-999.900,-999.900,-999.900,-999.900,-999.900,-999.900,-999.900,-999.900,-999.900,   1.803,   1.789,   1.787,   1.822,   1.874,   1.875,   1.854,   1.875,   1.832,   1.911,   1.924,   1.761,   1.836,   1.744,   1.920,   1.888,-999.900,-999.900,-999.900,-999.900,-999.900,-999.900,-999.900,-999.900,-999.900,-999.900,-999.900,-999.900,-999.900,
   0.721,   0.738,   0.765,   0.794,   0.831,   0.862,   0.895,   0.942,   1.005,   1.018,   1.025,   1.015,   1.039,   0.979,   0.926,   0.870,   0.815,   0.821,   0.852,   0.860,   0.862,   0.844,   0.912,   0.966,   0.961,   1.053,   1.069,   1.040,   1.011,   0.979,   0.891,   0.838,   0.854,   0.874,   0.900,   0.882,   0.912,   0.853,   0.834,   0.792,   0.810,   0.783,   0.753,   0.738,   0.766,   0.787,   0.805,   0.818,   0.826,   0.840,   0.863,   0.875,   0.908,   0.886,   0.844,   0.755,   0.782,   0.949,   0.829,   0.727,   0.938,   1.033,   0.900,   1.019,   1.018,   1.018,   0.971,   0.999,   1.051,   0.972,   0.901,   0.770,   0.799,   0.844,   0.845,   0.899,   0.961,   1.010,   0.973,   0.951,   0.972,   1.033,   1.035,   1.078,   1.126,   1.135,   1.209,   1.296,   1.391,   1.389,   1.393,   1.407,   1.460,   1.389,   1.306,   1.316,   1.309,   1.257,   1.335,   1.281,   1.229,   1.198,   1.161,   1.168,   1.148,   1.217,   1.257,   1.296,   1.310,   1.354,   1.456,   1.477,   1.453,   1.481,-999.900,-999.900,-999.900,-999.900,-999.900,-999.900,-999.900,-999.900,-999.900,-999.900,-999.900,-999.900,-999.900,-999.900,-999.900,-999.900,-999.900,-999.900,-999.900,-999.900,-999.900,-999.900,-999.900,-999.900,-999.900,-999.900,-999.900,-999.900,-999.900,-999.900,-999.900,-999.900,-999.900,-999.900,-999.900,-999.900,-999.900,   1.949,   1.901,   1.941,   2.022,   2.007,   2.029,   2.010,   1.938,   1.828,   2.079,   2.061,   2.008,   1.885,-999.900,-999.900,-999.900,-999.900,-999.900,-999.900,-999.900,-999.900,-999.900,-999.900,-999.900,-999.900,-999.900,-999.900,-999.900,-999.900,
   0.675,   0.701,   0.737,   0.758,   0.796,   0.820,   0.874,   0.921,   0.964,   1.006,   1.029,   1.016,   0.990,   0.970,   0.955,   0.973,   0.928,   0.966,   0.936,   0.875,   0.854,   0.820,   0.838,   0.863,   0.957,   1.080,   1.105,   1.144,   1.129,   1.013,   0.943,   0.887,   0.880,   0.884,   0.930,   0.935,   0.922,   0.829,   0.806,   0.798,   0.789,   0.744,   0.734,   0.741,   0.758,   0.814,   0.827,   0.846,   0.868,   0.869,   0.829,   0.851,   0.906,   0.833,   0.812,   0.736,   0.778,   0.913,-999.900,   0.668,   0.936,   1.076,   0.927,   1.112,   0.983,   0.978,   0.853,   0.850,   0.914,   0.898,   0.868,   0.767,   0.741,   0.756,   0.777,   0.816,   0.858,   0.867,   0.914,   0.935,   0.922,   0.990,   0.996,   1.022,   1.050,   1.091,   1.134,   1.218,   1.264,   1.251,   1.255,   1.298,   1.295,   1.259,   1.177,   1.194,   1.173,   1.187,   1.152,   1.145,   1.083,   1.118,   1.193,   1.218,   1.139,   1.170,   1.226,   1.269,   1.353,   1.403,   1.429,   1.448,-999.900,-999.900,-999.900,-999.900,-999.900,-999.900,-999.900,-999.900,-999.900,-999.900,-999.900,-999.900,-999.900,-999.900,-999.900,-999.900,-999.900,-999.900,-999.900,-999.900,-999.900,-999.900,-999.900,-999.900,-999.900,-999.900,-999.900,-999.900,-999.900,-999.900,-999.900,-999.900,-999.900,-999.900,-999.900,-999.900,-999.900,-999.900,-999.900,   2.065,   2.099,   2.193,   2.292,   2.271,   2.272,   2.179,   2.007,   2.075,   2.178,   2.189,   2.166,   1.956,-999.900,-999.900,-999.900,-999.900,-999.900,-999.900,-999.900,-999.900,-999.900,-999.900,-999.900,-999.900,-999.900,-999.900,-999.900,-999.900,
   0.637,   0.665,   0.696,   0.745,   0.770,   0.796,   0.840,   0.884,   0.927,   0.958,   0.958,   0.948,   0.946,   0.940,   0.918,   0.948,   1.086,   1.117,   0.968,   0.906,   0.872,   0.797,   0.875,   0.964,   1.006,   1.069,   1.157,   1.332,   1.357,   1.332,   1.173,   1.182,   0.998,   0.991,   0.898,   0.960,   0.945,   0.910,   0.804,   0.790,   0.759,   0.726,   0.754,   0.771,   0.767,   0.820,   0.842,   0.875,   0.886,   0.847,   0.825,   0.798,   0.855,   0.813,   0.753,   0.768,   0.771,   0.753,-999.900,   0.735,   0.912,   0.776,   0.827,   0.988,   0.872,   0.894,   0.831,   0.817,   0.811,   0.760,   0.730,   0.742,   0.759,   0.752,   0.731,   0.770,   0.837,   0.814,   0.829,   0.884,   0.911,   0.932,   0.927,   0.990,   1.057,   1.057,   1.104,   1.172,   1.186,   1.208,   1.179,   1.155,   1.180,   1.077,   1.117,   1.097,   1.080,   1.075,   1.075,   1.061,   0.987,   1.003,   1.154,   1.211,   1.169,   1.173,   1.285,   1.275,   1.329,   1.401,   1.435,-999.900,-999.900,-999.900,-999.900,   1.450,-999.900,-999.900,-999.900,-999.900,-999.900,-999.900,-999.900,-999.900,-999.900,-999.900,-999.900,-999.900,-999.900,-999.900,-999.900,-999.900,-999.900,-999.900,-999.900,-999.900,-999.900,-999.900,-999.900,-999.900,-999.900,-999.900,-999.900,-999.900,-999.900,-999.900,-999.900,-999.900,-999.900,-999.900,-999.900,   2.183,   2.327,   2.430,   2.485,   2.442,   2.426,   2.269,   2.400,   2.427,   2.381,   2.366,   2.250,   2.278,-999.900,-999.900,-999.900,-999.900,-999.900,-999.900,-999.900,-999.900,-999.900,-999.900,-999.900,-999.900,-999.900,-999.900,-999.900,-999.900,
   0.605,   0.640,   0.675,   0.708,   0.755,   0.789,   0.817,   0.834,   0.871,   0.910,   0.946,   0.934,   0.908,   0.923,   0.889,   0.887,   1.050,   1.048,   1.066,   0.967,   0.910,   0.879,   0.792,   0.839,   0.924,   1.060,   1.200,   1.321,   1.289,   1.354,   1.296,   1.292,   1.246,   1.244,   1.121,   0.993,   0.975,   0.911,   0.792,   0.738,   0.686,   0.672,   0.689,   0.717,   0.763,   0.837,   0.850,   0.892,   0.967,   0.903,   0.846,   0.816,   0.813,   0.782,   0.747,   0.769,   0.759,-999.900,-999.900,   0.781,   0.669,   0.684,   0.890,   0.872,   0.819,   0.824,   0.726,   0.689,   0.690,   0.696,   0.699,   0.737,   0.731,   0.753,   0.767,   0.795,   0.796,   0.837,   0.863,   0.864,   0.899,   0.917,   0.926,   0.963,   0.939,   0.962,   0.995,   1.025,   1.096,   1.086,   1.105,   1.111,   1.114,   1.075,   1.076,   1.001,   1.029,   1.080,   1.076,   1.078,   0.966,   0.962,   1.108,   1.130,   1.140,   1.075,   1.124,   1.191,   1.373,   1.472,   1.529,   1.435,   1.466,   1.382,-999.900,-999.900,-999.900,-999.900,   1.561,   1.625,-999.900,-999.900,-999.900,-999.900,-999.900,   1.829,-999.900,-999.900,-999.900,-999.900,-999.900,-999.900,-999.900,-999.900,-999.900,-999.900,-999.900,-999.900,-999.900,-999.900,-999.900,-999.900,-999.900,-999.900,-999.900,-999.900,-999.900,-999.900,-999.900,-999.900,-999.900,   2.314,   2.331,   2.532,   2.648,   2.616,   2.546,   2.633,   2.641,   2.604,   2.425,-999.900,-999.900,-999.900,-999.900,-999.900,-999.900,-999.900,-999.900,-999.900,-999.900,-999.900,-999.900,-999.900,-999.900,-999.900,-999.900,-999.900,-999.900,-999.900,
   0.576,   0.617,   0.642,   0.683,   0.705,   0.743,   0.749,   0.779,   0.814,   0.857,   0.870,   0.896,   0.896,   0.877,   0.860,   0.848,   0.885,   0.981,   1.106,   1.018,   0.909,   0.825,   0.753,   0.791,   0.932,   1.001,   1.133,   1.242,   1.234,   1.248,   1.207,   1.267,   1.273,   1.321,   1.308,   1.146,   1.031,   0.968,   0.901,   0.756,   0.701,   0.671,   0.666,   0.688,   0.755,   0.793,   0.852,   0.911,   0.954,   0.903,   0.855,   0.786,   0.738,   0.734,   0.748,   0.670,-999.900,-999.900,   0.619,   0.687,   0.644,   0.792,   0.822,   0.747,   0.726,   0.676,   0.600,   0.622,   0.624,   0.657,   0.671,   0.703,   0.722,   0.743,   0.819,   0.827,   0.797,   0.785,   0.809,   0.813,   0.815,   0.812,   0.823,   0.829,   0.824,   0.873,   0.892,   0.945,   0.949,   0.927,   0.963,   0.938,   0.921,   0.959,   0.932,   1.001,   1.033,   1.047,   1.084,   1.124,   1.093,   1.107,   1.197,   1.200,   1.155,   1.185,   1.210,   1.382,   1.608,   1.787,   1.527,   1.390,   1.372,   1.322,-999.900,-999.900,   1.352,   1.438,   1.506,   1.554,   1.602,-999.900,-999.900,-999.900,-999.900,   1.760,-999.900,-999.900,-999.900,-999.900,-999.900,-999.900,-999.900,-999.900,-999.900,-999.900,-999.900,-999.900,-999.900,-999.900,-999.900,-999.900,-999.900,-999.900,-999.900,-999.900,-999.900,-999.900,-999.900,-999.900,-999.900,-999.900,   2.426,   2.524,   2.697,   2.686,   2.723,   2.927,   2.923,   2.565,-999.900,-999.900,-999.900,-999.900,-999.900,-999.900,-999.900,-999.900,-999.900,-999.900,-999.900,-999.900,-999.900,-999.900,-999.900,-999.900,-999.900,-999.900,-999.900,-999.900,
   0.547,   0.590,   0.628,   0.677,   0.710,   0.724,   0.741,   0.751,   0.793,   0.830,   0.847,   0.817,   0.857,   0.833,   0.849,   0.868,   0.952,   0.916,   0.886,   0.912,   0.816,   0.768,   0.772,   0.777,   0.953,   1.056,   1.184,   1.373,   1.276,   1.279,   1.224,   1.155,   1.092,   1.118,   1.048,   1.078,   1.028,   1.024,   0.999,   0.921,   0.857,   0.767,   0.710,   0.706,   0.756,   0.811,   0.878,   0.941,   0.915,   0.885,   0.843,   0.778,   0.756,   0.752,   0.633,-999.900,-999.900,   0.587,   0.636,   0.693,   0.693,   0.731,   0.687,   0.651,   0.633,   0.556,   0.529,   0.563,   0.611,   0.632,   0.615,   0.640,   0.663,   0.709,   0.723,   0.756,   0.705,   0.712,   0.738,   0.806,   0.794,   0.801,   0.788,   0.800,   0.801,   0.849,   0.869,   0.883,   0.879,   0.834,   0.867,   0.875,   0.853,   0.847,   0.874,   0.919,   0.951,   1.036,   1.042,   1.020,   0.987,   1.019,   1.161,   1.187,   1.179,   1.254,   1.381,   1.420,   1.415,   1.521,   1.433,   1.322,   1.253,   1.278,   1.263,   1.295,   1.319,   1.373,   1.392,   1.409,   1.535,   1.602,   1.525,-999.900,   1.575,   1.749,-999.900,-999.900,-999.900,-999.900,-999.900,-999.900,-999.900,-999.900,-999.900,-999.900,-999.900,-999.900,-999.900,-999.900,-999.900,-999.900,-999.900,-999.900,-999.900,-999.900,-999.900,-999.900,-999.900,-999.900,-999.900,-999.900,   2.380,   2.529,   2.515,   2.594,   2.698,   3.130,   2.807,   2.720,-999.900,-999.900,-999.900,-999.900,-999.900,-999.900,-999.900,-999.900,-999.900,-999.900,-999.900,-999.900,-999.900,-999.900,-999.900,-999.900,-999.900,-999.900,-999.900,-999.900,
   0.530,   0.585,   0.641,   0.672,   0.711,   0.735,   0.724,   0.741,   0.770,   0.784,   0.797,   0.779,   0.774,   0.787,   0.798,   0.812,   0.787,   0.784,   0.787,   0.742,   0.782,   0.832,   0.920,   1.066,   1.273,   1.467,   1.777,   1.682,   1.505,   1.246,   1.094,   1.002,   0.970,   0.951,   0.861,   0.872,   0.896,   0.984,   0.976,   0.945,   0.956,   0.910,   0.837,   0.823,   0.780,   0.836,   0.920,   0.950,   0.927,   0.870,   0.863,   0.820,   0.751,-999.900,-999.900,   0.571,   0.601,   0.691,   0.675,   0.690,   0.653,   0.635,   0.594,   0.563,   0.556,   0.536,   0.446,   0.530,   0.574,   0.580,   0.568,   0.565,   0.607,   0.619,   0.647,   0.685,   0.667,   0.667,   0.730,   0.744,   0.733,   0.771,   0.818,   0.782,   0.817,   0.839,   0.898,   0.916,   0.870,   0.859,   0.821,   0.797,   0.804,   0.843,   0.879,   0.888,   0.955,   0.976,   0.979,   0.971,   0.983,   1.044,   1.128,   1.168,   1.214,   1.299,   1.370,   1.424,   1.473,   1.554,   1.435,   1.254,   1.128,   1.154,   1.204,   1.267,   1.301,   1.375,   1.337,   1.345,   1.413,   1.499,   1.374,-999.900,   1.490,   1.692,   1.795,-999.900,-999.900,-999.900,-999.900,-999.900,-999.900,-999.900,-999.900,-999.900,-999.900,-999.900,-999.900,-999.900,-999.900,-999.900,-999.900,-999.900,-999.900,-999.900,-999.900,-999.900,-999.900,-999.900,-999.900,-999.900,   2.170,   2.491,   2.491,   2.658,   2.768,-999.900,-999.900,-999.900,-999.900,-999.900,-999.900,-999.900,-999.900,-999.900,-999.900,-999.900,-999.900,-999.900,-999.900,-999.900,-999.900,-999.900,-999.900,-999.900,-999.900,-999.900,-999.900,-999.900,
   0.520,   0.586,   0.630,   0.681,   0.709,   0.743,   0.742,   0.746,   0.752,   0.749,   0.710,   0.694,   0.694,   0.715,   0.724,   0.727,   0.782,   0.788,   0.773,   0.787,   0.903,   0.953,   0.980,   1.166,   1.163,   1.351,   1.391,   1.354,   1.293,   1.248,   1.214,   1.087,   0.880,   0.844,   0.824,   0.870,   0.982,   0.946,   0.934,   0.865,   0.833,   0.882,   0.942,   1.077,   1.033,   1.067,   1.007,   0.997,   0.914,   0.938,   0.910,   0.778,-999.900,   0.599,   0.613,   0.589,   0.628,   0.590,   0.615,   0.620,   0.561,   0.544,   0.548,   0.547,   0.521,   0.504,   0.437,   0.474,   0.503,   0.522,   0.533,   0.551,   0.521,   0.546,   0.604,   0.627,   0.625,   0.663,   0.687,   0.714,   0.722,   0.739,   0.771,   0.782,   0.836,   0.870,   0.882,   0.867,   0.856,   0.834,   0.795,   0.758,   0.764,   0.789,   0.848,   0.885,   0.912,   0.968,   0.931,   0.927,   0.962,   1.028,   1.076,   1.170,   1.198,   1.344,   1.331,   1.380,   1.489,   1.526,   1.279,   1.131,   1.033,   1.051,   1.200,   1.266,   1.285,   1.366,   1.316,   1.315,   1.313,   1.385,   1.238,   1.202,   1.433,   1.625,-999.900,-999.900,-999.900,-999.900,-999.900,-999.900,-999.900,-999.900,-999.900,-999.900,-999.900,-999.900,-999.900,-999.900,-999.900,-999.900,-999.900,-999.900,-999.900,-999.900,-999.900,-999.900,-999.900,-999.900,-999.900,-999.900,-999.900,   2.230,   2.244,   2.526,   2.632,-999.900,-999.900,-999.900,-999.900,-999.900,-999.900,-999.900,-999.900,-999.900,-999.900,-999.900,-999.900,-999.900,-999.900,-999.900,-999.900,-999.900,-999.900,-999.900,-999.900,-999.900,-999.900,-999.900,
   0.494,   0.538,   0.623,   0.692,   0.754,   0.787,   0.879,   0.923,   0.848,   0.892,   0.863,   0.826,   0.782,   0.745,   0.752,   0.784,   0.847,   0.927,   0.921,   0.865,   0.951,   0.879,   0.894,   0.850,   1.041,   1.237,   1.138,   1.119,   0.999,   0.968,   0.914,   0.926,   0.934,   0.870,   0.857,   0.896,   0.794,   0.863,   0.856,   0.852,   0.875,   0.868,   0.987,   1.053,   1.058,   1.183,   1.478,   1.420,   0.920,-999.900,   0.811,   0.796,   0.779,   0.721,   0.545,   0.501,   0.521,   0.565,   0.564,   0.547,   0.524,   0.544,   0.536,   0.520,   0.504,   0.469,   0.427,   0.441,   0.454,   0.464,   0.474,   0.476,   0.502,   0.538,   0.571,   0.593,   0.621,   0.644,   0.661,   0.680,   0.692,   0.733,   0.748,   0.795,   0.846,   0.863,   0.846,   0.859,   0.866,   0.835,   0.817,   0.763,   0.738,   0.731,   0.796,   0.854,   0.899,   0.942,   0.948,   0.952,   0.934,   0.988,   1.126,   1.212,   1.202,   1.205,   1.207,   1.264,   1.325,   1.370,   1.196,   1.120,   1.025,   1.053,   1.133,   1.229,   1.371,   1.311,   1.308,   1.289,   1.356,   1.406,-999.900,   1.302,   1.446,   1.635,   1.761,-999.900,-999.900,-999.900,-999.900,-999.900,-999.900,-999.900,-999.900,-999.900,-999.900,-999.900,-999.900,-999.900,-999.900,-999.900,-999.900,-999.900,-999.900,-999.900,-999.900,-999.900,-999.900,-999.900,-999.900,-999.900,-999.900,   2.106,   2.159,   2.295,-999.900,-999.900,-999.900,-999.900,-999.900,-999.900,-999.900,-999.900,-999.900,-999.900,-999.900,-999.900,-999.900,-999.900,-999.900,-999.900,-999.900,-999.900,-999.900,-999.900,-999.900,-999.900,-999.900,-999.900,
   0.479,   0.526,   0.607,   0.733,   0.850,   0.889,   0.953,   0.966,   0.991,   0.942,   0.898,   0.910,   0.793,   0.888,   0.870,   0.752,   0.810,   0.844,   0.821,   0.791,   0.659,   0.563,   0.572,   0.695,   0.925,   0.980,   0.949,   0.907,   0.825,   0.693,   0.717,   0.714,   0.704,   0.713,   0.820,   0.718,   0.774,   0.767,   0.676,   0.662,   0.681,   0.696,   0.837,   0.965,   1.230,   1.318,   1.576,   1.576,   1.260,   1.113,   1.075,   0.916,   0.731,   0.600,   0.520,   0.524,   0.526,   0.545,   0.540,   0.546,   0.527,   0.519,   0.517,   0.500,   0.459,   0.438,   0.423,   0.424,   0.422,   0.424,   0.446,   0.449,   0.483,   0.537,   0.562,   0.579,   0.586,   0.614,   0.618,   0.633,   0.686,   0.741,   0.767,   0.771,   0.818,   0.833,   0.815,   0.841,   0.808,   0.784,   0.758,   0.751,   0.743,   0.727,   0.786,   0.819,   0.860,   0.926,   0.956,   0.949,   0.943,   1.012,   1.101,   1.171,   1.166,   1.107,   1.172,   1.351,   1.370,   1.192,   1.138,   1.123,   1.049,   1.045,   1.089,   1.295,   1.337,   1.335,   1.371,   1.408,   1.421,   1.390,-999.900,-999.900,   1.526,   1.696,   1.893,-999.900,-999.900,-999.900,-999.900,-999.900,-999.900,-999.900,-999.900,-999.900,-999.900,-999.900,-999.900,-999.900,-999.900,-999.900,-999.900,-999.900,-999.900,-999.900,-999.900,-999.900,-999.900,-999.900,-999.900,-999.900,-999.900,   1.940,   1.968,-999.900,-999.900,-999.900,-999.900,-999.900,-999.900,-999.900,-999.900,-999.900,-999.900,-999.900,-999.900,-999.900,-999.900,-999.900,-999.900,-999.900,-999.900,-999.900,-999.900,-999.900,-999.900,-999.900,-999.900,-999.900,
   0.485,   0.526,   0.625,   0.705,   0.773,   0.823,   0.892,   0.939,   0.987,   0.962,   0.905,   0.820,   0.765,   0.768,   0.790,   0.701,   0.640,   0.680,   0.719,   0.698,   0.557,   0.546,   0.680,   0.747,   0.721,   0.728,   0.739,   0.748,   0.701,   0.688,   0.636,   0.685,   0.770,   0.716,   0.645,   0.644,   0.702,   0.726,   0.604,   0.753,   0.600,   0.617,   0.640,   0.720,   0.957,   1.087,   1.166,   1.120,   1.211,   1.037,   0.887,   0.738,   0.587,   0.539,   0.500,   0.513,   0.511,   0.513,   0.531,   0.539,   0.526,   0.522,   0.495,   0.469,   0.476,   0.446,   0.431,   0.406,   0.402,   0.373,   0.404,   0.414,   0.437,   0.469,   0.499,   0.525,   0.530,   0.543,   0.552,   0.606,   0.655,   0.702,   0.734,   0.808,   0.807,   0.804,   0.789,   0.778,   0.750,   0.742,   0.678,   0.674,   0.762,   0.757,   0.751,   0.789,   0.836,   0.892,   0.929,   0.935,   0.969,   1.061,   1.078,   1.080,   1.084,   1.129,   1.208,   1.233,   1.244,   1.343,   1.245,   1.121,   1.170,   1.088,   1.078,   1.188,   1.418,   1.531,   1.524,   1.543,   1.476,-999.900,-999.900,-999.900,   1.664,   1.817,   2.216,   2.104,-999.900,-999.900,-999.900,-999.900,-999.900,-999.900,-999.900,-999.900,-999.900,-999.900,-999.900,-999.900,-999.900,-999.900,-999.900,-999.900,-999.900,-999.900,-999.900,-999.900,-999.900,-999.900,-999.900,-999.900,-999.900,-999.900,-999.900,-999.900,-999.900,-999.900,-999.900,-999.900,-999.900,-999.900,-999.900,-999.900,-999.900,-999.900,-999.900,-999.900,-999.900,-999.900,-999.900,-999.900,-999.900,-999.900,-999.900,-999.900,-999.900,-999.900,-999.900,-999.900,
   0.460,   0.505,   0.552,   0.603,   0.653,   0.693,   0.795,   0.870,   0.942,   0.859,   0.815,   0.770,   0.712,   0.670,   0.763,   0.720,   0.618,   0.554,   0.609,   0.564,   0.565,   0.520,   0.520,   0.434,   0.407,-999.900,   0.445,   0.468,   0.454,   0.441,   0.489,   0.577,   0.662,   0.652,   0.550,   0.542,   0.605,   0.611,   0.559,   0.575,   0.510,   0.537,   0.593,   0.609,   0.734,   0.844,   0.975,   0.970,   0.913,   0.822,   0.733,   0.616,   0.521,   0.483,   0.488,   0.538,   0.507,   0.492,   0.524,   0.528,   0.538,   0.535,   0.508,   0.491,   0.462,   0.409,   0.383,   0.380,   0.361,   0.324,   0.370,   0.372,   0.371,   0.401,   0.447,   0.476,   0.488,   0.509,   0.506,   0.545,   0.601,   0.656,   0.702,   0.769,   0.763,   0.747,   0.744,   0.747,   0.709,   0.686,   0.652,   0.659,   0.756,   0.766,   0.751,   0.773,   0.808,   0.881,   0.917,   0.930,   0.964,   0.992,   1.013,   1.030,   1.093,   1.092,   1.129,   1.206,   1.348,   1.244,   1.196,   1.157,   1.114,   1.054,   1.091,   1.210,   1.389,   1.536,   1.618,   1.596,   1.519,-999.900,-999.900,-999.900,   1.718,   1.831,   2.163,   2.241,-999.900,-999.900,-999.900,-999.900,-999.900,-999.900,-999.900,-999.900,-999.900,-999.900,-999.900,-999.900,-999.900,-999.900,-999.900,-999.900,-999.900,-999.900,-999.900,-999.900,-999.900,-999.900,-999.900,   1.870,-999.900,-999.900,-999.900,-999.900,-999.900,-999.900,-999.900,-999.900,-999.900,-999.900,-999.900,-999.900,-999.900,-999.900,-999.900,-999.900,-999.900,-999.900,-999.900,-999.900,-999.900,-999.900,-999.900,-999.900,-999.900,-999.900,-999.900,-999.900,
   0.491,   0.498,   0.525,   0.539,   0.579,   0.601,   0.648,   0.697,   0.646,   0.638,   0.783,   0.826,   0.933,   0.920,   0.716,   0.817,   0.658,   0.486,   0.484,   0.520,   0.299,   0.371,   0.649,   0.530,   0.397,   0.434,   0.451,   0.431,   0.402,   0.391,   0.427,   0.409,   0.454,   0.506,   0.533,   0.548,   0.521,   0.475,   0.448,   0.397,   0.408,   0.417,   0.507,   0.509,   0.620,   0.613,   0.677,   0.771,   0.722,   0.666,   0.597,   0.515,   0.472,   0.446,   0.441,   0.449,   0.499,   0.543,   0.522,   0.542,   0.521,   0.523,   0.523,   0.472,   0.406,   0.388,   0.388,   0.360,   0.361,   0.363,   0.328,   0.335,   0.344,   0.360,   0.370,   0.400,   0.422,   0.462,   0.481,   0.506,   0.571,   0.614,   0.646,   0.689,   0.718,   0.715,   0.687,   0.670,   0.631,   0.625,   0.637,   0.669,   0.689,   0.733,   0.772,   0.789,   0.826,   0.858,   0.875,   0.905,   0.937,   0.955,   0.957,   0.965,   0.993,   1.029,   1.044,   1.081,   1.089,   1.052,   1.004,   1.005,   1.060,   1.093,   1.145,   1.258,   1.403,   1.512,   1.666,   1.675,   1.559,-999.900,-999.900,-999.900,   1.797,   1.896,   1.961,   2.135,-999.900,-999.900,-999.900,-999.900,-999.900,-999.900,-999.900,-999.900,-999.900,-999.900,-999.900,-999.900,-999.900,-999.900,-999.900,-999.900,-999.900,-999.900,-999.900,-999.900,-999.900,-999.900,-999.900,-999.900,-999.900,-999.900,-999.900,-999.900,-999.900,-999.900,-999.900,-999.900,-999.900,-999.900,-999.900,-999.900,-999.900,-999.900,-999.900,-999.900,-999.900,-999.900,-999.900,-999.900,-999.900,-999.900,-999.900,-999.900,-999.900,-999.900,-999.900,-999.900,
   0.496,   0.493,   0.492,   0.476,   0.500,   0.533,   0.547,   0.519,   0.489,   0.553,   0.649,   0.686,   0.707,   0.763,   0.786,   0.791,   0.689,   0.604,   0.455,   0.406,   0.316,   0.250,   0.411,   0.402,   0.301,   0.292,   0.308,   0.365,   0.422,   0.480,   0.459,   0.380,   0.393,   0.391,   0.419,   0.444,   0.436,   0.452,   0.416,   0.395,   0.341,   0.309,   0.386,   0.427,   0.436,   0.470,   0.505,   0.549,   0.552,   0.529,   0.450,   0.404,   0.389,   0.392,   0.397,   0.443,   0.504,   0.477,   0.489,   0.502,   0.482,   0.465,   0.454,   0.422,   0.355,   0.362,   0.337,   0.328,   0.325,   0.325,   0.289,   0.295,   0.306,   0.329,   0.337,   0.352,   0.376,   0.409,   0.441,   0.460,   0.519,   0.575,   0.604,   0.654,   0.666,   0.683,   0.650,   0.638,   0.603,   0.610,   0.621,   0.653,   0.684,   0.723,   0.766,   0.801,   0.817,   0.847,   0.856,   0.878,   0.880,   0.903,   0.927,   0.968,   0.984,   1.004,   0.984,   1.010,   1.045,   1.020,   0.979,   1.005,   1.066,   1.093,   1.217,   1.347,   1.376,   1.462,   1.584,   1.642,   1.590,-999.900,-999.900,-999.900,   1.880,   2.065,   2.003,   2.040,   2.132,-999.900,-999.900,-999.900,-999.900,-999.900,-999.900,-999.900,-999.900,-999.900,-999.900,-999.900,-999.900,-999.900,-999.900,-999.900,-999.900,-999.900,-999.900,-999.900,-999.900,-999.900,-999.900,-999.900,-999.900,-999.900,-999.900,-999.900,-999.900,-999.900,-999.900,-999.900,-999.900,-999.900,-999.900,-999.900,-999.900,-999.900,-999.900,-999.900,-999.900,-999.900,-999.900,-999.900,-999.900,-999.900,-999.900,-999.900,-999.900,-999.900,-999.900,-999.900,
   0.495,   0.485,   0.489,   0.464,   0.398,   0.409,   0.433,   0.449,   0.523,   0.603,   0.698,   0.771,   0.644,   0.607,   0.660,   0.646,   0.599,   0.468,   0.487,   0.349,   0.395,   0.428,   0.207,   0.284,   0.211,   0.189,   0.189,   0.209,   0.250,   0.283,   0.319,   0.353,   0.371,   0.371,   0.361,   0.347,   0.385,   0.379,   0.377,   0.339,   0.359,   0.342,   0.341,   0.356,   0.377,   0.410,   0.433,   0.425,   0.418,   0.366,   0.375,   0.348,   0.334,   0.358,   0.414,   0.467,   0.520,   0.486,   0.484,   0.438,   0.406,   0.381,   0.366,   0.350,   0.354,   0.329,   0.289,   0.282,   0.273,   0.282,   0.294,   0.302,   0.286,   0.284,   0.290,   0.318,   0.338,   0.370,   0.410,   0.444,   0.510,   0.576,   0.600,   0.607,   0.614,   0.594,   0.605,   0.586,   0.566,   0.583,   0.597,   0.631,   0.670,   0.706,   0.742,   0.775,   0.838,   0.843,   0.860,   0.873,   0.871,   0.843,   0.875,   0.849,   0.844,   0.880,   0.871,   0.896,   0.912,   0.913,   0.932,   0.996,   1.035,   1.177,   1.292,   1.460,   1.524,   1.543,   1.617,   1.678,   1.644,-999.900,-999.900,-999.900,   1.954,   2.035,-999.900,-999.900,-999.900,-999.900,-999.900,-999.900,-999.900,-999.900,-999.900,-999.900,-999.900,-999.900,-999.900,-999.900,-999.900,-999.900,-999.900,-999.900,-999.900,-999.900,-999.900,-999.900,-999.900,-999.900,-999.900,-999.900,-999.900,-999.900,-999.900,-999.900,-999.900,-999.900,-999.900,-999.900,-999.900,-999.900,-999.900,-999.900,-999.900,-999.900,-999.900,-999.900,-999.900,-999.900,-999.900,-999.900,-999.900,-999.900,-999.900,-999.900,-999.900,-999.900,-999.900,-999.900,
   0.490,   0.477,   0.486,   0.457,   0.394,   0.385,   0.383,   0.384,   0.407,   0.417,   0.397,   0.369,   0.411,   0.407,   0.474,   0.505,   0.462,   0.485,   0.488,   0.429,   0.396,   0.385,   0.214,   0.124,   0.118,   0.132,   0.144,   0.155,   0.229,   0.260,   0.268,   0.308,   0.359,   0.356,   0.360,   0.368,   0.403,   0.406,   0.370,   0.401,   0.359,   0.376,   0.344,   0.342,   0.339,   0.356,   0.368,   0.366,   0.322,   0.330,   0.322,   0.346,   0.314,   0.299,   0.415,   0.449,   0.458,   0.415,   0.419,   0.375,   0.336,   0.323,   0.325,   0.325,   0.318,   0.298,   0.263,   0.253,   0.239,   0.242,   0.252,   0.267,   0.253,   0.263,   0.282,   0.294,   0.321,   0.347,   0.393,   0.446,   0.517,   0.560,   0.592,   0.589,   0.580,   0.564,   0.547,   0.528,   0.540,   0.554,   0.574,   0.612,   0.650,   0.678,   0.718,   0.730,   0.812,   0.796,   0.822,   0.832,   0.821,   0.842,   0.813,   0.782,   0.792,   0.819,   0.834,   0.863,   0.899,   0.925,   0.953,   1.029,   1.118,   1.300,   1.465,   1.601,   1.608,   1.639,   1.702,   1.720,-999.900,-999.900,-999.900,-999.900,   1.888,-999.900,-999.900,-999.900,-999.900,-999.900,-999.900,-999.900,-999.900,-999.900,-999.900,-999.900,-999.900,-999.900,-999.900,-999.900,-999.900,-999.900,-999.900,-999.900,-999.900,-999.900,-999.900,-999.900,-999.900,-999.900,-999.900,-999.900,-999.900,-999.900,-999.900,-999.900,-999.900,-999.900,-999.900,-999.900,-999.900,-999.900,-999.900,-999.900,-999.900,-999.900,-999.900,-999.900,-999.900,-999.900,-999.900,-999.900,-999.900,-999.900,-999.900,-999.900,-999.900,-999.900,-999.900,-999.900,
   0.476,   0.497,   0.523,   0.498,   0.454,   0.433,   0.383,   0.382,   0.381,   0.354,   0.319,   0.303,   0.296,   0.290,   0.259,   0.243,   0.286,   0.299,   0.273,   0.386,   0.310,   0.298,   0.294,   0.154,   0.052,   0.049,   0.051,   0.060,   0.159,   0.186,   0.213,   0.206,   0.277,   0.290,   0.344,   0.439,   0.466,   0.475,   0.397,   0.415,   0.372,   0.366,   0.389,   0.359,   0.299,   0.310,   0.325,   0.344,   0.326,   0.318,   0.307,   0.304,   0.294,   0.272,   0.305,   0.332,   0.344,   0.346,   0.325,   0.301,   0.282,   0.276,   0.276,   0.260,   0.262,   0.255,   0.253,   0.252,   0.225,   0.217,   0.227,   0.228,   0.244,   0.267,   0.283,   0.287,   0.327,   0.358,   0.428,   0.495,   0.545,   0.597,   0.567,   0.573,   0.521,   0.504,   0.485,   0.479,   0.492,   0.512,   0.533,   0.552,   0.604,   0.649,   0.665,   0.699,   0.751,   0.796,   0.864,   0.875,   0.732,   0.719,   0.710,   0.713,   0.732,   0.769,   0.812,   0.845,   0.905,   0.940,   1.014,   1.100,   1.245,   1.420,   1.554,   1.603,   1.661,   1.670,   1.608,-999.900,-999.900,-999.900,-999.900,-999.900,   2.018,-999.900,-999.900,-999.900,-999.900,-999.900,-999.900,-999.900,-999.900,-999.900,-999.900,-999.900,-999.900,-999.900,-999.900,-999.900,-999.900,-999.900,-999.900,-999.900,-999.900,-999.900,-999.900,-999.900,-999.900,-999.900,-999.900,-999.900,-999.900,-999.900,-999.900,-999.900,-999.900,-999.900,-999.900,-999.900,-999.900,-999.900,-999.900,-999.900,-999.900,-999.900,-999.900,-999.900,-999.900,-999.900,-999.900,-999.900,-999.900,-999.900,-999.900,-999.900,-999.900,-999.900,-999.900,-999.900,
   0.442,   0.465,   0.496,   0.495,   0.541,   0.546,   0.540,   0.503,   0.475,   0.430,   0.512,   0.503,   0.363,   0.277,   0.219,   0.203,   0.183,   0.171,   0.193,   0.242,   0.340,   0.353,   0.338,   0.277,   0.084,   0.084,   0.170,   0.152,   0.126,   0.144,   0.183,   0.171,   0.221,   0.306,   0.309,   0.336,   0.380,   0.419,   0.356,   0.396,   0.394,   0.376,   0.365,   0.348,   0.283,   0.296,   0.288,   0.291,   0.292,   0.263,   0.252,   0.244,   0.240,   0.228,   0.260,   0.270,   0.275,   0.269,   0.250,   0.221,   0.225,   0.231,   0.235,   0.238,   0.247,   0.265,   0.248,   0.240,   0.217,   0.203,   0.216,   0.213,   0.232,   0.253,   0.268,   0.290,   0.313,   0.352,   0.429,   0.510,   0.540,   0.567,   0.549,   0.529,   0.500,   0.487,   0.466,   0.466,   0.480,   0.482,   0.509,   0.531,   0.580,   0.612,   0.629,   0.668,   0.713,   0.761,   0.828,   0.836,   0.678,   0.662,   0.681,   0.679,   0.708,   0.746,   0.800,   0.854,   0.919,   1.062,   1.063,   1.208,   1.342,   1.611,   1.666,   1.786,   1.740,   1.708,-999.900,-999.900,-999.900,-999.900,-999.900,-999.900,   2.160,   2.103,-999.900,-999.900,-999.900,-999.900,-999.900,-999.900,-999.900,-999.900,-999.900,-999.900,-999.900,-999.900,-999.900,-999.900,-999.900,-999.900,-999.900,-999.900,-999.900,-999.900,-999.900,-999.900,-999.900,-999.900,-999.900,-999.900,-999.900,-999.900,-999.900,-999.900,-999.900,-999.900,-999.900,-999.900,-999.900,-999.900,-999.900,-999.900,-999.900,-999.900,-999.900,-999.900,-999.900,-999.900,-999.900,-999.900,-999.900,-999.900,-999.900,-999.900,-999.900,-999.900,-999.900,-999.900,
   0.430,   0.431,   0.414,   0.403,   0.383,   0.384,   0.365,   0.400,   0.536,   0.512,   0.451,   0.345,   0.310,   0.260,   0.204,   0.183,   0.183,   0.154,   0.148,   0.144,   0.197,   0.249,   0.258,   0.311,   0.330,   0.281,   0.203,   0.239,   0.153,   0.128,   0.163,   0.281,   0.238,   0.250,   0.266,   0.293,   0.327,   0.366,   0.263,   0.280,   0.334,   0.398,   0.430,   0.361,   0.336,   0.316,   0.300,   0.300,   0.248,   0.228,   0.213,   0.204,   0.194,   0.199,   0.212,   0.193,   0.187,   0.192,   0.180,   0.187,   0.149,   0.162,   0.168,   0.180,   0.190,   0.201,   0.219,   0.212,   0.201,   0.197,   0.206,   0.221,   0.224,   0.245,   0.268,   0.298,   0.349,   0.363,   0.400,   0.483,   0.510,   0.529,   0.501,   0.487,   0.474,   0.460,   0.458,   0.464,   0.465,   0.474,   0.490,   0.502,   0.539,   0.565,   0.596,   0.628,   0.730,   0.739,   0.737,   0.730,   0.646,   0.665,   0.672,   0.674,   0.705,   0.750,   0.821,   0.881,   0.944,   1.016,   1.105,   1.255,   1.385,   1.556,   1.591,   1.690,   1.699,-999.900,-999.900,-999.900,-999.900,-999.900,-999.900,-999.900,   2.055,   1.825,   1.833,-999.900,-999.900,-999.900,-999.900,-999.900,-999.900,-999.900,-999.900,-999.900,-999.900,-999.900,-999.900,-999.900,-999.900,-999.900,-999.900,-999.900,-999.900,-999.900,-999.900,-999.900,-999.900,-999.900,-999.900,-999.900,-999.900,-999.900,-999.900,-999.900,-999.900,-999.900,-999.900,-999.900,-999.900,-999.900,-999.900,-999.900,-999.900,-999.900,-999.900,-999.900,-999.900,-999.900,-999.900,-999.900,-999.900,-999.900,-999.900,-999.900,-999.900,-999.900,-999.900,-999.900,
   0.418,   0.406,   0.383,-999.900,   0.349,   0.357,   0.342,   0.290,   0.430,   0.312,   0.260,   0.246,   0.201,   0.190,   0.182,   0.178,   0.174,   0.158,   0.143,   0.127,   0.137,   0.129,   0.128,   0.204,   0.194,   0.251,   0.275,   0.259,   0.150,   0.104,   0.072,   0.109,   0.265,   0.305,   0.274,   0.216,   0.228,   0.297,   0.203,   0.235,   0.252,   0.274,   0.358,   0.326,   0.312,   0.235,   0.220,   0.220,   0.202,   0.190,   0.179,   0.166,   0.164,   0.168,   0.154,   0.144,   0.144,   0.154,   0.143,   0.148,   0.126,   0.135,   0.143,   0.153,   0.166,   0.180,   0.194,   0.203,   0.198,   0.198,   0.202,   0.219,   0.215,   0.237,   0.267,   0.296,   0.326,   0.365,   0.410,   0.455,   0.483,   0.461,   0.481,   0.468,   0.461,   0.467,   0.465,   0.469,   0.462,   0.476,   0.493,   0.517,   0.542,   0.564,   0.589,   0.610,   0.701,   0.717,   0.717,   0.722,   0.626,   0.650,   0.704,   0.717,   0.731,   0.778,   0.837,   0.892,   0.938,   1.011,   1.133,   1.299,   1.444,   1.632,   1.649,   1.584,-999.900,-999.900,-999.900,-999.900,-999.900,-999.900,-999.900,-999.900,   1.855,-999.900,-999.900,-999.900,-999.900,-999.900,-999.900,-999.900,-999.900,-999.900,-999.900,-999.900,-999.900,-999.900,-999.900,-999.900,-999.900,-999.900,-999.900,-999.900,-999.900,-999.900,-999.900,-999.900,-999.900,-999.900,-999.900,-999.900,-999.900,-999.900,-999.900,-999.900,-999.900,-999.900,-999.900,-999.900,-999.900,-999.900,-999.900,-999.900,-999.900,-999.900,-999.900,-999.900,-999.900,-999.900,-999.900,-999.900,-999.900,-999.900,-999.900,-999.900,-999.900,-999.900,-999.900,-999.900,
   0.431,   0.477,   0.590,   0.480,   0.339,   0.544,   0.256,   0.231,   0.216,   0.208,   0.200,   0.185,   0.167,   0.159,   0.158,   0.169,   0.153,   0.150,   0.142,   0.133,   0.144,   0.109,   0.092,   0.075,   0.089,   0.115,   0.151,   0.201,   0.264,   0.167,   0.160,   0.215,   0.214,   0.288,   0.190,   0.277,   0.227,   0.162,   0.111,   0.118,   0.118,   0.149,   0.182,   0.188,   0.175,   0.147,   0.162,   0.165,   0.136,   0.123,   0.117,   0.114,   0.105,   0.105,   0.101,   0.100,   0.108,   0.111,   0.104,   0.098,   0.117,   0.133,   0.139,   0.148,   0.159,   0.173,   0.176,   0.193,   0.223,   0.224,   0.240,   0.238,   0.222,   0.253,   0.309,   0.327,   0.321,   0.360,   0.394,   0.420,   0.447,   0.481,   0.461,   0.437,   0.418,   0.427,   0.443,   0.454,   0.470,   0.489,   0.510,   0.529,   0.559,   0.578,   0.627,   0.645,   0.662,   0.659,   0.740,   0.747,   0.664,   0.652,   0.674,   0.706,   0.738,   0.780,   0.835,   0.892,   0.982,   1.071,   1.224,   1.315,   1.479,   1.616,   1.534,-999.900,-999.900,-999.900,-999.900,-999.900,-999.900,-999.900,-999.900,-999.900,-999.900,-999.900,-999.900,-999.900,-999.900,-999.900,-999.900,-999.900,-999.900,-999.900,-999.900,-999.900,-999.900,-999.900,-999.900,   3.040,-999.900,-999.900,-999.900,-999.900,-999.900,-999.900,-999.900,-999.900,-999.900,-999.900,-999.900,-999.900,-999.900,-999.900,-999.900,-999.900,-999.900,-999.900,-999.900,-999.900,-999.900,-999.900,-999.900,-999.900,-999.900,-999.900,-999.900,-999.900,-999.900,-999.900,-999.900,-999.900,-999.900,-999.900,-999.900,-999.900,-999.900,-999.900,-999.900,-999.900,
   0.649,   0.680,   0.650,   0.569,   0.385,   0.310,   0.571,   0.439,   0.358,   0.306,   0.248,   0.235,   0.162,   0.157,   0.150,   0.148,   0.129,   0.140,   0.161,   0.162,   0.149,   0.196,   0.146,   0.092,   0.118,   0.105,   0.111,   0.115,   0.140,   0.092,   0.133,   0.132,   0.171,   0.252,   0.331,   0.322,   0.310,   0.256,   0.177,   0.149,   0.137,   0.103,   0.116,   0.135,   0.134,   0.116,   0.125,   0.129,   0.113,   0.112,   0.105,   0.093,   0.093,   0.085,   0.089,   0.092,   0.102,   0.102,   0.082,   0.082,   0.094,   0.100,   0.109,   0.128,   0.133,   0.150,   0.155,   0.175,   0.219,   0.234,   0.246,   0.232,   0.236,   0.256,   0.300,   0.338,   0.323,   0.358,   0.388,   0.415,   0.432,   0.463,   0.411,   0.414,   0.411,   0.421,   0.446,   0.467,   0.482,   0.505,   0.515,   0.550,   0.577,   0.604,   0.641,   0.659,   0.659,   0.656,   0.746,   0.753,   0.667,   0.664,   0.673,   0.715,   0.742,   0.796,   0.849,   0.954,   1.050,   1.218,   1.295,   1.379,   1.382,   1.319,-999.900,-999.900,-999.900,-999.900,-999.900,-999.900,-999.900,-999.900,-999.900,   1.935,   1.949,-999.900,-999.900,-999.900,-999.900,-999.900,-999.900,-999.900,-999.900,-999.900,-999.900,   2.785,-999.900,-999.900,-999.900,-999.900,-999.900,-999.900,-999.900,-999.900,-999.900,-999.900,-999.900,-999.900,-999.900,-999.900,-999.900,-999.900,-999.900,-999.900,-999.900,-999.900,-999.900,-999.900,-999.900,-999.900,-999.900,-999.900,-999.900,-999.900,-999.900,-999.900,-999.900,-999.900,-999.900,-999.900,-999.900,-999.900,-999.900,-999.900,-999.900,-999.900,-999.900,-999.900,-999.900,-999.900,
