-999.900,-999.900,-999.900,-999.900,-999.900,-999.900,-999.900,-999.900,-999.900,-999.900,-999.900,-999.900,-999.900,-999.900,-999.900,-999.900,-999.900,-999.900,-999.900,-999.900,-999.900,-999.900,-999.900,-999.900,-999.900,-999.900,-999.900,-999.900,-999.900,-999.900,-999.900,-999.900,-999.900,-999.900,-999.900,-999.900,-999.900,-999.900,-999.900,-999.900,-999.900,-999.900,-999.900,-999.900,-999.900,-999.900,-999.900,-999.900,-999.900,-999.900,-999.900,-999.900,-999.900,-999.900,-999.900,-999.900,-999.900,-999.900,-999.900,-999.900,-999.900,-999.900,-999.900,-999.900,-999.900,-999.900,-999.900,-999.900,-999.900,-999.900,-999.900,-999.900,-999.900,-999.900,-999.900,-999.900,-999.900,-999.900,-999.900,-999.900,-999.900,-999.900,-999.900,-999.900,-999.900,-999.900,-999.900,-999.900,-999.900,-999.900,-999.900,-999.900,-999.900,-999.900,-999.900,-999.900,-999.900,-999.900,-999.900,-999.900,-999.900,-999.900,-999.900,-999.900,-999.900,-999.900,-999.900,-999.900,-999.900,-999.900,-999.900,-999.900,-999.900,-999.900,-999.900,-999.900,-999.900,-999.900,-999.900,-999.900,-999.900,-999.900,-999.900,-999.900,-999.900,-999.900,-999.900,-999.900,-999.900,-999.900,-999.900,-999.900,-999.900,-999.900,-999.900,-999.900,-999.900,-999.900,-999.900,-999.900,-999.900,-999.900,-999.900,-999.900,-999.900,-999.900,-999.900,-999.900,-999.900,-999.900,-999.900,-999.900,-999.900,-999.900,-999.900,-999.900,-999.900,-999.900,-999.900,-999.900,-999.900,-999.900,-999.900,-999.900,-999.900,-999.900,-999.900,-999.900,-999.900,-999.900,-999.900,-999.900,-999.900,-999.900,-999.900,-999.900,-999.900,-999.900,-999.900,-999.900,
-999.900,-999.900,-999.900,-999.900,-999.900,-999.900,-999.900,-999.900,-999.900,-999.900,-999.900,-999.900,-999.900,-999.900,-999.900,-999.900,-999.900,-999.900,-999.900,-999.900,-999.900,-999.900,-999.900,-999.900,-999.900,-999.900,-999.900,-999.900,-999.900,-999.900,-999.900,-999.900,-999.900,-999.900,-999.900,-999.900,-999.900,-999.900,-999.900,-999.900,-999.900,-999.900,-999.900,-999.900,-999.900,-999.900,-999.900,-999.900,-999.900,-999.900,-999.900,-999.900,-999.900,-999.900,-999.900,-999.900,-999.900,-999.900,-999.900,-999.900,-999.900,-999.900,-999.900,-999.900,-999.900,-999.900,-999.900,-999.900,-999.900,-999.900,-999.900,-999.900,-999.900,-999.900,-999.900,-999.900,-999.900,-999.900,-999.900,-999.900,-999.900,-999.900,-999.900,-999.900,-999.900,-999.900,-999.900,-999.900,-999.900,-999.900,-999.900,-999.900,-999.900,-999.900,-999.900,-999.900,-999.900,-999.900,-999.900,-999.900,-999.900,-999.900,-999.900,-999.900,-999.900,-999.900,-999.900,-999.900,-999.900,-999.900,-999.900,-999.900,-999.900,-999.900,-999.900,-999.900,-999.900,-999.900,-999.900,-999.900,-999.900,-999.900,-999.900,-999.900,-999.900,-999.900,-999.900,-999.900,-999.900,-999.900,-999.900,-999.900,-999.900,-999.900,-999.900,-999.900,-999.900,-999.900,-999.900,-999.900,-999.900,-999.900,-999.900,-999.900,-999.900,-999.900,-999.900,-999.900,-999.900,-999.900,-999.900,-999.900,-999.900,-999.900,-999.900,-999.900,-999.900,-999.900,-999.900,-999.900,-999.900,-999.900,-999.900,-999.900,-999.900,-999.900,-999.900,-999.900,-999.900,-999.900,-999.900,-999.900,-999.900,-999.900,-999.900,-999.900,-999.900,-999.900,-999.900,-999.900,
-999.900,-999.900,-999.900,-999.900,-999.900,-999.900,-999.900,-999.900,-999.900,-999.900,-999.900,-999.900,-999.900,-999.900,-999.900,-999.900,-999.900,-999.900,-999.900,-999.900,-999.900,-999.900,-999.900,-999.900,-999.900,-999.900,-999.900,-999.900,-999.900,-999.900,-999.900,-999.900,-999.900,-999.900,-999.900,-999.900,-999.900,-999.900,-999.900,-999.900,-999.900,-999.900,-999.900,-999.900,-999.900,-999.900,-999.900,-999.900,-999.900,-999.900,-999.900,-999.900,-999.900,-999.900,-999.900,-999.900,-999.900,-999.900,-999.900,-999.900,-999.900,-999.900,-999.900,-999.900,-999.900,-999.900,-999.900,-999.900,-999.900,-999.900,-999.900,-999.900,-999.900,-999.900,-999.900,-999.900,-999.900,-999.900,-999.900,-999.900,-999.900,-999.900,-999.900,-999.900,-999.900,-999.900,-999.900,-999.900,-999.900,-999.900,-999.900,-999.900,-999.900,-999.900,-999.900,-999.900,-999.900,-999.900,-999.900,-999.900,-999.900,-999.900,-999.900,-999.900,-999.900,-999.900,-999.900,-999.900,-999.900,-999.900,-999.900,-999.900,-999.900,-999.900,-999.900,-999.900,-999.900,-999.900,-999.900,-999.900,-999.900,-999.900,-999.900,-999.900,-999.900,-999.900,-999.900,-999.900,-999.900,-999.900,-999.900,-999.900,-999.900,-999.900,-999.900,-999.900,-999.900,-999.900,-999.900,-999.900,-999.900,-999.900,-999.900,-999.900,-999.900,-999.900,-999.900,-999.900,-999.900,-999.900,-999.900,-999.900,-999.900,-999.900,-999.900,-999.900,-999.900,-999.900,-999.900,-999.900,-999.900,-999.900,-999.900,-999.900,-999.900,-999.900,-999.900,-999.900,-999.900,-999.900,-999.900,-999.900,-999.900,-999.900,-999.900,-999.900,-999.900,-999.900,-999.900,-999.900,
-999.900,-999.900,-999.900,-999.900,-999.900,-999.900,-999.900,-999.900,-999.900,-999.900,-999.900,-999.900,-999.900,-999.900,-999.900,-999.900,-999.900,-999.900,-999.900,-999.900,-999.900,-999.900,-999.900,-999.900,-999.900,-999.900,-999.900,-999.900,-999.900,-999.900,-999.900,-999.900,-999.900,-999.900,-999.900,-999.900,-999.900,-999.900,-999.900,-999.900,-999.900,-999.900,-999.900,-999.900,-999.900,-999.900,-999.900,-999.900,-999.900,-999.900,-999.900,-999.900,-999.900,-999.900,-999.900,-999.900,-999.900,-999.900,-999.900,-999.900,-999.900,-999.900,-999.900,-999.900,-999.900,-999.900,-999.900,-999.900,-999.900,-999.900,-999.900,-999.900,-999.900,-999.900,-999.900,-999.900,-999.900,-999.900,-999.900,-999.900,-999.900,-999.900,-999.900,-999.900,-999.900,-999.900,-999.900,-999.900,-999.900,-999.900,-999.900,-999.900,-999.900,-999.900,-999.900,-999.900,-999.900,-999.900,-999.900,-999.900,-999.900,-999.900,-999.900,-999.900,-999.900,-999.900,-999.900,-999.900,-999.900,-999.900,-999.900,-999.900,-999.900,-999.900,-999.900,-999.900,-999.900,-999.900,-999.900,-999.900,-999.900,-999.900,-999.900,-999.900,-999.900,-999.900,-999.900,-999.900,-999.900,-999.900,-999.900,-999.900,-999.900,-999.900,-999.900,-999.900,-999.900,-999.900,-999.900,-999.900,-999.900,-999.900,-999.900,-999.900,-999.900,-999.900,-999.900,-999.900,-999.900,-999.900,-999.900,-999.900,-999.900,-999.900,-999.900,-999.900,-999.900,-999.900,-999.900,-999.900,-999.900,-999.900,-999.900,-999.900,-999.900,-999.900,-999.900,-999.900,-999.900,-999.900,-999.900,-999.900,-999.900,-999.900,-999.900,-999.900,-999.900,-999.900,-999.900,-999.900,
-999.900,-999.900,-999.900,-999.900,-999.900,-999.900,-999.900,-999.900,-999.900,-999.900,-999.900,-999.900,-999.900,-999.900,-999.900,-999.900,-999.900,-999.900,-999.900,-999.900,-999.900,-999.900,-999.900,-999.900,-999.900,-999.900,-999.900,-999.900,-999.900,-999.900,-999.900,-999.900,-999.900,-999.900,-999.900,-999.900,-999.900,-999.900,-999.900,-999.900,-999.900,-999.900,-999.900,-999.900,-999.900,-999.900,-999.900,-999.900,-999.900,-999.900,-999.900,-999.900,-999.900,-999.900,-999.900,-999.900,-999.900,-999.900,-999.900,-999.900,-999.900,-999.900,-999.900,-999.900,-999.900,-999.900,-999.900,-999.900,-999.900,-999.900,-999.900,-999.900,-999.900,-999.900,-999.900,-999.900,-999.900,-999.900,-999.900,-999.900,-999.900,-999.900,-999.900,-999.900,-999.900,-999.900,-999.900,-999.900,-999.900,-999.900,-999.900,-999.900,-999.900,-999.900,-999.900,-999.900,-999.900,-999.900,-999.900,-999.900,-999.900,-999.900,-999.900,-999.900,-999.900,-999.900,-999.900,-999.900,-999.900,-999.900,-999.900,-999.900,-999.900,-999.900,-999.900,-999.900,-999.900,-999.900,-999.900,-999.900,-999.900,-999.900,-999.900,-999.900,-999.900,-999.900,-999.900,-999.900,-999.900,-999.900,-999.900,-999.900,-999.900,-999.900,-999.900,-999.900,-999.900,-999.900,-999.900,-999.900,-999.900,-999.900,-999.900,-999.900,-999.900,-999.900,-999.900,-999.900,-999.900,-999.900,-999.900,-999.900,-999.900,-999.900,-999.900,-999.900,-999.900,-999.900,-999.900,-999.900,-999.900,-999.900,-999.900,-999.900,-999.900,-999.900,-999.900,-999.900,-999.900,-999.900,-999.900,-999.900,-999.900,-999.900,-999.900,-999.900,-999.900,-999.900,-999.900,-999.900,
-999.900,-999.900,-999.900,-999.900,-999.900,-999.900,-999.900,-999.900,-999.900,-999.900,-999.900,-999.900,-999.900,-999.900,-999.900,-999.900,-999.900,-999.900,-999.900,-999.900,-999.900,-999.900,-999.900,-999.900,-999.900,-999.900,-999.900,-999.900,-999.900,-999.900,-999.900,-999.900,-999.900,-999.900,-999.900,-999.900,-999.900,-999.900,-999.900,-999.900,-999.900,-999.900,-999.900,-999.900,-999.900,-999.900,-999.900,-999.900,-999.900,-999.900,-999.900,-999.900,-999.900,-999.900,-999.900,-999.900,-999.900,-999.900,-999.900,-999.900,-999.900,-999.900,-999.900,-999.900,-999.900,-999.900,-999.900,-999.900,-999.900,-999.900,-999.900,-999.900,-999.900,-999.900,-999.900,-999.900,-999.900,-999.900,-999.900,-999.900,-999.900,-999.900,-999.900,-999.900,-999.900,-999.900,-999.900,-999.900,-999.900,-999.900,-999.900,-999.900,-999.900,-999.900,-999.900,-999.900,-999.900,-999.900,-999.900,-999.900,-999.900,-999.900,-999.900,-999.900,-999.900,-999.900,-999.900,-999.900,-999.900,-999.900,-999.900,-999.900,-999.900,-999.900,-999.900,-999.900,-999.900,-999.900,-999.900,-999.900,-999.900,-999.900,-999.900,-999.900,-999.900,-999.900,-999.900,-999.900,-999.900,-999.900,-999.900,-999.900,-999.900,-999.900,-999.900,-999.900,-999.900,-999.900,-999.900,-999.900,-999.900,-999.900,-999.900,-999.900,-999.900,-999.900,-999.900,-999.900,-999.900,-999.900,-999.900,-999.900,-999.900,-999.900,-999.900,-999.900,-999.900,-999.900,-999.900,-999.900,-999.900,-999.900,-999.900,-999.900,-999.900,-999.900,-999.900,-999.900,-999.900,-999.900,-999.900,-999.900,-999.900,-999.900,-999.900,-999.900,-999.900,-999.900,-999.900,-999.900,
-999.900,-999.900,-999.900,-999.900,-999.900,-999.900,-999.900,-999.900,-999.900,-999.900,-999.900,-999.900,-999.900,-999.900,-999.900,-999.900,-999.900,-999.900,-999.900,-999.900,-999.900,-999.900,-999.900,-999.900,-999.900,-999.900,-999.900,-999.900,-999.900,-999.900,-999.900,-999.900,-999.900,-999.900,-999.900,-999.900,-999.900,-999.900,-999.900,-999.900,  -2.506,-999.900,  -2.548,  -2.605,  -2.572,  -2.535,-999.900,-999.900,-999.900,-999.900,-999.900,-999.900,-999.900,-999.900,-999.900,-999.900,-999.900,-999.900,-999.900,-999.900,-999.900,-999.900,  -2.619,-999.900,-999.900,-999.900,-999.900,-999.900,-999.900,-999.900,-999.900,-999.900,-999.900,-999.900,-999.900,-999.900,-999.900,-999.900,-999.900,-999.900,-999.900,-999.900,-999.900,-999.900,-999.900,-999.900,-999.900,-999.900,-999.900,-999.900,-999.900,-999.900,-999.900,-999.900,-999.900,-999.900,-999.900,-999.900,-999.900,-999.900,-999.900,-999.900,-999.900,-999.900,-999.900,-999.900,-999.900,-999.900,-999.900,-999.900,-999.900,-999.900,-999.900,-999.900,-999.900,-999.900,-999.900,-999.900,-999.900,-999.900,-999.900,-999.900,-999.900,-999.900,-999.900,-999.900,-999.900,-999.900,-999.900,-999.900,-999.900,-999.900,-999.900,-999.900,-999.900,-999.900,-999.900,-999.900,-999.900,-999.900,-999.900,-999.900,-999.900,-999.900,-999.900,-999.900,-999.900,-999.900,-999.900,-999.900,-999.900,-999.900,-999.900,-999.900,-999.900,-999.900,-999.900,-999.900,-999.900,-999.900,-999.900,-999.900,-999.900,-999.900,-999.900,-999.900,-999.900,-999.900,-999.900,-999.900,-999.900,-999.900,-999.900,-999.900,-999.900,-999.900,-999.900,-999.900,-999.900,-999.900,
-999.900,-999.900,-999.900,-999.900,-999.900,-999.900,-999.900,-999.900,-999.900,-999.900,-999.900,-999.900,-999.900,-999.900,-999.900,-999.900,-999.900,-999.900,-999.900,-999.900,-999.900,-999.900,-999.900,-999.900,-999.900,-999.900,-999.900,-999.900,-999.900,-999.900,-999.900,  -2.272,-999.900,  -2.329,  -2.347,  -2.342,  -2.341,  -2.329,  -2.354,  -2.387,  -2.372,  -2.367,  -2.418,  -2.414,-999.900,-999.900,-999.900,-999.900,-999.900,-999.900,-999.900,-999.900,-999.900,-999.900,-999.900,-999.900,-999.900,-999.900,-999.900,-999.900,-999.900,-999.900,-999.900,-999.900,  -2.565,  -2.567,  -2.574,-999.900,  -2.554,-999.900,-999.900,-999.900,  -2.485,  -2.451,  -2.473,  -2.422,-999.900,  -2.360,-999.900,-999.900,-999.900,-999.900,  -2.264,-999.900,-999.900,  -2.235,-999.900,-999.900,-999.900,-999.900,-999.900,-999.900,-999.900,-999.900,-999.900,-999.900,-999.900,-999.900,-999.900,-999.900,-999.900,-999.900,-999.900,-999.900,-999.900,-999.900,-999.900,-999.900,-999.900,-999.900,-999.900,-999.900,-999.900,-999.900,-999.900,-999.900,-999.900,-999.900,-999.900,-999.900,-999.900,-999.900,-999.900,-999.900,-999.900,-999.900,-999.900,-999.900,-999.900,-999.900,-999.900,-999.900,-999.900,-999.900,-999.900,-999.900,-999.900,-999.900,-999.900,-999.900,-999.900,-999.900,-999.900,-999.900,-999.900,-999.900,-999.900,-999.900,-999.900,-999.900,-999.900,-999.900,-999.900,-999.900,-999.900,-999.900,-999.900,-999.900,-999.900,-999.900,-999.900,-999.900,-999.900,-999.900,-999.900,-999.900,-999.900,-999.900,-999.900,-999.900,-999.900,-999.900,-999.900,-999.900,-999.900,-999.900,-999.900,-999.900,-999.900,-999.900,
-999.900,-999.900,-999.900,-999.900,-999.900,-999.900,-999.900,-999.900,-999.900,-999.900,-999.900,-999.900,-999.900,-999.900,-999.900,-999.900,-999.900,-999.900,-999.900,-999.900,-999.900,-999.900,-999.900,-999.900,-999.900,-999.900,-999.900,-999.900,-999.900,  -2.332,  -2.169,  -2.162,  -2.380,  -2.335,  -2.323,  -2.355,  -2.391,  -2.453,  -2.419,  -2.453,  -2.324,  -2.386,  -2.405,-999.900,-999.900,-999.900,-999.900,-999.900,-999.900,-999.900,-999.900,-999.900,-999.900,-999.900,-999.900,-999.900,-999.900,-999.900,-999.900,-999.900,-999.900,-999.900,-999.900,  -2.561,  -2.390,  -2.392,  -2.434,  -2.401,  -2.379,  -2.400,  -2.380,  -2.377,  -2.370,  -2.361,  -2.327,  -2.306,  -2.252,  -2.240,  -2.201,  -2.204,  -2.197,  -2.168,  -2.186,  -2.152,  -2.149,  -2.122,  -2.121,  -2.088,-999.900,  -2.046,  -2.059,  -2.042,  -2.068,  -2.082,  -2.080,  -2.144,-999.900,-999.900,-999.900,-999.900,-999.900,-999.900,-999.900,-999.900,-999.900,-999.900,-999.900,-999.900,-999.900,-999.900,-999.900,  -2.578,  -2.677,-999.900,-999.900,-999.900,-999.900,-999.900,-999.900,-999.900,-999.900,-999.900,-999.900,-999.900,-999.900,-999.900,-999.900,-999.900,-999.900,-999.900,-999.900,-999.900,-999.900,-999.900,-999.900,-999.900,-999.900,-999.900,-999.900,-999.900,-999.900,-999.900,-999.900,-999.900,-999.900,-999.900,-999.900,-999.900,-999.900,-999.900,-999.900,-999.900,-999.900,-999.900,-999.900,-999.900,-999.900,-999.900,-999.900,-999.900,-999.900,-999.900,-999.900,-999.900,-999.900,-999.900,-999.900,-999.900,-999.900,-999.900,-999.900,-999.900,-999.900,-999.900,-999.900,-999.900,-999.900,-999.900,-999.900,-999.900,
-999.900,-999.900,-999.900,-999.900,-999.900,-999.900,-999.900,-999.900,-999.900,-999.900,-999.900,-999.900,-999.900,-999.900,-999.900,-999.900,-999.900,-999.900,-999.900,-999.900,-999.900,-999.900,-999.900,-999.900,-999.900,-999.900,-999.900,-999.900,-999.900,  -2.197,  -2.103,  -2.114,  -2.270,  -2.283,  -2.244,  -2.275,  -2.318,-999.900,  -2.383,-999.900,-999.900,-999.900,-999.900,  -2.329,-999.900,-999.900,  -2.297,  -2.275,  -2.279,  -2.276,  -2.476,-999.900,-999.900,-999.900,-999.900,-999.900,-999.900,-999.900,-999.900,-999.900,-999.900,-999.900,  -2.462,  -2.441,  -2.266,  -2.263,  -2.304,  -2.240,  -2.234,  -2.240,  -2.243,  -2.258,  -2.291,  -2.264,  -2.240,  -2.181,  -2.148,  -2.159,  -2.130,  -2.137,  -2.121,  -2.078,  -2.117,  -2.087,  -2.027,  -2.000,  -1.975,  -1.950,  -1.950,  -1.938,  -1.928,  -2.044,  -1.981,  -1.949,-999.900,  -2.072,  -2.370,-999.900,-999.900,  -2.529,-999.900,-999.900,-999.900,-999.900,  -2.322,  -2.361,  -2.388,-999.900,  -2.584,  -2.571,  -2.467,-999.900,-999.900,-999.900,  -2.573,  -2.610,  -2.528,-999.900,-999.900,-999.900,-999.900,-999.900,-999.900,-999.900,-999.900,-999.900,  -2.611,  -2.621,  -2.692,  -2.644,  -2.732,  -2.837,  -2.824,  -2.812,  -2.384,  -2.427,  -2.245,-999.900,-999.900,-999.900,-999.900,-999.900,-999.900,-999.900,-999.900,-999.900,  -2.784,-999.900,-999.900,-999.900,-999.900,-999.900,-999.900,-999.900,-999.900,-999.900,-999.900,-999.900,-999.900,-999.900,-999.900,-999.900,-999.900,-999.900,-999.900,-999.900,-999.900,-999.900,-999.900,-999.900,-999.900,-999.900,-999.900,-999.900,-999.900,-999.900,-999.900,-999.900,-999.900,-999.900,
-999.900,-999.900,-999.900,-999.900,-999.900,-999.900,-999.900,-999.900,-999.900,-999.900,-999.900,-999.900,-999.900,-999.900,-999.900,-999.900,-999.900,-999.900,-999.900,-999.900,  -2.155,  -2.145,-999.900,-999.900,-999.900,-999.900,-999.900,-999.900,  -2.202,  -2.228,  -2.218,  -2.235,  -2.286,  -2.253,  -2.231,-999.900,-999.900,-999.900,-999.900,-999.900,-999.900,-999.900,-999.900,-999.900,  -2.258,  -2.213,  -2.223,  -2.239,  -2.265,  -2.282,  -2.300,-999.900,-999.900,  -2.434,  -2.414,-999.900,  -2.426,  -2.405,-999.900,  -2.281,  -2.216,  -2.193,  -2.205,  -2.195,  -2.172,  -2.182,  -2.185,  -2.138,  -2.129,  -2.114,  -2.092,  -2.112,  -2.148,  -2.158,  -2.127,  -2.127,  -2.101,  -2.079,  -2.093,  -2.027,  -2.047,  -2.033,  -2.008,  -1.965,  -1.920,  -1.890,  -1.884,  -1.863,  -1.348,  -1.372,  -1.963,  -1.890,  -1.850,  -1.913,  -2.181,  -2.261,  -2.333,-999.900,  -2.498,  -2.621,  -2.487,  -2.430,  -2.292,  -2.206,  -2.240,  -2.290,  -2.496,  -2.535,  -2.474,  -2.398,  -2.393,  -2.431,  -2.581,-999.900,-999.900,-999.900,-999.900,-999.900,-999.900,-999.900,-999.900,-999.900,-999.900,-999.900,-999.900,  -2.668,-999.900,  -2.678,  -2.656,  -2.660,  -2.520,  -2.621,  -2.673,  -2.676,  -2.274,  -2.125,  -2.689,  -2.679,  -2.835,-999.900,-999.900,-999.900,  -2.664,-999.900,-999.900,  -2.702,  -2.636,  -2.630,  -2.620,  -2.700,  -2.753,  -2.731,  -2.824,  -2.921,  -2.946,  -2.915,-999.900,-999.900,-999.900,-999.900,-999.900,-999.900,-999.900,-999.900,-999.900,-999.900,-999.900,-999.900,-999.900,-999.900,-999.900,-999.900,-999.900,-999.900,-999.900,-999.900,-999.900,-999.900,-999.900,-999.900,
-999.900,-999.900,-999.900,-999.900,-999.900,-999.900,-999.900,-999.900,-999.900,-999.900,-999.900,-999.900,-999.900,  -1.728,  -1.684,  -1.702,-999.900,  -1.821,  -1.819,  -1.800,  -2.044,  -2.046,  -2.088,-999.900,-999.900,-999.900,-999.900,-999.900,-999.900,-999.900,-999.900,-999.900,-999.900,-999.900,-999.900,-999.900,-999.900,-999.900,-999.900,-999.900,-999.900,  -2.318,  -2.323,  -2.341,  -2.150,  -2.123,  -2.093,  -2.102,  -2.147,  -2.149,  -2.160,  -2.152,  -2.327,  -2.322,  -2.284,  -2.293,  -2.276,  -2.244,  -2.107,  -2.104,  -2.078,  -2.095,  -2.074,  -2.082,  -2.092,  -2.097,  -2.073,  -2.083,  -2.063,  -2.049,  -2.023,  -2.042,  -2.021,  -2.027,  -2.043,  -2.038,  -2.010,  -1.990,  -1.977,  -1.953,  -1.958,  -1.929,  -1.901,  -1.881,  -1.810,  -1.801,  -1.800,  -1.795,  -1.295,  -1.309,  -1.773,  -1.777,  -1.807,  -1.964,  -2.217,  -2.380,  -2.443,-999.900,-999.900,  -2.385,  -2.365,  -2.418,-999.900,  -2.142,  -2.205,  -2.271,  -2.392,  -2.379,  -2.274,  -2.313,  -2.328,  -2.378,  -2.545,  -2.558,  -2.562,  -2.609,  -2.607,  -2.627,-999.900,  -2.696,  -2.600,  -2.533,  -2.558,  -2.605,  -2.619,  -2.644,  -2.571,  -2.538,  -2.556,  -2.574,  -2.453,  -2.436,  -2.489,  -2.520,  -2.062,  -2.127,  -2.527,  -2.553,  -2.691,  -2.654,  -2.606,  -2.649,  -2.656,  -2.635,  -2.668,  -2.702,  -2.652,  -2.705,  -2.688,  -2.675,  -2.677,  -2.657,  -2.668,  -2.645,  -2.696,  -2.848,  -2.796,  -3.032,  -3.091,  -3.002,-999.900,-999.900,-999.900,  -2.692,-999.900,-999.900,-999.900,-999.900,-999.900,-999.900,-999.900,-999.900,-999.900,-999.900,-999.900,-999.900,-999.900,-999.900,-999.900,-999.900,
-999.900,-999.900,-999.900,-999.900,-999.900,-999.900,-999.900,-999.900,-999.900,-999.900,-999.900,  -1.030,  -0.973,  -0.981,-999.900,-999.900,-999.900,-999.900,  -1.621,  -1.639,  -1.738,  -1.737,  -1.871,  -1.908,-999.900,-999.900,-999.900,-999.900,  -1.978,  -2.066,-999.900,-999.900,  -2.101,-999.900,  -2.087,  -2.126,-999.900,-999.900,-999.900,-999.900,  -2.191,  -2.241,  -2.131,  -2.107,  -2.098,  -2.042,  -2.013,  -2.008,  -1.969,  -1.982,  -1.945,  -1.967,  -1.971,  -1.937,  -1.943,  -1.949,  -1.943,  -1.910,  -1.905,  -1.934,  -1.950,  -1.933,  -1.953,  -1.948,  -1.977,  -1.969,  -1.976,  -1.978,  -2.001,  -1.971,  -1.937,  -1.959,  -1.953,  -1.920,  -1.901,  -1.925,  -1.910,  -1.885,  -1.881,  -1.841,  -1.841,  -1.800,  -1.784,  -1.770,  -1.713,  -1.712,  -1.158,  -1.268,  -1.760,  -1.653,  -1.814,  -1.821,  -1.872,  -1.976,  -2.107,  -2.308,  -2.325,-999.900,-999.900,  -2.333,  -2.282,  -2.201,  -2.235,  -2.335,  -2.330,  -2.311,  -2.182,  -2.210,  -2.209,  -2.230,  -2.260,  -2.279,  -2.392,  -2.398,  -2.527,  -2.618,-999.900,  -2.541,  -2.563,-999.900,  -2.593,  -2.493,  -2.344,  -2.348,  -2.316,  -2.295,  -2.360,  -2.338,  -2.335,  -2.346,  -2.393,  -2.381,  -2.385,  -2.455,  -2.437,  -2.400,  -2.539,  -2.531,  -2.437,  -2.548,  -2.546,  -2.495,  -2.673,  -2.646,  -2.581,  -2.404,  -2.491,  -2.672,  -2.646,  -2.759,  -2.725,  -2.679,  -2.649,  -2.566,  -2.035,  -2.088,  -2.110,  -2.106,  -2.772,  -2.925,  -3.008,  -2.826,  -2.906,  -2.700,  -2.734,  -2.765,  -2.718,  -2.679,  -2.878,  -2.956,  -3.031,-999.900,-999.900,-999.900,-999.900,-999.900,-999.900,-999.900,-999.900,-999.900,
-999.900,-999.900,-999.900,-999.900,-999.900,-999.900,-999.900,-999.900,-999.900,-999.900,-999.900,  -0.864,  -0.839,  -0.775,  -1.365,-999.900,  -1.510,  -1.537,  -1.450,  -1.499,  -1.515,  -1.599,  -1.732,  -1.759,-999.900,  -1.847,-999.900,-999.900,  -1.888,-999.900,-999.900,-999.900,  -1.953,-999.900,  -1.993,  -2.001,  -2.026,  -2.059,  -2.099,-999.900,  -2.114,  -2.095,  -1.988,  -1.991,  -2.043,  -1.987,  -1.956,  -1.954,  -1.933,  -1.912,  -1.904,  -1.946,  -1.914,  -1.892,  -1.877,  -1.842,  -1.869,  -1.822,  -1.849,  -1.848,  -1.840,  -1.842,  -1.846,  -1.832,  -1.830,  -1.891,  -1.889,  -1.891,  -1.901,  -1.899,  -1.894,  -1.881,  -1.843,  -1.841,  -1.843,  -1.826,  -1.817,  -1.794,  -1.791,  -1.757,  -1.751,  -1.724,  -1.689,  -1.670,  -1.638,  -1.631,  -1.112,  -1.123,  -1.579,  -1.556,  -1.756,  -1.778,  -1.823,  -2.059,  -2.137,  -2.212,-999.900,-999.900,  -2.279,  -2.305,  -2.253,  -2.140,  -2.184,  -2.187,  -2.143,  -2.211,  -2.106,  -2.148,  -2.164,  -2.186,  -2.186,  -2.267,  -2.449,  -2.465,  -2.467,  -2.421,  -2.571,-999.900,  -2.397,  -2.575,  -2.591,  -2.534,  -2.317,  -2.346,  -2.174,  -2.228,  -2.285,  -2.339,  -2.352,  -2.418,  -2.379,  -2.328,  -2.336,  -2.245,  -2.257,  -2.307,  -2.439,  -2.442,  -2.327,  -2.418,  -2.419,  -2.494,  -2.535,  -2.675,  -2.562,  -2.532,  -2.361,  -2.428,  -2.471,  -2.731,  -2.818,  -2.800,  -2.566,  -2.517,  -1.995,  -2.014,  -1.836,  -1.944,  -2.536,  -2.523,  -2.599,  -2.682,  -2.683,  -2.594,  -2.543,  -2.572,  -2.601,  -2.566,  -2.732,  -2.746,  -2.823,  -2.932,  -2.967,  -2.956,-999.900,-999.900,-999.900,-999.900,-999.900,-999.900,
-999.900,-999.900,  -1.083,  -1.112,-999.900,-999.900,  -1.192,-999.900,  -1.229,  -0.894,  -0.946,  -0.887,  -0.311,  -0.549,  -1.280,  -1.738,  -1.294,  -1.191,  -1.429,-999.900,-999.900,-999.900,  -1.594,  -1.623,  -1.623,-999.900,-999.900,-999.900,-999.900,  -1.698,  -1.747,  -1.771,  -1.808,  -1.794,  -1.796,  -1.872,  -1.865,  -1.897,  -1.920,  -1.945,  -1.971,  -1.977,  -1.821,  -1.861,  -1.892,  -1.835,  -1.952,  -2.022,  -1.875,  -1.878,  -1.875,  -1.868,  -1.863,  -1.869,  -1.851,  -1.831,  -1.804,  -1.826,  -1.843,  -1.806,  -1.818,  -1.806,  -1.778,  -1.806,  -1.796,  -1.846,  -1.836,  -1.847,  -1.855,  -1.844,  -1.834,  -1.798,  -1.777,  -1.774,  -1.764,  -1.774,  -1.738,  -1.727,  -1.720,  -1.702,  -1.640,  -1.623,  -1.611,  -1.596,  -1.552,  -1.584,  -1.067,  -0.990,  -1.541,  -1.503,  -1.538,  -1.543,  -1.838,  -1.984,  -2.029,  -2.065,  -2.249,  -2.235,  -2.149,  -2.101,  -2.087,  -2.053,  -2.061,  -2.100,  -2.087,  -2.099,  -2.007,  -2.018,  -2.034,  -2.050,  -2.107,  -2.126,  -2.075,  -2.111,  -2.189,  -2.356,  -2.544,  -2.596,  -2.507,  -2.243,  -2.376,  -2.300,  -2.264,  -2.373,  -2.314,  -2.288,  -2.164,  -2.162,  -2.221,  -2.302,  -2.272,  -2.261,  -2.196,  -2.219,  -2.286,  -2.438,  -2.454,  -2.398,  -2.232,  -2.182,  -2.159,  -2.165,  -2.226,  -2.319,  -2.188,  -2.183,  -2.182,  -2.343,  -2.437,  -2.493,  -2.396,  -2.411,  -1.840,  -1.703,  -2.371,  -2.413,  -2.299,  -2.353,  -2.533,  -2.566,  -2.548,  -2.537,  -2.426,  -2.452,  -2.438,  -2.426,  -2.607,  -2.604,  -2.629,  -2.653,  -2.694,  -2.698,  -2.711,  -2.832,  -2.895,  -2.961,-999.900,-999.900,-999.900,-999.900,
-999.900,  -1.024,  -1.004,-999.900,  -0.995,  -1.011,  -1.126,  -0.833,  -0.780,  -0.807,  -0.752,  -0.642,  -0.489,  -0.502,  -1.013,  -0.991,  -0.988,  -1.042,  -1.306,  -1.296,  -1.243,  -1.280,  -1.327,  -1.432,  -1.553,  -1.542,  -1.543,-999.900,  -1.540,  -1.559,  -1.592,  -1.610,  -1.616,  -1.670,  -1.709,  -1.706,  -1.766,  -1.798,  -1.794,  -1.863,  -1.843,  -1.830,  -1.715,  -1.752,  -1.736,  -1.743,  -1.877,  -1.914,  -1.775,  -1.768,  -1.768,  -1.777,  -1.761,  -1.743,  -1.738,  -1.725,  -1.725,  -1.717,  -1.714,  -1.696,  -1.704,  -1.732,  -1.742,  -1.790,  -1.746,  -1.764,  -1.748,  -1.829,  -1.829,  -1.809,  -1.785,  -1.771,  -1.745,  -1.732,  -1.710,  -1.672,  -1.645,  -1.674,  -1.658,  -1.659,  -1.615,  -1.568,  -1.534,  -1.498,  -1.478,  -1.451,  -1.063,  -0.935,  -1.451,  -1.420,  -1.461,  -1.480,  -1.732,  -1.910,  -1.952,  -2.064,-999.900,  -2.136,  -2.086,  -1.958,  -1.931,  -1.975,  -1.962,  -1.950,  -1.958,  -2.026,  -1.936,  -2.006,  -2.034,  -2.078,  -1.940,  -1.954,  -2.001,  -2.003,  -2.001,  -2.043,  -2.353,  -2.450,  -2.450,  -2.449,  -2.341,  -2.165,  -2.169,  -2.281,  -2.317,  -2.265,  -2.271,  -2.231,  -2.181,  -2.072,  -2.020,  -2.044,  -2.028,  -2.064,  -2.174,  -2.232,  -2.325,  -2.269,  -2.097,  -2.058,  -2.067,  -2.070,  -2.158,  -2.086,  -2.127,  -2.109,  -2.033,  -2.065,  -2.065,  -2.068,  -2.113,  -2.145,  -1.594,  -1.606,  -2.309,  -2.351,  -2.241,  -2.224,  -2.384,  -2.408,  -2.483,  -2.501,  -2.349,  -2.329,  -2.306,  -2.357,  -2.532,  -2.507,  -2.512,  -2.503,  -2.596,  -2.675,  -2.720,  -2.815,  -2.778,  -2.771,  -2.777,  -2.750,-999.900,-999.900,
-999.900,-999.900,-999.900,-999.900,  -0.573,  -0.547,  -0.681,  -0.698,  -0.756,-999.900,  -0.731,  -0.636,  -0.934,  -0.964,  -0.791,  -0.886,  -0.939,  -0.884,  -0.554,  -0.487,  -0.946,  -1.026,  -1.135,  -1.236,-999.900,  -1.386,  -1.411,  -1.447,  -1.470,  -1.511,  -1.547,  -1.556,  -1.503,  -1.575,  -1.613,  -1.610,  -1.638,  -1.645,  -1.730,  -1.760,  -1.740,  -1.746,  -1.823,  -1.800,  -1.761,  -1.754,  -1.763,  -1.798,  -1.803,  -1.828,  -1.794,  -1.814,  -1.866,  -1.818,  -1.839,  -1.801,  -1.867,  -1.825,  -1.851,  -1.766,  -1.751,  -1.752,  -1.814,  -1.834,  -1.841,  -1.868,  -1.761,  -1.811,  -1.779,  -1.779,  -1.746,  -1.710,  -1.684,  -1.653,  -1.637,  -1.573,  -1.548,  -1.558,  -1.528,  -1.531,  -1.520,  -1.505,  -1.474,  -1.445,  -1.388,  -1.371,  -0.839,  -0.985,  -1.396,  -1.377,  -1.380,  -1.498,  -1.723,  -1.815,  -1.872,  -1.944,  -1.999,  -1.983,  -1.901,  -1.855,  -1.870,  -1.895,  -1.866,  -1.801,  -1.761,  -1.799,  -1.982,  -2.031,  -1.884,  -1.976,  -2.223,  -2.182,  -2.171,  -2.132,  -2.127,  -2.130,  -2.264,  -2.294,  -2.352,  -2.389,  -2.446,  -2.265,  -2.171,  -2.141,  -2.132,  -2.159,  -2.244,  -2.397,  -2.475,  -2.583,  -2.389,  -2.226,  -2.165,  -2.141,  -1.958,  -1.964,  -2.011,  -1.988,  -1.983,  -1.978,  -1.953,  -1.933,  -1.856,  -1.872,  -1.962,  -1.959,  -2.046,  -2.098,  -2.144,  -2.153,  -2.140,  -2.181,  -2.220,  -2.281,  -2.258,  -2.243,  -2.277,  -2.298,  -2.311,  -2.314,  -2.383,  -2.377,  -2.406,  -2.387,  -2.360,  -2.338,  -2.216,  -2.204,  -2.396,  -2.418,  -2.444,  -2.479,  -2.603,  -2.696,  -2.672,  -2.767,  -2.726,-999.900,-999.900,-999.900,
-999.900,-999.900,-999.900,-999.900,-999.900,  -0.500,  -0.613,  -0.613,  -0.641,  -0.645,  -0.514,  -0.498,  -0.453,  -0.361,  -0.421,  -0.692,  -0.633,  -0.653,  -0.323,  -0.402,  -0.432,  -0.836,  -1.013,  -1.127,  -1.168,  -1.201,  -1.275,  -1.351,  -1.318,  -1.369,  -1.435,  -1.427,  -1.455,  -1.459,  -1.473,  -1.489,  -1.543,  -1.553,  -1.613,  -1.602,  -1.618,  -1.706,  -1.697,  -1.666,  -1.687,  -1.679,  -1.666,  -1.668,  -1.681,  -1.701,  -1.696,  -1.713,  -1.728,  -1.742,  -1.739,  -1.745,  -1.780,  -1.777,  -1.776,  -1.751,  -1.720,  -1.672,  -1.767,  -1.790,  -1.763,  -1.779,  -1.658,  -1.700,  -1.677,  -1.648,  -1.646,  -1.627,  -1.596,  -1.584,  -1.544,  -1.494,  -1.460,  -1.468,  -1.454,  -1.455,  -1.444,  -1.450,  -1.401,  -1.371,  -1.329,  -1.278,  -0.764,  -0.979,  -1.391,  -1.321,  -1.321,  -1.387,  -1.598,  -1.683,  -1.763,  -1.817,  -1.902,  -1.902,  -1.948,  -1.905,  -1.865,  -1.813,  -1.734,  -1.790,  -1.661,  -1.673,  -1.909,  -1.997,  -1.849,  -1.938,  -2.105,  -2.050,  -2.115,  -2.052,  -2.119,  -2.200,  -2.304,  -2.269,  -2.327,  -2.324,  -2.277,  -2.302,  -2.310,  -2.311,  -2.231,  -2.130,  -2.088,  -2.145,  -2.211,  -2.275,  -2.352,  -2.391,  -2.361,  -2.314,  -2.055,  -1.995,  -1.890,  -1.852,  -1.819,  -1.865,  -1.912,  -1.886,  -1.822,  -1.779,  -1.812,  -1.846,  -1.960,  -2.125,  -2.172,  -2.179,  -2.160,  -2.183,  -2.209,  -2.225,  -2.195,  -2.196,  -2.212,  -2.222,  -2.216,  -2.275,  -2.318,  -2.390,  -2.396,  -2.373,  -2.313,  -2.324,  -2.252,  -2.258,  -2.422,  -2.451,  -2.448,  -2.472,  -2.597,  -2.534,  -2.524,-999.900,  -2.528,  -2.480,-999.900,  -2.292,
-999.900,-999.900,-999.900,   0.177,   0.089,   0.126,   0.086,   0.062,   0.033,   0.055,   0.119,   0.148,   0.201,   0.283,   0.188,   0.324,   1.008,   0.990,   0.381,  -0.213,  -0.283,  -0.735,  -0.919,  -0.927,  -1.055,  -1.039,  -1.054,  -1.169,  -1.231,  -1.221,  -1.274,  -1.303,  -1.325,  -1.355,  -1.364,  -1.406,  -1.390,  -1.404,  -1.426,  -1.434,  -1.460,  -1.499,  -1.540,  -1.572,  -1.591,  -1.582,  -1.584,  -1.555,  -1.577,  -1.597,  -1.457,  -1.450,  -1.589,  -1.607,  -1.630,  -1.647,  -1.670,  -1.705,  -1.684,  -1.684,  -1.684,  -1.672,  -1.708,  -1.715,  -1.720,  -1.737,  -1.607,  -1.614,  -1.541,  -1.558,  -1.518,  -1.509,  -1.504,  -1.487,  -1.441,  -1.406,  -1.353,  -1.377,  -1.361,  -1.347,  -1.349,  -1.327,  -1.341,  -1.324,  -1.292,  -1.201,  -1.185,  -1.281,  -0.959,  -0.729,  -1.221,  -1.252,  -1.330,  -1.399,  -1.622,  -1.682,  -1.782,-999.900,-999.900,  -1.913,  -1.796,  -1.743,  -1.737,  -1.747,  -1.804,  -1.810,  -1.865,  -1.922,  -1.885,  -1.940,  -1.859,  -1.902,  -2.001,  -1.984,  -1.982,  -1.998,  -2.116,  -2.178,  -2.182,  -2.151,  -2.198,  -2.241,  -2.242,  -2.224,  -2.293,  -2.190,  -2.172,  -2.199,  -2.192,  -2.131,  -2.131,  -2.124,  -2.198,  -2.273,  -2.294,  -2.271,  -2.199,  -2.133,  -1.962,  -1.859,  -1.677,  -1.805,  -1.687,  -1.677,  -1.908,  -1.912,  -1.962,  -2.001,  -2.119,  -2.088,  -2.164,  -2.076,  -2.083,  -2.111,  -2.200,  -2.152,  -2.088,  -2.090,  -2.147,  -2.215,  -2.369,  -2.413,  -2.418,  -2.397,  -2.386,  -2.440,  -2.442,  -2.412,  -2.398,  -2.451,  -2.432,  -2.497,  -2.437,  -2.502,  -2.403,  -2.326,  -2.295,  -2.201,  -2.198,  -2.148,
   0.292,   0.305,-999.900,-999.900,   0.148,   0.171,   0.138,   0.129,   0.168,   0.216,   0.207,   0.246,   0.273,   0.383,   1.046,   1.042,   1.151,   1.085,  -0.151,  -0.157,  -0.208,  -0.701,  -0.847,  -0.897,  -0.926,  -0.915,  -0.880,  -0.929,  -1.028,  -1.135,  -1.157,  -1.128,  -1.229,  -1.270,  -1.276,  -1.294,  -1.301,  -1.331,  -1.351,  -1.358,  -1.366,  -1.342,  -1.365,  -1.393,  -1.420,  -1.412,  -1.470,  -1.512,  -1.510,  -1.536,  -1.367,  -1.367,  -1.500,  -1.532,  -1.512,  -1.557,  -1.528,  -1.557,  -1.545,  -1.594,  -1.587,  -1.615,  -1.591,  -1.610,  -1.640,  -1.635,  -1.491,  -1.502,  -1.464,  -1.447,  -1.428,  -1.412,  -1.391,  -1.334,  -1.308,  -1.287,  -1.278,  -1.293,  -1.260,  -1.255,  -1.252,  -1.254,  -1.221,  -1.219,  -1.168,  -1.178,  -1.132,  -1.123,  -0.825,  -0.833,  -1.195,  -1.186,  -1.269,  -1.307,  -1.479,  -1.577,  -1.671,  -1.739,  -1.801,  -1.749,  -1.772,  -1.648,  -1.676,  -1.737,  -1.754,  -1.709,  -1.825,  -1.863,  -1.878,  -1.852,  -1.726,  -1.707,  -1.863,  -1.912,  -1.928,  -1.932,  -1.943,  -1.961,  -1.971,  -1.939,  -2.073,  -2.130,  -2.174,  -2.186,  -2.224,  -2.182,  -2.056,  -2.288,  -2.255,  -2.194,  -2.305,  -2.301,  -2.311,  -1.996,  -2.200,  -2.278,  -2.296,  -2.242,  -2.111,  -1.791,  -1.549,  -1.525,  -1.579,  -1.616,  -1.799,  -1.816,  -1.881,  -1.932,  -1.987,  -1.993,  -1.929,  -1.968,  -2.003,  -2.006,  -2.079,  -2.098,  -2.158,  -2.095,  -2.128,  -2.168,  -2.148,  -2.197,  -2.243,  -2.294,  -2.345,  -2.341,  -2.363,  -2.311,  -2.300,  -2.316,  -2.361,  -2.391,  -2.352,  -2.360,  -2.212,  -2.157,  -2.012,  -1.986,  -1.984,-999.900,
  -0.150,  -0.175,   0.175,   0.293,   0.239,   0.245,   0.246,   0.239,   0.269,   0.310,   0.379,   1.032,   1.033,   1.110,   1.165,   1.169,   1.252,   1.222,   0.593,   0.542,  -0.046,  -0.113,  -0.604,  -0.643,  -0.269,  -0.610,  -0.617,  -0.702,  -0.745,  -0.861,  -0.904,  -0.864,  -0.888,  -0.941,  -1.185,  -1.210,  -1.242,  -1.261,  -1.081,  -1.069,  -1.102,  -1.121,  -1.269,  -1.257,  -1.310,  -1.320,  -1.334,  -1.364,  -1.350,  -1.405,  -1.435,  -1.417,  -1.401,  -1.451,  -1.443,  -1.447,  -1.323,  -1.330,  -1.314,  -1.334,  -1.479,  -1.491,  -1.376,  -1.365,  -1.360,  -1.336,  -1.356,  -1.340,  -1.336,  -1.326,  -1.345,  -1.309,  -1.222,  -1.227,  -1.204,  -1.201,  -1.196,  -1.188,  -1.180,  -1.160,  -1.150,  -1.150,  -1.140,  -1.125,  -1.134,  -1.125,  -1.084,  -1.093,  -1.081,  -1.173,  -0.774,  -0.618,  -0.679,  -0.683,  -1.301,  -1.407,  -1.665,  -1.686,  -1.541,  -1.658,  -1.697,  -1.658,  -1.701,  -1.785,  -1.751,  -1.819,  -1.854,  -1.873,  -1.884,  -1.819,  -1.835,  -1.746,  -1.778,  -1.813,  -1.810,  -1.825,  -1.818,  -1.826,  -1.830,  -1.816,  -1.891,  -1.943,  -2.004,  -2.071,  -2.092,  -2.163,  -2.196,  -2.176,  -2.146,  -2.109,  -2.200,  -2.219,  -2.250,  -2.237,  -2.161,  -2.096,  -2.168,  -2.113,  -2.028,  -1.970,  -1.754,  -1.592,  -1.447,  -1.413,  -1.641,  -1.654,  -1.794,  -1.834,  -1.692,  -1.736,  -1.885,  -1.889,  -1.925,  -1.931,  -1.936,  -1.998,  -2.088,  -2.110,  -2.161,  -2.152,  -2.015,  -2.095,  -2.175,  -2.227,  -2.244,  -2.320,-999.900,  -2.220,  -2.161,  -2.262,  -2.227,  -2.172,  -2.129,  -2.077,  -2.139,  -2.022,-999.900,  -1.846,-999.900,  -1.663,
-999.900,  -0.183,   0.316,   0.266,   0.374,   0.352,   0.332,   0.376,   0.964,   0.970,   1.075,   1.153,   1.119,   1.217,   1.293,   1.294,   1.338,   1.295,   1.282,   0.639,  -0.008,  -0.059,  -0.116,  -0.164,  -0.141,  -0.115,  -0.448,  -0.550,  -0.668,  -0.695,  -0.769,  -0.802,  -0.856,  -0.905,  -1.060,  -1.056,  -1.065,  -1.124,  -0.980,  -0.995,  -0.993,  -0.993,  -1.156,  -1.180,  -1.196,  -1.217,  -1.237,  -1.211,  -1.216,  -1.279,  -1.291,  -1.317,  -1.344,  -1.336,  -1.379,  -1.372,  -1.244,  -1.243,  -1.241,  -1.228,  -1.406,  -1.427,  -1.281,  -1.270,  -1.260,  -1.235,  -1.223,  -1.228,  -1.216,  -1.226,  -1.171,  -1.136,  -1.119,  -1.126,  -1.122,  -1.104,  -1.101,  -1.103,  -1.081,  -1.073,  -1.058,  -1.045,  -1.029,  -1.001,  -1.093,  -1.057,  -1.006,  -1.023,  -1.013,  -0.980,  -0.447,  -0.573,  -0.602,  -0.609,  -1.137,  -1.194,  -1.422,  -1.478,  -1.507,  -1.504,  -1.441,  -1.474,  -1.576,  -1.563,  -1.649,  -1.822,  -1.797,  -1.831,  -1.797,  -1.801,  -1.712,  -1.695,  -1.684,  -1.659,  -1.651,  -1.731,  -1.717,  -1.740,  -1.784,  -1.800,  -1.814,  -1.792,  -1.845,  -1.901,  -1.930,  -1.957,  -2.070,  -2.156,  -2.112,  -2.049,  -2.041,  -2.114,  -2.150,  -2.154,  -2.194,  -2.186,  -2.144,  -1.981,  -1.868,  -1.863,  -1.806,  -1.664,  -1.363,  -1.350,  -1.536,  -1.632,  -1.646,  -1.747,  -1.606,  -1.629,  -1.834,  -1.906,  -1.880,  -1.959,  -1.907,  -2.012,  -2.101,  -2.029,  -2.061,  -2.158,  -2.142,  -2.111,  -2.173,  -2.154,  -2.119,  -2.127,  -2.152,  -2.059,  -2.036,  -2.000,  -1.936,  -1.894,  -1.881,  -1.928,  -1.869,-999.900,-999.900,-999.900,-999.900,-999.900,
-999.900,   0.868,   0.353,   0.359,-999.900,   0.976,   1.008,   1.042,   1.139,   1.177,   1.216,   1.258,   1.305,   1.227,   1.313,   1.405,   1.449,   1.372,   1.394,   1.309,   1.254,   1.203,   0.458,   0.428,   0.403,   0.437,   0.430,  -0.237,  -0.310,  -0.388,  -0.438,  -0.891,  -0.887,  -0.933,  -0.973,  -0.965,  -0.870,  -0.854,  -0.877,  -0.899,  -0.986,  -1.071,  -1.060,  -1.129,  -1.129,  -1.144,  -1.090,  -1.062,  -0.965,  -1.067,  -1.044,  -1.052,  -1.046,  -1.062,  -1.118,  -1.118,  -1.197,  -1.189,  -1.125,  -1.165,  -1.205,  -1.196,  -1.199,  -1.120,  -1.127,  -1.108,  -1.110,  -1.085,  -1.072,  -1.053,  -1.104,  -1.077,  -1.034,  -1.043,  -1.045,  -1.035,  -1.048,  -1.027,  -1.001,  -0.988,  -0.909,  -0.940,  -0.918,  -0.885,  -0.929,  -0.917,  -0.930,  -0.932,  -0.937,  -0.918,  -0.991,  -0.951,  -0.963,  -0.999,  -0.970,  -1.058,  -1.037,  -0.997,  -0.416,  -0.419,  -0.954,  -0.941,  -1.036,  -1.095,  -1.162,  -1.183,  -1.425,  -1.468,  -1.549,  -1.575,  -1.475,  -1.502,  -1.476,  -1.515,  -1.476,  -1.555,  -1.677,  -1.723,  -1.768,  -1.796,  -1.769,  -1.790,  -1.799,  -1.820,  -1.800,  -1.923,  -1.825,  -1.867,  -2.092,  -2.044,  -1.960,  -1.940,  -2.060,  -2.110,  -2.143,  -2.145,  -2.089,  -2.045,  -1.965,  -1.795,  -1.710,  -1.613,  -1.560,  -1.426,  -1.395,  -1.503,  -1.552,  -1.684,  -1.558,  -1.683,  -1.885,  -1.819,  -1.887,  -1.978,  -1.930,  -1.849,  -1.948,  -1.988,  -2.037,  -2.013,  -2.065,  -2.084,  -2.064,  -2.045,  -2.035,  -2.049,  -2.055,  -2.051,  -2.008,  -1.965,  -1.946,  -1.878,  -1.859,  -1.759,  -1.517,  -1.455,-999.900,-999.900,-999.900,-999.900,
   1.074,   1.087,   1.094,   1.098,   1.099,   1.144,   1.165,   1.205,   1.269,   1.328,   1.355,   1.406,   1.463,-999.900,   1.413,   1.482,   1.586,   1.547,   1.452,   1.422,   1.317,   1.273,   0.556,   0.557,   0.532,   0.534,   0.544,   0.467,   0.400,   0.332,  -0.323,  -0.396,  -0.452,  -0.464,  -0.846,  -0.870,  -0.793,  -0.757,  -0.739,  -0.750,  -0.936,  -1.013,  -1.033,  -1.047,  -1.028,  -1.026,  -1.042,  -1.024,  -0.846,  -0.888,  -0.903,  -0.940,  -0.955,  -0.958,  -0.956,  -0.981,  -1.024,  -1.090,  -1.018,  -1.062,  -1.164,  -1.156,  -1.274,  -1.168,  -1.082,  -1.017,  -1.012,  -1.020,  -0.982,  -0.969,  -0.907,  -0.898,  -0.898,  -0.904,  -0.923,  -0.952,  -0.930,  -0.931,  -0.861,  -0.882,  -0.848,  -0.835,  -0.816,  -0.867,  -0.826,  -0.808,  -0.812,  -0.824,  -0.847,  -0.851,  -0.860,  -0.840,  -0.831,  -0.822,  -0.824,  -0.851,  -0.892,  -0.885,  -0.358,  -0.422,  -0.872,  -0.872,  -0.869,  -0.851,  -0.953,  -0.965,  -1.180,  -1.127,  -1.139,  -1.135,  -1.115,  -1.177,  -1.182,  -1.195,  -1.343,  -1.347,  -1.449,  -1.530,  -1.680,  -1.682,  -1.749,  -1.681,  -1.734,  -1.685,  -1.730,  -1.749,  -1.606,  -1.662,  -1.875,  -1.998,  -1.966,  -1.977,  -2.012,  -1.975,  -2.006,  -1.992,  -2.055,  -1.968,  -1.838,  -1.730,  -1.642,  -1.594,  -1.614,  -1.435,  -1.332,  -1.378,  -1.532,  -1.565,  -1.515,  -1.689,  -1.862,  -1.781,  -1.853,  -1.860,  -1.908,  -1.832,  -1.852,  -1.859,  -1.860,  -1.882,  -1.917,  -1.983,  -1.911,  -1.926,  -1.955,  -1.940,  -1.934,  -1.922,  -1.851,  -1.757,  -1.757,  -1.628,  -1.607,-999.900,-999.900,-999.900,-999.900,-999.900,-999.900,-999.900,
   1.197,-999.900,-999.900,   1.243,   1.234,   1.279,   1.295,   1.333,   1.400,   1.437,   1.479,   1.515,   1.073,   1.097,   1.162,   1.155,   1.171,-999.900,   2.006,   1.956,   1.456,   1.388,   1.358,   1.393,   0.689,   0.654,   0.641,   0.541,   0.515,   0.424,   0.357,  -0.322,  -0.384,  -0.361,  -0.240,  -0.275,  -0.656,  -0.659,  -0.691,  -0.696,  -0.882,  -0.903,  -0.856,  -0.930,  -0.929,  -0.973,  -0.983,  -0.984,  -0.970,  -1.007,  -0.866,  -0.808,  -0.875,  -0.889,  -0.940,  -0.933,  -0.882,  -0.932,  -1.008,  -0.984,  -0.962,  -0.961,  -1.151,  -0.954,  -0.915,  -0.839,  -0.836,  -0.812,  -0.773,  -0.744,  -0.722,  -0.768,  -0.780,  -0.824,  -0.808,  -0.812,  -0.798,  -0.774,  -0.787,  -0.776,  -0.762,  -0.733,  -0.772,  -0.758,  -0.752,  -0.742,  -0.733,  -0.740,  -0.739,  -0.785,  -0.760,  -0.763,  -0.750,  -0.752,  -0.756,  -0.774,  -0.794,  -0.830,  -0.847,  -0.885,  -0.831,  -0.785,  -0.872,  -0.850,  -0.871,  -0.873,  -0.891,  -0.908,  -0.407,  -0.413,  -0.945,  -0.912,  -0.861,  -0.910,  -1.124,  -1.307,  -1.408,  -1.466,  -1.587,  -1.586,  -1.641,  -1.668,  -1.701,  -1.646,  -1.683,  -1.708,  -1.687,  -1.780,  -1.740,  -1.828,  -1.931,  -1.927,  -1.855,  -1.861,  -1.916,  -1.907,  -1.871,  -1.923,  -1.852,  -1.673,  -1.540,  -1.433,  -1.436,  -1.303,  -1.139,  -1.276,  -1.211,  -1.301,  -1.612,  -1.695,  -1.796,  -1.829,  -1.781,  -1.788,  -1.875,  -1.837,  -1.759,  -1.725,  -1.778,  -1.715,  -1.601,  -1.586,  -1.499,  -1.443,  -1.467,  -1.438,  -1.445,  -1.468,-999.900,-999.900,  -1.413,  -1.395,  -1.356,  -1.292,-999.900,-999.900,-999.900,-999.900,-999.900,-999.900,
-999.900,-999.900,-999.900,-999.900,-999.900,-999.900,-999.900,-999.900,   1.495,   1.553,   1.605,   1.621,   1.178,   1.235,   1.254,   1.236,   1.276,   1.264,   2.096,   2.098,   1.966,   1.934,   1.973,   1.620,   0.902,   0.813,   0.833,   0.804,   0.694,   0.588,  -0.135,  -0.244,   0.315,  -0.319,  -0.139,  -0.186,  -0.197,  -0.589,  -0.624,  -0.645,  -0.838,  -0.852,  -0.806,  -0.849,  -0.830,  -0.856,  -0.899,  -0.917,  -0.927,  -0.928,  -0.773,  -0.742,  -0.793,  -0.836,  -0.759,  -0.767,  -0.729,  -0.755,  -0.838,  -0.838,  -0.837,  -0.834,  -0.858,  -0.783,  -0.767,  -0.704,  -0.738,  -0.683,  -0.627,  -0.664,  -0.623,  -0.632,  -0.655,  -0.688,  -0.699,  -0.713,  -0.696,  -0.690,  -0.687,  -0.714,  -0.687,  -0.708,  -0.734,  -0.705,  -0.673,  -0.651,  -0.605,  -0.601,  -0.629,  -0.652,  -0.641,  -0.643,  -0.643,  -0.629,  -0.679,  -0.692,  -0.693,  -0.725,  -0.776,  -0.781,  -0.762,  -0.719,  -0.778,  -0.761,  -0.779,  -0.770,  -0.782,  -0.776,  -0.254,  -0.240,  -0.777,  -0.866,  -0.792,  -0.864,  -1.173,  -1.208,  -1.200,  -1.273,  -1.426,  -1.411,  -1.488,  -1.535,-999.900,-999.900,  -1.613,  -1.702,  -1.733,  -1.740,  -1.709,  -1.789,  -1.807,  -1.754,  -1.794,  -1.792,  -1.768,  -1.768,  -1.810,  -1.819,  -1.881,  -1.684,  -1.506,  -1.438,  -1.501,  -1.397,  -1.329,  -1.410,  -1.244,  -1.245,  -1.540,  -1.664,  -1.747,  -1.710,  -1.736,  -1.677,  -1.759,  -1.744,  -1.604,  -1.476,  -1.532,  -1.460,  -0.904,  -0.931,  -0.938,  -1.337,  -1.427,  -1.366,-999.900,-999.900,-999.900,  -0.994,  -0.885,  -0.853,  -0.846,-999.900,-999.900,-999.900,-999.900,-999.900,-999.900,-999.900,
   1.853,-999.900,-999.900,-999.900,-999.900,-999.900,-999.900,-999.900,-999.900,-999.900,   1.262,   1.277,   1.286,   1.698,   1.671,   1.311,   1.318,-999.900,-999.900,   2.161,   2.118,   2.151,   1.784,   1.749,   2.114,   2.178,   1.433,   1.291,   1.193,   1.082,   1.028,   0.917,   0.575,   0.518,   0.540,   0.538,  -0.086,  -0.110,  -0.147,  -0.183,  -0.190,  -0.278,  -0.660,  -0.670,  -0.666,  -0.667,  -0.672,  -0.714,  -0.725,  -0.727,  -0.735,  -0.736,  -0.733,  -0.725,  -0.636,  -0.619,  -0.653,  -0.706,  -0.642,  -0.644,  -0.739,  -0.749,  -0.733,  -0.691,  -0.681,  -0.559,  -0.648,  -0.571,  -0.556,  -0.568,  -0.580,  -0.596,  -0.600,  -0.568,  -0.575,  -0.586,  -0.607,  -0.582,  -0.580,  -0.578,  -0.494,  -0.566,  -0.583,  -0.615,  -0.676,  -0.633,  -0.629,  -0.630,  -0.613,  -0.587,  -0.563,  -0.552,  -0.510,  -0.524,  -0.535,  -0.545,  -0.620,  -0.638,  -0.665,  -0.686,  -0.643,  -0.645,  -0.680,  -0.686,  -0.657,  -0.652,  -0.659,  -0.676,  -0.680,  -0.709,  -0.199,  -0.255,  -0.986,  -1.052,  -1.167,  -1.279,  -1.315,  -1.233,  -1.275,  -1.336,  -1.347,  -1.376,  -1.440,  -1.426,  -1.528,  -1.575,  -1.616,  -1.632,  -1.636,-999.900,  -1.653,  -1.650,  -1.724,  -1.687,  -1.690,  -1.728,  -1.699,  -1.656,  -1.643,  -1.680,  -1.701,  -1.595,  -1.552,  -1.415,  -1.441,  -1.410,  -1.464,  -1.356,  -1.448,  -1.584,  -1.625,  -1.694,  -1.372,  -1.557,-999.900,-999.900,-999.900,-999.900,-999.900,-999.900,  -1.285,  -1.389,  -1.553,-999.900,-999.900,-999.900,-999.900,-999.900,-999.900,-999.900,-999.900,-999.900,-999.900,-999.900,-999.900,-999.900,-999.900,-999.900,-999.900,-999.900,
-999.900,-999.900,-999.900,-999.900,-999.900,-999.900,-999.900,-999.900,-999.900,-999.900,-999.900,-999.900,-999.900,-999.900,-999.900,-999.900,   1.733,-999.900,-999.900,-999.900,-999.900,   2.220,   2.203,   2.226,   2.264,   2.328,   1.515,   1.395,   1.347,   1.191,   1.087,   0.998,   1.055,   0.687,   0.616,   0.626,  -0.019,  -0.063,  -0.111,  -0.126,  -0.175,  -0.203,  -0.219,  -0.238,  -0.218,  -0.589,  -0.622,  -0.626,  -0.639,  -0.649,  -0.674,  -0.664,  -0.601,  -0.627,  -0.553,  -0.486,  -0.525,  -0.531,  -0.527,  -0.493,  -0.627,  -0.635,  -0.589,  -0.564,  -0.562,  -0.519,  -0.130,  -0.082,  -0.031,  -0.035,  -0.048,  -0.083,  -0.496,  -0.481,  -0.525,  -0.554,  -0.546,  -0.544,  -0.514,  -0.527,  -0.474,  -0.044,  -0.494,  -0.189,  -0.154,  -0.114,  -0.512,  -0.509,  -0.517,  -0.511,  -0.486,  -0.083,  -0.072,   0.920,   0.919,   0.920,  -0.428,  -0.468,  -0.491,  -0.533,  -0.544,  -0.560,  -0.567,  -0.570,  -0.572,  -0.587,  -0.571,  -0.594,  -0.591,  -0.599,  -0.099,  -0.173,  -0.891,  -1.054,  -1.194,  -1.188,  -1.132,  -1.137,  -1.152,  -1.219,  -1.219,  -1.156,  -1.290,  -1.267,  -1.211,  -1.282,  -1.340,  -1.387,  -1.453,  -1.518,  -1.502,  -1.434,  -1.526,  -1.621,  -1.648,  -1.651,  -1.659,  -1.573,  -1.560,  -1.538,  -1.570,  -1.508,  -1.534,  -1.537,  -1.461,  -1.411,  -1.367,  -1.419,  -1.484,  -1.493,  -1.583,  -1.520,-999.900,-999.900,-999.900,-999.900,-999.900,-999.900,-999.900,-999.900,  -1.202,  -0.846,-999.900,-999.900,-999.900,-999.900,-999.900,-999.900,-999.900,-999.900,-999.900,-999.900,-999.900,-999.900,-999.900,-999.900,-999.900,-999.900,-999.900,-999.900,
-999.900,-999.900,-999.900,-999.900,-999.900,-999.900,-999.900,-999.900,-999.900,-999.900,-999.900,-999.900,-999.900,-999.900,-999.900,-999.900,-999.900,   1.759,   1.734,-999.900,-999.900,-999.900,   1.398,   1.523,   1.644,   1.662,   1.687,   1.571,   1.483,   1.388,   1.180,   1.036,   1.718,   1.694,   1.328,   1.248,   1.217,   1.151,   1.070,   1.044,   1.028,   1.008,   1.007,   1.038,   0.588,  -0.083,  -0.166,  -0.563,  -0.579,  -0.583,  -0.220,  -0.215,  -0.225,  -0.168,  -0.166,  -0.032,  -0.511,  -0.497,  -0.084,  -0.452,  -0.126,  -0.479,  -0.476,  -0.060,  -0.048,  -0.023,   0.022,   0.123,   0.700,   0.704,   0.545,  -0.139,   0.581,  -0.041,  -0.025,  -0.104,  -0.484,  -0.450,  -0.063,  -0.121,   0.026,   0.988,   0.052,   0.022,   0.004,   0.005,   0.054,   0.097,   1.011,   0.984,   0.968,  -0.374,  -0.391,  -0.408,  -0.388,  -0.409,  -0.423,  -0.443,  -0.491,  -0.480,  -0.436,  -0.454,  -0.436,  -0.427,  -0.458,  -0.462,  -0.482,  -0.450,   0.094,   0.107,  -0.465,  -0.539,  -0.817,  -0.968,  -1.068,  -0.992,  -1.118,  -1.121,  -1.121,  -1.064,  -0.975,  -0.931,  -0.936,  -1.106,  -1.028,  -1.011,  -1.088,  -1.118,  -1.241,  -1.185,  -1.229,  -1.204,  -1.306,  -1.424,  -1.399,  -1.448,  -1.477,  -1.432,  -1.433,  -1.515,  -1.531,  -1.517,  -1.514,  -1.571,  -1.586,  -1.539,  -1.407,  -1.513,  -1.434,  -1.362,-999.900,-999.900,-999.900,-999.900,-999.900,-999.900,-999.900,-999.900,-999.900,-999.900,-999.900,-999.900,-999.900,-999.900,-999.900,-999.900,-999.900,-999.900,-999.900,-999.900,-999.900,-999.900,-999.900,-999.900,-999.900,-999.900,-999.900,-999.900,-999.900,-999.900,
-999.900,-999.900,-999.900,-999.900,-999.900,-999.900,-999.900,-999.900,-999.900,-999.900,-999.900,-999.900,-999.900,-999.900,-999.900,-999.900,-999.900,-999.900,-999.900,-999.900,-999.900,-999.900,   1.433,   1.459,   1.546,   1.641,   1.545,   1.446,   1.397,   1.308,   1.225,   1.119,   1.718,   1.795,   1.764,   1.696,   1.339,   1.318,   1.272,   1.266,   1.247,   1.227,   1.269,   1.240,   0.707,   0.608,  -0.001,   0.512,  -0.146,  -0.151,   0.451,  -0.152,  -0.148,  -0.145,  -0.083,   0.035,  -0.074,  -0.084,  -0.028,  -0.033,   0.017,   0.013,   0.034,   0.087,   0.132,   0.761,   0.803,   0.846,   0.820,   0.146,  -0.077,  -0.125,  -0.026,  -0.007,   0.092,   0.011,  -0.017,  -0.007,   0.983,   0.990,   1.050,   0.116,   0.129,  -0.226,  -0.350,  -0.209,  -0.273,  -0.188,  -0.167,  -0.187,  -0.216,  -0.259,  -0.236,  -0.248,  -0.255,  -0.294,  -0.263,  -0.302,  -0.277,  -0.257,  -0.256,  -0.282,  -0.318,  -0.303,  -0.299,  -0.321,  -0.349,  -0.282,   0.246,   0.156,  -0.442,  -0.488,  -0.745,  -0.842,  -0.948,  -0.893,  -0.990,  -0.887,  -0.857,  -0.784,  -0.711,  -0.739,  -0.824,  -0.788,  -0.431,  -0.792,  -0.895,  -1.007,  -1.070,  -1.006,  -0.938,  -1.032,  -1.033,  -1.015,  -1.034,  -0.627,  -1.153,  -1.116,  -1.219,  -1.301,  -1.252,  -1.252,  -1.352,  -1.324,  -1.384,  -1.282,  -1.226,  -1.204,  -1.065,  -0.876,-999.900,-999.900,-999.900,-999.900,-999.900,-999.900,-999.900,-999.900,-999.900,-999.900,-999.900,-999.900,-999.900,-999.900,-999.900,-999.900,-999.900,-999.900,-999.900,-999.900,-999.900,-999.900,-999.900,-999.900,-999.900,-999.900,-999.900,-999.900,-999.900,-999.900,
-999.900,-999.900,-999.900,-999.900,-999.900,-999.900,-999.900,-999.900,-999.900,-999.900,-999.900,-999.900,-999.900,-999.900,-999.900,-999.900,-999.900,-999.900,-999.900,-999.900,-999.900,-999.900,-999.900,   1.966,   1.581,   1.510,   1.498,   1.509,   1.438,   1.300,   1.191,   1.144,   1.127,   1.191,   1.805,   1.852,   1.815,   1.387,   1.732,   1.397,   1.357,   1.370,   1.367,   1.285,   0.690,   0.704,   0.694,   0.962,   0.969,   0.949,   0.395,   0.398,   0.416,  -0.172,  -0.192,  -0.108,   0.077,   0.049,   0.066,   0.084,   0.106,   0.157,   0.829,   0.897,   0.958,   0.978,   0.930,   0.847,   0.046,  -0.034,  -0.188,  -0.576,  -0.608,  -0.534,  -0.130,  -0.118,   0.129,   0.122,   0.130,   0.134,   0.127,   0.156,  -0.187,  -0.171,  -0.359,  -0.299,  -0.103,  -0.067,   0.091,   0.066,   0.393,   0.419,   0.399,  -0.002,  -0.039,  -0.044,  -0.088,  -0.147,  -0.107,  -0.155,  -0.148,  -0.150,  -0.121,  -0.153,  -0.118,  -0.126,   0.366,   0.261,  -0.320,  -0.379,  -0.403,  -0.409,  -0.705,  -0.885,  -0.968,  -0.772,  -0.793,  -0.702,  -0.766,  -0.665,  -0.652,  -0.614,  -0.616,  -0.243,   0.511,   1.162,   1.117,   1.327,   1.281,   0.251,  -0.464,  -0.366,   0.345,   0.223,   0.226,   0.269,   0.181,   0.200,-999.900,-999.900,-999.900,-999.900,  -0.506,  -0.466,  -0.581,  -0.588,  -0.450,  -0.389,  -0.123,-999.900,-999.900,-999.900,-999.900,-999.900,-999.900,-999.900,-999.900,-999.900,-999.900,-999.900,-999.900,-999.900,-999.900,-999.900,-999.900,-999.900,-999.900,-999.900,-999.900,-999.900,-999.900,-999.900,-999.900,-999.900,-999.900,-999.900,-999.900,-999.900,-999.900,-999.900,
-999.900,-999.900,-999.900,-999.900,-999.900,-999.900,-999.900,-999.900,-999.900,-999.900,-999.900,-999.900,-999.900,-999.900,-999.900,-999.900,-999.900,-999.900,-999.900,-999.900,-999.900,-999.900,-999.900,-999.900,-999.900,   1.498,   1.618,   1.647,   1.540,   1.464,   1.373,   1.326,   1.232,   1.302,   1.996,   1.621,   1.946,   1.910,   1.515,   1.879,   1.834,   1.824,   1.838,   1.763,   1.142,   1.125,   1.103,   1.103,   0.702,   1.003,   0.431,   0.413,   0.462,   0.468,   0.506,   0.525,   0.691,   0.702,   0.737,   0.765,   0.807,   0.302,   0.346,   0.984,   1.013,   1.033,   0.826,   0.190,  -0.011,  -0.110,  -0.457,  -0.443,  -0.615,  -0.527,  -0.568,  -0.565,  -0.395,   0.185,   0.215,   0.234,  -0.100,  -0.131,  -0.084,  -0.022,   0.179,   0.228,   0.383,   0.086,   0.223,   0.727,   0.724,   1.330,   0.616,   0.564,   0.067,   0.033,   0.075,   0.043,   0.036,   0.076,   0.053,   0.044,   0.062,   0.025,  -0.021,  -0.086,   0.257,   0.201,  -0.393,  -0.374,  -0.364,  -0.471,  -0.657,  -0.753,  -0.765,  -0.714,  -0.619,  -0.565,  -0.586,  -0.606,  -0.510,  -0.120,  -0.131,  -0.059,-999.900,-999.900,-999.900,-999.900,-999.900,-999.900,-999.900,-999.900,-999.900,-999.900,-999.900,-999.900,-999.900,-999.900,-999.900,-999.900,-999.900,-999.900,-999.900,  -0.560,  -0.322,  -0.305,  -0.339,  -0.181,   0.343,-999.900,-999.900,-999.900,-999.900,-999.900,-999.900,-999.900,-999.900,-999.900,-999.900,-999.900,-999.900,-999.900,-999.900,-999.900,-999.900,-999.900,-999.900,-999.900,-999.900,-999.900,-999.900,-999.900,-999.900,-999.900,-999.900,-999.900,-999.900,-999.900,-999.900,-999.900,
-999.900,-999.900,-999.900,-999.900,-999.900,-999.900,-999.900,-999.900,-999.900,-999.900,-999.900,-999.900,-999.900,-999.900,-999.900,-999.900,-999.900,-999.900,-999.900,-999.900,-999.900,-999.900,-999.900,-999.900,-999.900,   2.151,-999.900,   1.598,   1.540,   1.598,   2.155,   2.151,   2.139,   2.155,   2.152,   2.093,   2.060,   2.028,   1.990,   1.937,   1.899,   1.537,   1.496,   1.847,   1.828,   1.420,   1.193,   1.182,   1.073,   0.637,   0.515,   0.527,   0.557,   0.564,   0.576,   0.578,   0.603,   0.616,   0.856,   0.877,   0.776,   0.798,   1.194,   0.839,   0.224,   0.192,   0.693,   0.685,   0.017,   0.006,  -0.462,  -0.451,  -0.414,  -0.505,  -0.436,  -0.399,  -0.127,  -0.171,  -0.322,   0.190,   0.268,   0.285,   0.254,   0.320,   0.361,   0.276,  -0.077,   0.082,   0.357,   0.453,   0.378,   1.293,   0.126,   0.063,   0.141,   0.084,   0.074,   0.102,   0.203,   0.219,   0.035,  -0.009,  -0.050,  -0.131,  -0.208,  -0.248,  -0.486,  -0.458,  -0.296,  -0.369,  -0.611,  -0.633,  -0.622,  -0.712,  -0.616,  -0.528,  -0.481,  -0.460,  -0.473,   0.017,  -0.084,   0.103,-999.900,-999.900,-999.900,-999.900,-999.900,-999.900,-999.900,-999.900,-999.900,-999.900,-999.900,-999.900,-999.900,-999.900,-999.900,-999.900,-999.900,-999.900,-999.900,-999.900,-999.900,-999.900,-999.900,-999.900,-999.900,-999.900,-999.900,-999.900,-999.900,-999.900,-999.900,-999.900,-999.900,-999.900,-999.900,-999.900,-999.900,-999.900,-999.900,-999.900,-999.900,-999.900,-999.900,-999.900,-999.900,-999.900,-999.900,-999.900,-999.900,-999.900,-999.900,-999.900,-999.900,-999.900,-999.900,-999.900,-999.900,-999.900,
-999.900,-999.900,-999.900,-999.900,-999.900,-999.900,-999.900,-999.900,-999.900,-999.900,-999.900,-999.900,-999.900,-999.900,-999.900,-999.900,-999.900,-999.900,-999.900,-999.900,-999.900,-999.900,-999.900,-999.900,-999.900,-999.900,   1.814,-999.900,   1.630,   1.543,   2.312,   2.261,   2.296,   2.256,   2.292,   2.192,   2.211,   2.122,   2.061,   2.053,   1.985,   1.962,   1.882,   1.989,   1.952,   1.472,   1.214,   1.141,   0.754,   0.751,   0.593,   0.632,   1.012,   0.977,   0.996,   0.638,   0.679,   0.745,   1.325,   0.986,   0.835,   0.826,   0.876,   0.202,   0.189,   0.214,   0.186,   0.739,   0.714,   0.068,   0.021,   0.043,  -0.442,  -0.469,  -0.576,  -0.430,  -0.177,  -0.179,  -0.488,  -0.299,   0.176,   0.153,   0.183,   0.252,   0.455,   0.536,   0.476,   0.611,   0.861,   0.889,   0.765,   0.616,   0.330,   0.265,   0.559,   0.119,   0.106,  -0.001,  -0.009,   0.037,  -0.305,  -0.409,  -0.116,  -0.359,  -0.278,  -0.213,  -0.375,  -0.419,  -0.307,  -0.332,  -0.172,  -0.648,  -0.636,  -0.207,  -0.560,  -0.424,  -0.406,  -0.424,  -0.422,   0.079,   0.141,   0.605,-999.900,-999.900,-999.900,-999.900,-999.900,-999.900,-999.900,-999.900,-999.900,-999.900,-999.900,-999.900,-999.900,-999.900,-999.900,-999.900,-999.900,-999.900,-999.900,-999.900,-999.900,-999.900,-999.900,-999.900,-999.900,-999.900,-999.900,-999.900,-999.900,-999.900,-999.900,-999.900,-999.900,-999.900,-999.900,-999.900,-999.900,-999.900,-999.900,-999.900,-999.900,-999.900,-999.900,-999.900,-999.900,-999.900,-999.900,-999.900,-999.900,-999.900,-999.900,-999.900,-999.900,-999.900,-999.900,-999.900,-999.900,-999.900,
-999.900,-999.900,-999.900,-999.900,-999.900,-999.900,-999.900,-999.900,-999.900,-999.900,-999.900,-999.900,-999.900,-999.900,-999.900,-999.900,-999.900,-999.900,-999.900,-999.900,-999.900,-999.900,-999.900,-999.900,-999.900,-999.900,-999.900,   2.227,   1.773,   1.740,   2.086,-999.900,   2.039,   2.150,   2.197,   2.167,   2.303,   2.241,   2.287,   1.817,   2.091,   1.700,   1.983,   2.017,   2.039,   1.826,   1.775,   1.781,   1.119,   1.097,   1.099,   1.040,   1.054,   1.085,   1.080,   1.156,   1.212,-999.900,   0.796,   0.731,   0.674,   0.102,   0.138,  -0.247,  -0.194,  -0.165,  -0.229,  -0.148,  -0.094,  -0.232,  -0.226,  -0.299,  -0.361,  -0.445,  -0.530,  -0.457,  -0.468,  -0.432,  -0.446,  -0.393,  -0.344,  -0.227,  -0.280,   0.320,   0.304,   0.361,   0.563,   0.709,   0.728,   0.743,   0.690,   0.657,   0.491,   0.264,   0.529,   0.105,   0.072,  -0.015,  -0.099,   0.015,  -0.200,  -0.158,  -0.210,  -0.361,  -0.383,  -0.298,  -0.368,  -0.344,  -0.339,  -0.410,  -0.374,  -0.124,  -0.087,  -0.413,  -0.340,  -0.300,  -0.188,   0.054,   0.092,   0.819,-999.900,-999.900,-999.900,-999.900,-999.900,-999.900,-999.900,-999.900,-999.900,-999.900,-999.900,-999.900,-999.900,-999.900,-999.900,-999.900,-999.900,-999.900,-999.900,-999.900,-999.900,-999.900,-999.900,-999.900,-999.900,-999.900,-999.900,-999.900,-999.900,-999.900,-999.900,-999.900,-999.900,-999.900,-999.900,-999.900,-999.900,-999.900,-999.900,-999.900,-999.900,-999.900,-999.900,-999.900,-999.900,-999.900,-999.900,-999.900,-999.900,-999.900,-999.900,-999.900,-999.900,-999.900,-999.900,-999.900,-999.900,-999.900,-999.900,-999.900,
-999.900,-999.900,-999.900,-999.900,-999.900,-999.900,-999.900,-999.900,-999.900,-999.900,-999.900,-999.900,-999.900,-999.900,-999.900,-999.900,-999.900,-999.900,-999.900,-999.900,-999.900,-999.900,-999.900,-999.900,-999.900,-999.900,-999.900,-999.900,-999.900,-999.900,-999.900,   2.158,   2.154,   2.177,   2.174,   2.242,   2.462,   2.407,   2.424,   2.333,   2.181,   2.088,   2.068,   2.056,   1.955,   1.916,   1.851,   1.906,   1.194,   1.161,   1.108,   1.091,   1.158,   0.857,   0.926,   0.880,   0.850,   0.749,  -0.297,  -0.383,  -0.303,   0.084,  -0.291,  -0.218,  -0.190,  -0.206,  -0.241,  -0.176,  -0.235,  -0.328,  -0.261,  -0.298,  -0.388,  -0.370,  -0.541,  -0.646,  -0.536,  -0.071,  -0.019,  -0.381,  -0.292,  -0.175,  -0.121,  -0.008,   0.033,   0.452,   0.594,   0.736,   0.815,   1.582,   0.505,   0.832,   0.375,   0.332,   0.166,   0.100,   0.220,   0.073,   0.055,   0.046,  -0.064,  -0.116,  -0.124,  -0.273,  -0.259,  -0.146,  -0.133,  -0.047,  -0.185,  -0.208,  -0.258,  -0.328,  -0.002,  -0.092,   0.026,   0.087,   0.339,   0.913,-999.900,-999.900,-999.900,-999.900,-999.900,-999.900,-999.900,-999.900,-999.900,-999.900,-999.900,-999.900,-999.900,-999.900,-999.900,-999.900,-999.900,-999.900,-999.900,-999.900,-999.900,-999.900,-999.900,-999.900,-999.900,-999.900,-999.900,-999.900,-999.900,-999.900,-999.900,-999.900,-999.900,-999.900,-999.900,-999.900,-999.900,-999.900,-999.900,   1.467,-999.900,-999.900,-999.900,-999.900,-999.900,-999.900,-999.900,-999.900,-999.900,-999.900,-999.900,-999.900,-999.900,-999.900,-999.900,-999.900,-999.900,-999.900,-999.900,-999.900,-999.900,-999.900,
-999.900,-999.900,-999.900,-999.900,-999.900,-999.900,-999.900,-999.900,-999.900,-999.900,-999.900,-999.900,-999.900,-999.900,-999.900,-999.900,-999.900,-999.900,-999.900,-999.900,-999.900,-999.900,-999.900,-999.900,-999.900,-999.900,-999.900,-999.900,-999.900,-999.900,-999.900,-999.900,-999.900,-999.900,-999.900,   2.345,   2.237,   2.213,   2.042,   1.876,   1.562,   1.487,   1.405,   1.279,   1.729,   1.671,   1.336,   1.373,   1.285,   1.393,   0.898,   0.972,   0.913,   0.915,   0.891,   0.904,   0.930,   0.102,  -0.314,  -0.303,  -0.301,  -0.330,  -0.370,  -0.334,  -0.250,  -0.299,  -0.387,  -0.444,  -0.356,  -0.359,  -0.301,  -0.282,  -0.252,  -0.428,  -0.568,  -0.529,   0.071,  -0.371,  -0.461,  -0.418,  -0.339,  -0.172,   0.034,   0.037,   0.181,   0.241,   0.169,   0.188,   0.360,   1.672,   0.506,   0.414,   0.543,   0.305,   0.324,   0.132,   0.172,   0.123,   0.005,   0.019,  -0.034,  -0.108,  -0.277,  -0.311,  -0.261,  -0.329,  -0.114,  -0.067,  -0.051,  -0.105,  -0.083,   0.247,   0.176,   0.052,   0.114,   0.451,-999.900,-999.900,-999.900,-999.900,-999.900,-999.900,-999.900,-999.900,-999.900,-999.900,-999.900,-999.900,-999.900,-999.900,-999.900,-999.900,-999.900,-999.900,-999.900,-999.900,-999.900,-999.900,-999.900,-999.900,-999.900,-999.900,-999.900,-999.900,-999.900,-999.900,-999.900,-999.900,-999.900,-999.900,-999.900,-999.900,-999.900,-999.900,-999.900,-999.900,   1.131,   1.211,   1.146,-999.900,   1.535,   1.733,-999.900,-999.900,-999.900,-999.900,-999.900,-999.900,-999.900,-999.900,-999.900,-999.900,-999.900,-999.900,-999.900,-999.900,-999.900,-999.900,-999.900,-999.900,
-999.900,-999.900,-999.900,-999.900,-999.900,-999.900,-999.900,-999.900,-999.900,-999.900,-999.900,-999.900,-999.900,-999.900,-999.900,-999.900,-999.900,-999.900,-999.900,-999.900,-999.900,-999.900,-999.900,-999.900,-999.900,-999.900,-999.900,-999.900,-999.900,-999.900,-999.900,-999.900,-999.900,-999.900,-999.900,-999.900,-999.900,   2.319,   2.189,   2.082,   1.602,   1.594,   1.439,   1.227,   1.703,   1.696,   1.416,   1.471,   1.397,   1.511,   1.291,   1.005,   1.011,   0.330,   0.953,   1.037,   0.882,   0.108,  -0.322,  -0.405,  -0.351,  -0.403,  -0.341,   1.090,   1.190,  -0.246,  -0.293,  -0.359,   0.719,  -0.232,  -0.174,  -0.071,  -0.193,  -0.379,  -0.456,  -0.436,  -0.363,  -0.424,  -0.341,  -0.251,  -0.173,  -0.158,   0.027,   0.135,   0.196,   0.164,   0.190,   0.243,   0.355,   0.547,   0.558,   0.560,   0.515,   0.424,   0.329,   0.258,   0.367,   0.215,   0.049,   0.148,  -0.137,  -0.066,  -0.093,  -0.140,  -0.262,  -0.152,  -0.095,  -0.002,  -0.107,  -0.113,   0.072,   0.397,   0.263,   0.243,   0.476,   1.273,-999.900,-999.900,-999.900,-999.900,-999.900,-999.900,-999.900,-999.900,-999.900,-999.900,-999.900,-999.900,-999.900,-999.900,-999.900,-999.900,-999.900,-999.900,-999.900,-999.900,-999.900,-999.900,-999.900,-999.900,-999.900,-999.900,-999.900,-999.900,-999.900,-999.900,-999.900,-999.900,-999.900,-999.900,-999.900,-999.900,-999.900,-999.900,-999.900,-999.900,   1.096,   0.088,   0.164,   1.476,   1.536,-999.900,-999.900,-999.900,-999.900,-999.900,-999.900,-999.900,-999.900,-999.900,-999.900,-999.900,-999.900,-999.900,-999.900,-999.900,-999.900,-999.900,-999.900,-999.900,
-999.900,-999.900,-999.900,-999.900,-999.900,-999.900,-999.900,-999.900,-999.900,-999.900,-999.900,-999.900,-999.900,-999.900,-999.900,-999.900,-999.900,-999.900,-999.900,-999.900,-999.900,-999.900,-999.900,-999.900,-999.900,-999.900,-999.900,-999.900,-999.900,-999.900,-999.900,-999.900,-999.900,-999.900,-999.900,-999.900,-999.900,-999.900,   2.166,   2.194,   1.732,   1.600,   1.964,   1.604,   1.803,   1.905,   1.460,   1.472,   1.429,   1.362,   1.309,   0.439,   0.319,   0.884,   0.324,   1.051,   0.921,  -0.019,   0.047,-999.900,   0.501,  -0.497,  -0.301,  -0.488,  -0.426,  -0.384,  -0.314,  -0.384,  -0.449,  -0.325,  -0.287,  -0.076,  -0.164,  -0.264,  -0.208,  -0.283,  -0.286,  -0.301,  -0.184,  -0.020,   0.352,   0.286,   0.171,   0.182,   0.242,   0.319,   0.348,   0.341,   0.341,   0.466,   0.584,   0.578,   0.432,   0.497,   0.553,   0.387,   0.308,   0.396,   0.172,   0.044,  -0.110,  -0.211,  -0.197,  -0.161,  -0.056,  -0.064,  -0.099,  -0.004,   0.087,   0.122,   0.473,   0.577,   0.699,   1.228,-999.900,-999.900,-999.900,-999.900,-999.900,-999.900,-999.900,-999.900,-999.900,-999.900,-999.900,-999.900,-999.900,-999.900,-999.900,-999.900,-999.900,-999.900,-999.900,-999.900,-999.900,-999.900,-999.900,-999.900,-999.900,-999.900,-999.900,-999.900,-999.900,-999.900,-999.900,-999.900,-999.900,-999.900,-999.900,-999.900,-999.900,-999.900,-999.900,-999.900,-999.900,-999.900,   0.131,   0.211,   2.036,   2.176,   0.392,-999.900,-999.900,-999.900,-999.900,-999.900,-999.900,-999.900,-999.900,-999.900,-999.900,-999.900,-999.900,-999.900,-999.900,-999.900,-999.900,-999.900,-999.900,-999.900,
-999.900,-999.900,-999.900,-999.900,-999.900,-999.900,-999.900,-999.900,-999.900,-999.900,-999.900,-999.900,-999.900,-999.900,-999.900,-999.900,-999.900,   2.070,   2.554,-999.900,-999.900,-999.900,-999.900,-999.900,-999.900,-999.900,-999.900,-999.900,   2.602,-999.900,-999.900,-999.900,-999.900,-999.900,-999.900,   1.549,   2.195,   2.274,   2.191,   2.197,   1.731,   1.687,   2.061,   2.062,   2.003,   2.032,   1.607,   1.602,   1.499,   1.438,   1.070,   1.071,   0.283,   0.982,   0.393,   1.079,   0.304,  -0.023,-999.900,-999.900,   0.935,  -0.460,  -0.261,  -0.477,  -0.348,  -0.360,  -0.265,  -0.234,  -0.294,  -0.243,  -0.203,   0.046,   0.026,  -0.024,  -0.017,  -0.133,  -0.173,  -0.136,  -0.136,  -0.035,   0.440,   0.386,   0.199,   0.184,   0.266,   0.217,   0.307,   0.330,   0.439,   0.937,   0.989,   1.011,   0.674,   0.797,   0.930,   0.830,   0.694,   0.570,   0.609,   0.290,   0.394,   0.170,   0.001,   0.031,   0.290,   0.308,   0.300,   0.330,   0.695,   0.844,   0.931,   1.493,-999.900,-999.900,-999.900,-999.900,-999.900,-999.900,-999.900,-999.900,-999.900,-999.900,-999.900,-999.900,-999.900,-999.900,-999.900,-999.900,-999.900,-999.900,-999.900,-999.900,-999.900,-999.900,-999.900,-999.900,-999.900,-999.900,-999.900,-999.900,-999.900,-999.900,-999.900,-999.900,-999.900,-999.900,-999.900,-999.900,-999.900,-999.900,-999.900,-999.900,-999.900,-999.900,-999.900,-999.900,-999.900,   1.814,   2.290,   2.198,   1.683,-999.900,-999.900,-999.900,-999.900,-999.900,-999.900,-999.900,-999.900,-999.900,-999.900,-999.900,-999.900,-999.900,-999.900,-999.900,-999.900,-999.900,-999.900,-999.900,
-999.900,-999.900,-999.900,-999.900,-999.900,-999.900,-999.900,-999.900,-999.900,-999.900,-999.900,-999.900,-999.900,-999.900,-999.900,-999.900,-999.900,-999.900,   2.180,-999.900,-999.900,-999.900,-999.900,-999.900,-999.900,-999.900,-999.900,   1.332,   1.256,   1.097,   1.169,   1.566,   1.690,   1.549,   1.661,   1.449,   1.302,   1.260,   1.781,   2.112,   2.196,   2.235,   2.166,   2.184,   1.807,   1.806,   1.744,   1.744,   1.694,   1.645,   1.160,   1.169,   0.364,   0.402,   0.472,   0.963,   0.885,   0.139,-999.900,-999.900,  -0.373,  -0.110,  -0.229,  -0.339,  -0.217,  -0.184,  -0.166,  -0.178,  -0.084,   0.042,   0.227,   0.186,   0.122,   0.113,   0.142,   0.035,  -0.130,  -0.008,   0.082,   0.087,   0.166,   0.221,   0.627,   0.152,   0.075,   0.234,   0.152,   0.201,   0.717,   0.397,   0.927,   1.093,   1.044,   1.407,   1.593,   1.957,   1.884,   1.917,   1.848,   1.801,   1.397,   1.189,   0.402,   0.359,   0.548,   0.632,   0.434,   0.978,   2.559,   2.794,-999.900,-999.900,-999.900,-999.900,-999.900,-999.900,-999.900,-999.900,-999.900,-999.900,-999.900,-999.900,-999.900,-999.900,-999.900,-999.900,-999.900,-999.900,-999.900,-999.900,-999.900,-999.900,-999.900,-999.900,-999.900,-999.900,-999.900,-999.900,-999.900,-999.900,-999.900,-999.900,-999.900,-999.900,-999.900,-999.900,-999.900,-999.900,-999.900,-999.900,-999.900,-999.900,-999.900,-999.900,-999.900,-999.900,-999.900,   2.075,   2.013,-999.900,-999.900,-999.900,-999.900,-999.900,-999.900,-999.900,-999.900,-999.900,-999.900,-999.900,-999.900,-999.900,-999.900,-999.900,-999.900,-999.900,-999.900,-999.900,-999.900,-999.900,
-999.900,-999.900,-999.900,-999.900,-999.900,-999.900,-999.900,-999.900,-999.900,-999.900,-999.900,-999.900,-999.900,-999.900,-999.900,-999.900,-999.900,-999.900,   1.982,   2.097,-999.900,-999.900,-999.900,-999.900,-999.900,-999.900,-999.900,-999.900,   2.559,   1.304,   1.163,   0.541,   0.419,   0.291,   0.629,   0.695,   0.567,   1.140,   1.719,   1.809,   1.943,   1.949,   2.339,   2.389,   1.968,   1.971,   1.952,   1.967,   1.818,   1.733,   1.228,   1.220,   1.126,   1.066,   1.041,   0.900,   0.791,-999.900,-999.900,-999.900,   0.128,   1.100,  -0.308,  -0.224,  -0.185,  -0.167,  -0.089,   0.042,   0.145,   0.113,   0.225,   0.097,   0.201,   0.167,   0.584,   0.090,   0.029,   0.011,   0.049,   0.193,   0.170,   0.518,   0.533,   0.481,   0.610,   1.186,   1.287,   1.312,   1.246,   1.383,   1.389,   0.933,   0.957,   1.742,   2.500,   1.310,   1.578,   2.050,   1.957,   1.931,   1.600,   1.590,   1.220,   0.884,   0.940,   1.186,   2.555,   2.614,   3.207,   2.049,   1.610,   2.269,   2.928,   2.734,-999.900,-999.900,-999.900,-999.900,-999.900,-999.900,-999.900,-999.900,-999.900,-999.900,-999.900,-999.900,-999.900,-999.900,-999.900,-999.900,-999.900,-999.900,-999.900,-999.900,-999.900,-999.900,-999.900,-999.900,-999.900,-999.900,-999.900,-999.900,-999.900,-999.900,-999.900,-999.900,-999.900,-999.900,-999.900,-999.900,-999.900,-999.900,-999.900,-999.900,-999.900,-999.900,-999.900,-999.900,   2.184,-999.900,-999.900,-999.900,-999.900,-999.900,-999.900,-999.900,-999.900,-999.900,-999.900,-999.900,-999.900,-999.900,-999.900,-999.900,-999.900,-999.900,-999.900,-999.900,-999.900,-999.900,
-999.900,-999.900,-999.900,-999.900,-999.900,-999.900,-999.900,-999.900,-999.900,-999.900,-999.900,-999.900,-999.900,-999.900,-999.900,-999.900,-999.900,-999.900,-999.900,-999.900,-999.900,-999.900,-999.900,-999.900,-999.900,-999.900,-999.900,-999.900,-999.900,   1.580,   1.349,   0.961,   0.384,   0.245,   0.488,   0.088,   0.034,   0.000,   0.043,   1.320,   0.479,   0.938,   2.076,   2.123,   2.468,   2.545,   2.592,   2.606,   2.018,   1.845,   1.733,   1.703,   1.330,   1.195,-999.900,-999.900,-999.900,-999.900,   1.342,   1.295,   1.162,  -0.155,  -0.170,  -0.105,  -0.055,  -0.037,   0.109,   0.424,   0.478,   0.110,   0.169,   0.154,   0.126,   0.195,  -0.015,   0.016,   0.120,   0.221,   0.618,   0.621,   1.297,   1.362,   1.404,   1.415,   1.441,   1.791,   1.428,   1.721,   1.844,   2.081,   2.716,   2.512,   2.665,   2.610,   1.946,   1.887,   2.711,   1.865,   1.694,   1.552,   1.607,   1.669,   0.828,   0.886,   1.144,   1.200,   1.579,   1.333,   0.886,   0.380,   1.250,   2.462,   3.074,   2.984,-999.900,-999.900,-999.900,   2.797,   2.935,   2.984,   2.255,-999.900,-999.900,-999.900,-999.900,-999.900,-999.900,-999.900,-999.900,-999.900,-999.900,-999.900,-999.900,-999.900,-999.900,-999.900,-999.900,-999.900,-999.900,-999.900,-999.900,-999.900,-999.900,-999.900,-999.900,-999.900,-999.900,-999.900,-999.900,-999.900,-999.900,-999.900,-999.900,-999.900,-999.900,-999.900,-999.900,-999.900,-999.900,-999.900,-999.900,-999.900,-999.900,-999.900,-999.900,-999.900,-999.900,-999.900,-999.900,-999.900,-999.900,-999.900,-999.900,-999.900,-999.900,-999.900,-999.900,-999.900,-999.900,-999.900,
-999.900,-999.900,-999.900,-999.900,-999.900,-999.900,-999.900,-999.900,-999.900,-999.900,-999.900,-999.900,-999.900,-999.900,-999.900,-999.900,-999.900,-999.900,-999.900,   2.152,   3.122,-999.900,-999.900,-999.900,-999.900,-999.900,-999.900,-999.900,-999.900,   1.657,   1.376,   1.214,   1.036,   0.793,   0.671,   1.067,   0.940,   0.857,  -0.143,  -0.122,  -0.037,   0.231,   1.334,   2.124,   2.594,   2.759,   2.919,   2.882,   2.292,   2.090,   1.914,   1.796,   1.297,   1.545,-999.900,-999.900,-999.900,-999.900,   1.214,   0.998,   0.931,  -0.089,   0.002,   0.116,   0.066,   1.080,   1.189,   1.154,   1.033,   0.076,   0.269,   0.298,   0.301,   0.221,   0.198,   0.095,   0.731,   0.796,   0.762,   1.247,   1.366,   1.781,   1.853,   1.843,   1.507,   0.830,   0.865,   0.916,   1.971,   2.135,   2.854,   2.938,   2.673,   2.723,   2.484,   2.198,   2.374,   2.378,   2.306,   2.320,   2.383,   2.550,   1.488,   1.498,   1.345,   1.112,   1.320,   1.257,   1.293,   0.724,   0.877,   1.599,   2.902,   2.705,   2.409,   2.386,   2.995,   2.996,   3.003,   2.967,   2.216,   2.276,-999.900,-999.900,   2.842,   3.007,-999.900,-999.900,-999.900,-999.900,-999.900,-999.900,-999.900,-999.900,-999.900,-999.900,-999.900,-999.900,-999.900,-999.900,-999.900,-999.900,-999.900,-999.900,-999.900,-999.900,-999.900,-999.900,-999.900,-999.900,-999.900,-999.900,-999.900,-999.900,-999.900,-999.900,-999.900,-999.900,-999.900,-999.900,-999.900,-999.900,-999.900,-999.900,-999.900,-999.900,-999.900,-999.900,-999.900,-999.900,-999.900,-999.900,-999.900,-999.900,-999.900,-999.900,-999.900,-999.900,-999.900,-999.900,
-999.900,-999.900,-999.900,-999.900,-999.900,-999.900,-999.900,-999.900,-999.900,-999.900,-999.900,-999.900,-999.900,-999.900,-999.900,-999.900,-999.900,-999.900,-999.900,-999.900,   2.266,   2.305,   2.379,-999.900,   2.695,   1.960,   1.912,   1.928,   2.286,   2.277,   1.562,   1.410,   1.784,   1.462,   1.448,   0.661,   0.066,  -0.165,  -0.204,  -0.245,   0.130,  -0.128,   0.607,   0.959,   2.383,   2.627,   2.665,   3.074,   3.028,   2.744,   2.160,   1.999,   1.979,-999.900,-999.900,-999.900,   1.259,   0.129,   0.149,   1.048,   1.075,   0.157,   0.527,   1.504,   0.528,   0.522,   1.618,   1.169,   0.157,   0.204,   0.403,   0.460,   0.699,   1.109,   0.790,   0.698,   0.821,   1.521,   0.742,   1.782,   1.938,   1.861,   1.426,   1.570,   0.843,   0.846,   0.714,   0.787,   1.594,   1.664,   2.094,   2.547,   2.598,   2.709,   3.294,   2.429,   2.498,   2.583,   2.548,   2.492,   3.502,   2.561,   2.472,   3.363,   1.672,   1.495,   0.962,   0.890,   0.755,   0.592,   1.156,   1.518,   3.050,   2.891,   2.442,   2.343,   2.329,   2.240,   3.035,   3.037,   3.006,   3.015,-999.900,-999.900,   2.918,   3.091,-999.900,-999.900,-999.900,-999.900,-999.900,-999.900,-999.900,-999.900,-999.900,-999.900,-999.900,-999.900,-999.900,-999.900,-999.900,-999.900,-999.900,-999.900,-999.900,-999.900,-999.900,-999.900,-999.900,-999.900,-999.900,-999.900,-999.900,-999.900,-999.900,-999.900,-999.900,-999.900,-999.900,-999.900,-999.900,-999.900,-999.900,-999.900,-999.900,-999.900,-999.900,-999.900,-999.900,-999.900,-999.900,-999.900,-999.900,-999.900,-999.900,-999.900,-999.900,-999.900,-999.900,-999.900,
-999.900,-999.900,-999.900,-999.900,-999.900,-999.900,-999.900,-999.900,-999.900,-999.900,-999.900,-999.900,-999.900,-999.900,-999.900,-999.900,-999.900,-999.900,   1.782,   1.608,   1.390,   1.432,   1.702,   2.043,   2.461,   2.450,   2.766,   1.779,   2.520,   1.513,   1.225,   1.180,   1.203,   1.026,   0.853,   0.507,  -0.158,  -0.194,  -0.227,  -0.264,  -0.166,  -0.123,   0.019,   0.266,   1.220,   1.729,   2.898,   2.874,   2.668,   3.047,   2.404,-999.900,-999.900,   2.030,   0.932,   1.484,   0.338,   1.436,   1.739,   1.271,   1.455,   1.470,   1.715,   0.630,   0.256,   0.623,   0.949,   0.756,   0.740,   0.754,   0.810,   0.803,   1.884,-999.900,   1.430,   1.411,   1.579,   1.450,   1.845,   1.853,   1.934,   2.003,   1.548,   0.968,   0.836,   0.787,   0.864,   0.980,   1.100,   1.735,   2.135,   2.646,   2.686,   2.807,   3.400,   3.522,   2.654,   3.340,   3.370,   3.644,   3.231,   3.253,   3.632,   2.541,   1.766,   1.477,   1.446,   1.309,   0.767,   0.676,   1.115,   1.730,   3.121,   2.974,   2.415,   2.329,   2.363,   2.280,   3.156,   3.102,   3.007,   3.050,   2.586,   2.516,   2.940,   3.108,-999.900,-999.900,-999.900,-999.900,-999.900,-999.900,-999.900,-999.900,-999.900,-999.900,-999.900,-999.900,-999.900,-999.900,-999.900,-999.900,-999.900,-999.900,-999.900,-999.900,-999.900,-999.900,-999.900,-999.900,-999.900,-999.900,-999.900,-999.900,-999.900,-999.900,-999.900,-999.900,-999.900,-999.900,-999.900,-999.900,-999.900,-999.900,-999.900,-999.900,-999.900,-999.900,-999.900,-999.900,-999.900,-999.900,-999.900,-999.900,-999.900,-999.900,-999.900,-999.900,-999.900,-999.900,
-999.900,-999.900,-999.900,-999.900,-999.900,-999.900,-999.900,-999.900,-999.900,-999.900,-999.900,-999.900,-999.900,-999.900,-999.900,   1.758,   0.476,   0.136,   0.119,   0.097,   0.991,   1.246,   1.844,   1.852,   2.313,   2.449,   2.568,   2.585,   3.009,   2.774,   2.474,   1.128,   0.812,   0.765,   0.195,  -0.043,   0.369,  -0.162,  -0.247,  -0.297,  -0.341,  -0.170,  -0.060,   0.331,   0.901,   1.407,   1.670,   1.718,   2.320,-999.900,-999.900,-999.900,   1.274,   2.058,   2.757,   2.660,   1.984,   1.542,   0.631,   1.576,   1.611,   0.495,   0.439,   0.754,   1.310,   1.403,   0.928,   0.965,   1.563,   1.598,   2.242,   2.313,   2.293,   2.630,   1.867,   1.891,   1.843,   1.812,   1.867,   1.928,   2.028,   2.015,   1.135,   0.959,   0.896,   0.865,   0.986,   1.062,   1.101,   1.758,   2.193,   2.393,   2.592,   2.715,   3.043,   3.288,   3.842,   2.901,   3.820,   3.329,   2.741,   2.754,   2.446,   1.683,   1.820,   1.865,   1.816,   1.568,   1.410,   1.283,   1.651,   2.398,   3.148,   3.089,   2.790,   2.675,   2.343,   2.547,   3.314,   3.189,-999.900,-999.900,-999.900,-999.900,   3.080,   3.199,-999.900,-999.900,-999.900,-999.900,-999.900,-999.900,-999.900,-999.900,-999.900,-999.900,-999.900,-999.900,-999.900,-999.900,-999.900,-999.900,-999.900,-999.900,-999.900,-999.900,-999.900,-999.900,-999.900,-999.900,-999.900,-999.900,-999.900,-999.900,-999.900,-999.900,-999.900,-999.900,-999.900,-999.900,-999.900,-999.900,-999.900,-999.900,-999.900,-999.900,-999.900,-999.900,-999.900,-999.900,-999.900,-999.900,-999.900,-999.900,-999.900,-999.900,-999.900,-999.900,-999.900,-999.900,
-999.900,-999.900,-999.900,-999.900,-999.900,-999.900,-999.900,-999.900,   2.363,   2.001,-999.900,   1.531,   1.705,   0.830,   0.742,   1.452,   1.104,   0.334,  -0.107,  -0.151,   1.428,   1.948,   1.827,   1.889,   1.796,   2.066,   2.348,   1.842,   1.796,   2.764,   2.469,   1.241,   1.043,   0.817,   0.386,   0.496,  -0.146,  -0.161,  -0.176,  -0.186,  -0.318,  -0.244,   0.183,   0.512,   0.767,   1.342,   1.479,   1.544,   1.681,   1.444,   1.109,   1.423,   2.355,   2.323,   2.916,   2.810,   0.723,   0.653,   0.731,   0.650,   0.717,   0.647,   0.869,   1.420,   0.951,   0.943,   0.948,   1.565,   1.652,-999.900,-999.900,-999.900,   2.687,   2.512,   1.818,   1.830,   1.894,   1.890,-999.900,   2.124,   2.002,   1.543,   1.027,   1.101,   1.005,   0.997,   1.139,   1.746,   1.870,   2.297,   2.396,   2.525,   2.601,   2.822,   3.224,   3.423,   4.000,-999.900,-999.900,   3.437,   2.797,   2.751,   2.501,   1.823,   1.965,   2.188,   1.944,   1.004,   0.926,   1.705,   2.430,   2.412,   3.230,   3.159,   2.444,   2.688,   2.695,   2.725,   3.431,   3.343,-999.900,-999.900,-999.900,-999.900,   3.208,   3.294,-999.900,-999.900,-999.900,-999.900,-999.900,-999.900,-999.900,-999.900,-999.900,-999.900,-999.900,-999.900,-999.900,-999.900,-999.900,-999.900,-999.900,-999.900,-999.900,-999.900,-999.900,-999.900,-999.900,-999.900,-999.900,-999.900,-999.900,-999.900,-999.900,-999.900,-999.900,-999.900,-999.900,-999.900,-999.900,-999.900,-999.900,-999.900,-999.900,-999.900,-999.900,-999.900,-999.900,-999.900,-999.900,-999.900,-999.900,-999.900,-999.900,-999.900,-999.900,-999.900,-999.900,-999.900,
-999.900,-999.900,-999.900,-999.900,-999.900,-999.900,-999.900,-999.900,   2.230,   1.765,   1.099,   1.036,   0.986,   1.373,   0.643,   0.226,   0.502,   0.191,   0.033,  -0.015,  -0.142,   0.032,   0.981,   1.628,   2.332,-999.900,   2.656,   2.492,   2.668,   2.444,   2.155,   0.877,   0.504,   0.092,   0.111,   0.004,   0.219,  -0.199,  -0.129,  -0.311,  -0.378,   0.089,   0.471,   1.137,   0.928,   1.326,   2.042,   2.164,   1.825,   1.783,   2.651,   2.570,   3.232,   2.724,   2.635,   1.541,   0.858,   0.794,   0.720,   0.682,   0.901,   0.832,   0.890,   0.906,   0.781,   0.905,   1.535,   1.577,-999.900,-999.900,-999.900,-999.900,-999.900,   2.774,   2.285,   2.310,   2.703,   2.777,   2.942,   2.844,   1.691,   1.643,   1.679,   1.539,   1.026,   1.686,   1.846,   2.299,   2.425,   2.464,-999.900,   2.896,-999.900,   2.816,   3.743,   3.966,-999.900,   3.718,-999.900,   3.632,   3.119,   2.875,   2.625,   2.741,   2.205,   2.064,   1.828,   1.762,   2.255,   1.038,   1.591,   2.470,   2.314,   2.539,   3.129,   3.186,   2.839,   2.699,   2.677,   2.516,-999.900,-999.900,-999.900,-999.900,   2.661,   2.684,   2.441,-999.900,-999.900,-999.900,-999.900,-999.900,-999.900,-999.900,-999.900,-999.900,-999.900,-999.900,-999.900,-999.900,-999.900,-999.900,-999.900,-999.900,-999.900,-999.900,-999.900,-999.900,-999.900,-999.900,-999.900,-999.900,-999.900,-999.900,-999.900,-999.900,-999.900,-999.900,-999.900,-999.900,-999.900,-999.900,-999.900,-999.900,-999.900,-999.900,-999.900,-999.900,-999.900,-999.900,-999.900,-999.900,-999.900,-999.900,-999.900,-999.900,-999.900,-999.900,-999.900,-999.900,
-999.900,-999.900,-999.900,-999.900,-999.900,-999.900,-999.900,-999.900,-999.900,   1.824,   1.764,   1.087,   1.050,   0.518,   0.448,  -0.076,   0.187,   0.089,  -0.438,  -0.479,-999.900,-999.900,-999.900,-999.900,-999.900,-999.900,-999.900,-999.900,-999.900,-999.900,   2.089,   1.700,   0.418,   0.008,   0.185,   0.075,  -0.138,  -0.221,-999.900,  -0.192,  -0.102,   0.179,   0.755,   1.176,   1.362,   1.199,   1.256,   1.289,   1.412,   2.670,   2.624,   2.579,   3.200,   3.107,   2.961,   2.372,   1.162,   1.261,   1.092,   0.616,   0.844,   1.066,   0.367,   0.332,   0.746,   1.535,   2.081,   1.648,-999.900,-999.900,-999.900,-999.900,-999.900,-999.900,-999.900,-999.900,-999.900,-999.900,-999.900,-999.900,-999.900,-999.900,   1.726,   1.663,   1.842,   1.953,   2.398,   2.437,-999.900,-999.900,-999.900,-999.900,-999.900,   2.894,   3.858,-999.900,-999.900,-999.900,-999.900,-999.900,   3.602,   3.190,   2.866,   2.872,   2.756,   2.795,   2.089,   1.847,   1.136,   2.292,   2.396,   2.885,   2.966,   3.097,   3.318,   3.345,   2.904,   2.857,   2.786,   2.705,-999.900,-999.900,-999.900,-999.900,   2.686,   2.868,   2.716,   2.747,-999.900,-999.900,-999.900,-999.900,-999.900,-999.900,-999.900,-999.900,-999.900,-999.900,-999.900,-999.900,-999.900,-999.900,-999.900,-999.900,-999.900,-999.900,-999.900,-999.900,-999.900,-999.900,-999.900,-999.900,-999.900,-999.900,-999.900,-999.900,-999.900,-999.900,-999.900,-999.900,-999.900,-999.900,-999.900,-999.900,-999.900,-999.900,-999.900,-999.900,-999.900,-999.900,-999.900,-999.900,-999.900,-999.900,-999.900,-999.900,-999.900,-999.900,-999.900,-999.900,
-999.900,-999.900,-999.900,-999.900,-999.900,-999.900,-999.900,-999.900,-999.900,-999.900,-999.900,-999.900,   1.039,  -0.079,   0.363,  -0.281,-999.900,-999.900,-999.900,-999.900,-999.900,-999.900,-999.900,-999.900,-999.900,-999.900,-999.900,-999.900,-999.900,-999.900,   2.566,-999.900,   2.218,   2.044,  -0.071,-999.900,  -0.160,-999.900,-999.900,-999.900,   0.963,   1.220,   1.342,   1.734,   1.788,   2.011,   2.011,   0.940,   1.082,   2.437,   2.428,   2.455,   2.345,   2.294,   2.237,   2.165,   1.616,   0.623,   0.599,   0.858,   0.474,   0.384,   0.524,   0.582,   1.526,   1.977,   1.886,-999.900,-999.900,-999.900,-999.900,-999.900,-999.900,-999.900,-999.900,-999.900,-999.900,-999.900,-999.900,-999.900,-999.900,-999.900,-999.900,   2.323,   2.014,   2.466,   3.306,-999.900,-999.900,-999.900,-999.900,-999.900,-999.900,   3.163,-999.900,-999.900,-999.900,-999.900,-999.900,-999.900,   3.761,   3.722,   3.141,   3.105,   3.026,   2.971,   3.134,   3.065,   3.411,   3.526,   4.240,   4.152,   3.994,   3.956,   3.567,   3.363,   2.867,   2.825,   2.795,   2.875,-999.900,-999.900,-999.900,-999.900,   2.792,   2.983,   3.423,   3.345,-999.900,-999.900,-999.900,-999.900,-999.900,-999.900,-999.900,-999.900,-999.900,-999.900,-999.900,-999.900,-999.900,-999.900,-999.900,-999.900,-999.900,-999.900,-999.900,-999.900,-999.900,-999.900,-999.900,-999.900,-999.900,-999.900,-999.900,-999.900,-999.900,-999.900,-999.900,-999.900,-999.900,-999.900,-999.900,-999.900,-999.900,-999.900,-999.900,-999.900,-999.900,-999.900,-999.900,-999.900,-999.900,-999.900,-999.900,-999.900,-999.900,-999.900,-999.900,-999.900,
-999.900,-999.900,-999.900,-999.900,-999.900,-999.900,-999.900,-999.900,-999.900,-999.900,-999.900,-999.900,-999.900,   1.072,   0.840,-999.900,-999.900,-999.900,-999.900,-999.900,-999.900,-999.900,-999.900,-999.900,-999.900,-999.900,-999.900,-999.900,-999.900,   1.723,-999.900,-999.900,   2.135,-999.900,   1.380,   1.263,  -0.072,  -0.139,  -0.120,  -0.072,   1.132,   1.352,   1.328,   1.543,   1.701,   1.777,   1.798,   2.135,   2.217,   2.299,   2.462,-999.900,-999.900,   2.250,   2.167,   1.581,   0.983,   1.094,   0.993,   0.906,   0.888,   0.844,   1.346,   1.624,   2.120,   1.948,-999.900,-999.900,-999.900,-999.900,-999.900,-999.900,-999.900,-999.900,-999.900,-999.900,-999.900,-999.900,-999.900,-999.900,-999.900,-999.900,-999.900,   2.460,   2.558,   2.601,   3.444,   3.561,-999.900,-999.900,-999.900,-999.900,-999.900,-999.900,-999.900,-999.900,-999.900,-999.900,-999.900,   3.928,-999.900,   3.860,   3.452,   3.309,   3.324,   3.306,   3.610,   3.618,   3.530,   3.737,-999.900,   4.228,   4.140,   4.145,   3.452,   3.166,   2.983,   1.766,   2.838,   3.039,-999.900,-999.900,-999.900,-999.900,   3.037,   3.008,-999.900,-999.900,-999.900,-999.900,-999.900,-999.900,-999.900,-999.900,-999.900,-999.900,-999.900,-999.900,-999.900,-999.900,-999.900,-999.900,-999.900,-999.900,-999.900,-999.900,-999.900,-999.900,-999.900,-999.900,-999.900,-999.900,-999.900,-999.900,-999.900,-999.900,-999.900,-999.900,-999.900,-999.900,-999.900,-999.900,-999.900,-999.900,-999.900,-999.900,-999.900,-999.900,-999.900,-999.900,-999.900,-999.900,-999.900,-999.900,-999.900,-999.900,-999.900,-999.900,-999.900,-999.900,
-999.900,-999.900,-999.900,-999.900,-999.900,-999.900,-999.900,-999.900,-999.900,-999.900,-999.900,-999.900,-999.900,   1.324,   0.921,-999.900,-999.900,-999.900,-999.900,-999.900,-999.900,-999.900,-999.900,-999.900,-999.900,-999.900,-999.900,-999.900,-999.900,-999.900,-999.900,-999.900,-999.900,-999.900,-999.900,-999.900,  -0.052,  -0.048,  -0.072,   1.057,   0.057,   0.204,-999.900,-999.900,-999.900,   1.859,   1.848,   1.985,   2.183,-999.900,-999.900,-999.900,   2.250,   1.754,   1.383,   0.692,   0.375,   0.861,   0.847,   0.943,   1.677,-999.900,-999.900,   2.032,-999.900,-999.900,-999.900,-999.900,-999.900,-999.900,-999.900,-999.900,-999.900,-999.900,-999.900,-999.900,-999.900,-999.900,-999.900,-999.900,-999.900,-999.900,   2.441,   2.568,   2.665,   2.814,-999.900,-999.900,-999.900,-999.900,-999.900,-999.900,-999.900,-999.900,-999.900,   3.935,   3.238,   3.375,   3.407,   3.474,-999.900,   4.388,   3.586,   3.702,   3.933,   3.874,   4.009,   3.969,   4.399,   4.436,   3.968,   3.868,   3.836,   3.669,   3.187,   2.888,   1.678,   1.686,   2.931,   3.070,-999.900,-999.900,-999.900,-999.900,-999.900,-999.900,-999.900,-999.900,-999.900,-999.900,-999.900,-999.900,-999.900,-999.900,-999.900,-999.900,-999.900,-999.900,-999.900,-999.900,-999.900,-999.900,-999.900,-999.900,-999.900,-999.900,-999.900,-999.900,-999.900,-999.900,-999.900,-999.900,-999.900,-999.900,-999.900,-999.900,-999.900,-999.900,-999.900,-999.900,-999.900,-999.900,-999.900,-999.900,-999.900,-999.900,-999.900,-999.900,-999.900,-999.900,-999.900,-999.900,-999.900,-999.900,-999.900,-999.900,-999.900,-999.900,-999.900,-999.900,
-999.900,-999.900,-999.900,-999.900,-999.900,-999.900,-999.900,-999.900,-999.900,-999.900,-999.900,-999.900,-999.900,   2.603,   1.928,   1.380,   0.978,-999.900,-999.900,-999.900,-999.900,-999.900,-999.900,-999.900,-999.900,-999.900,-999.900,-999.900,-999.900,-999.900,-999.900,-999.900,-999.900,-999.900,-999.900,   0.749,  -0.261,  -0.179,  -0.081,  -0.169,   0.048,  -0.020,   1.159,   1.312,-999.900,-999.900,-999.900,   1.997,-999.900,-999.900,-999.900,   2.080,   2.162,   1.718,   1.513,   0.806,   0.797,   1.014,   0.913,   1.698,-999.900,-999.900,-999.900,-999.900,-999.900,-999.900,-999.900,-999.900,-999.900,-999.900,-999.900,-999.900,-999.900,-999.900,-999.900,-999.900,-999.900,-999.900,-999.900,   3.389,   2.508,   2.464,   2.558,   2.714,-999.900,-999.900,-999.900,-999.900,-999.900,-999.900,-999.900,-999.900,-999.900,-999.900,-999.900,   3.997,   3.255,   3.386,   3.394,   3.484,   4.235,   4.191,   3.583,-999.900,-999.900,-999.900,   3.997,   3.991,-999.900,   4.493,-999.900,-999.900,-999.900,   3.710,   3.116,   2.925,   3.000,   2.922,-999.900,   3.151,-999.900,-999.900,-999.900,-999.900,-999.900,-999.900,-999.900,-999.900,-999.900,-999.900,-999.900,-999.900,-999.900,-999.900,-999.900,-999.900,-999.900,-999.900,-999.900,-999.900,-999.900,-999.900,-999.900,-999.900,-999.900,-999.900,-999.900,-999.900,-999.900,-999.900,-999.900,-999.900,-999.900,-999.900,-999.900,-999.900,-999.900,-999.900,-999.900,-999.900,-999.900,-999.900,-999.900,-999.900,-999.900,-999.900,-999.900,-999.900,-999.900,-999.900,-999.900,-999.900,-999.900,-999.900,-999.900,-999.900,-999.900,-999.900,-999.900,-999.900,
-999.900,-999.900,-999.900,-999.900,-999.900,-999.900,-999.900,-999.900,-999.900,-999.900,-999.900,-999.900,-999.900,-999.900,-999.900,-999.900,-999.900,   1.637,   1.095,   0.547,-999.900,-999.900,-999.900,-999.900,-999.900,-999.900,-999.900,-999.900,-999.900,-999.900,-999.900,-999.900,-999.900,-999.900,-999.900,-999.900,-999.900,-999.900,-999.900,-999.900,-999.900,-999.900,-999.900,-999.900,-999.900,-999.900,-999.900,-999.900,-999.900,-999.900,-999.900,-999.900,-999.900,-999.900,   1.969,-999.900,-999.900,-999.900,   2.329,-999.900,-999.900,-999.900,-999.900,-999.900,-999.900,-999.900,-999.900,-999.900,-999.900,-999.900,-999.900,-999.900,-999.900,-999.900,-999.900,-999.900,-999.900,-999.900,-999.900,-999.900,   2.395,   2.391,   2.648,   2.814,-999.900,-999.900,-999.900,-999.900,-999.900,-999.900,-999.900,-999.900,-999.900,-999.900,-999.900,   4.063,   3.384,   3.302,   2.971,   3.043,-999.900,-999.900,-999.900,-999.900,   4.466,-999.900,-999.900,-999.900,-999.900,-999.900,-999.900,   4.061,-999.900,-999.900,   3.284,   3.238,   3.145,   3.166,-999.900,-999.900,-999.900,-999.900,-999.900,-999.900,-999.900,-999.900,-999.900,-999.900,-999.900,-999.900,-999.900,-999.900,-999.900,-999.900,-999.900,-999.900,-999.900,-999.900,-999.900,-999.900,-999.900,-999.900,-999.900,-999.900,-999.900,-999.900,-999.900,-999.900,-999.900,-999.900,-999.900,-999.900,-999.900,-999.900,-999.900,-999.900,-999.900,-999.900,-999.900,-999.900,-999.900,-999.900,-999.900,-999.900,-999.900,-999.900,-999.900,-999.900,-999.900,-999.900,-999.900,-999.900,-999.900,-999.900,-999.900,-999.900,-999.900,-999.900,-999.900,-999.900,
-999.900,-999.900,-999.900,-999.900,-999.900,-999.900,-999.900,-999.900,-999.900,-999.900,   2.196,   1.628,   2.737,-999.900,-999.900,-999.900,-999.900,-999.900,   2.150,   1.505,   0.639,-999.900,-999.900,-999.900,-999.900,-999.900,-999.900,-999.900,-999.900,-999.900,-999.900,-999.900,-999.900,-999.900,-999.900,-999.900,-999.900,-999.900,-999.900,-999.900,-999.900,  -0.049,   0.052,   1.193,-999.900,-999.900,-999.900,-999.900,-999.900,-999.900,-999.900,-999.900,-999.900,-999.900,-999.900,-999.900,-999.900,-999.900,-999.900,-999.900,-999.900,-999.900,-999.900,-999.900,-999.900,-999.900,-999.900,-999.900,-999.900,-999.900,-999.900,-999.900,-999.900,-999.900,-999.900,-999.900,-999.900,-999.900,-999.900,-999.900,   2.483,   2.510,   2.774,   3.023,-999.900,-999.900,-999.900,-999.900,-999.900,-999.900,-999.900,-999.900,-999.900,-999.900,-999.900,   4.146,   3.578,   3.418,   3.008,   3.019,   3.732,-999.900,-999.900,-999.900,-999.900,-999.900,-999.900,-999.900,-999.900,   4.411,   4.113,   3.944,-999.900,-999.900,   2.204,   2.140,   2.230,-999.900,-999.900,-999.900,-999.900,-999.900,-999.900,-999.900,-999.900,-999.900,-999.900,-999.900,-999.900,-999.900,-999.900,-999.900,-999.900,-999.900,-999.900,-999.900,-999.900,-999.900,-999.900,-999.900,-999.900,-999.900,-999.900,-999.900,-999.900,-999.900,-999.900,-999.900,-999.900,-999.900,-999.900,-999.900,-999.900,-999.900,-999.900,-999.900,-999.900,-999.900,-999.900,-999.900,-999.900,-999.900,-999.900,-999.900,-999.900,-999.900,-999.900,-999.900,-999.900,-999.900,-999.900,-999.900,-999.900,-999.900,-999.900,-999.900,-999.900,-999.900,-999.900,-999.900,
-999.900,-999.900,-999.900,-999.900,-999.900,-999.900,-999.900,-999.900,   2.314,-999.900,-999.900,-999.900,-999.900,-999.900,-999.900,-999.900,-999.900,-999.900,-999.900,-999.900,   1.738,   0.949,-999.900,-999.900,-999.900,-999.900,-999.900,-999.900,-999.900,-999.900,-999.900,-999.900,-999.900,-999.900,-999.900,-999.900,-999.900,-999.900,-999.900,-999.900,-999.900,-999.900,-999.900,   0.211,   1.246,-999.900,-999.900,-999.900,-999.900,-999.900,-999.900,-999.900,-999.900,-999.900,-999.900,-999.900,-999.900,-999.900,-999.900,-999.900,-999.900,-999.900,-999.900,-999.900,-999.900,-999.900,-999.900,-999.900,-999.900,-999.900,-999.900,-999.900,-999.900,-999.900,-999.900,-999.900,-999.900,-999.900,-999.900,-999.900,   2.656,   2.707,   3.069,-999.900,-999.900,-999.900,-999.900,-999.900,-999.900,-999.900,-999.900,-999.900,-999.900,-999.900,-999.900,   4.263,   3.363,   3.340,   3.339,   3.263,-999.900,-999.900,-999.900,-999.900,-999.900,-999.900,   4.354,   4.312,-999.900,   4.189,   3.973,-999.900,-999.900,   3.475,   2.571,   3.611,-999.900,-999.900,-999.900,-999.900,-999.900,-999.900,-999.900,-999.900,-999.900,-999.900,-999.900,-999.900,-999.900,-999.900,-999.900,-999.900,-999.900,-999.900,-999.900,-999.900,-999.900,-999.900,-999.900,-999.900,-999.900,-999.900,-999.900,-999.900,-999.900,-999.900,-999.900,-999.900,-999.900,-999.900,-999.900,-999.900,-999.900,-999.900,-999.900,-999.900,-999.900,-999.900,-999.900,-999.900,-999.900,-999.900,-999.900,-999.900,-999.900,-999.900,-999.900,-999.900,-999.900,-999.900,-999.900,-999.900,-999.900,-999.900,-999.900,-999.900,-999.900,-999.900,-999.900,-999.900,
-999.900,-999.900,-999.900,-999.900,-999.900,-999.900,   4.001,-999.900,-999.900,-999.900,-999.900,-999.900,-999.900,-999.900,-999.900,-999.900,-999.900,-999.900,-999.900,-999.900,-999.900,-999.900,-999.900,-999.900,-999.900,-999.900,-999.900,-999.900,-999.900,-999.900,-999.900,-999.900,-999.900,-999.900,-999.900,-999.900,-999.900,-999.900,-999.900,-999.900,-999.900,-999.900,-999.900,-999.900,-999.900,-999.900,-999.900,-999.900,-999.900,-999.900,-999.900,-999.900,-999.900,-999.900,-999.900,-999.900,-999.900,-999.900,-999.900,-999.900,-999.900,-999.900,-999.900,-999.900,-999.900,-999.900,-999.900,-999.900,-999.900,-999.900,-999.900,-999.900,-999.900,-999.900,-999.900,-999.900,-999.900,-999.900,-999.900,-999.900,-999.900,-999.900,-999.900,-999.900,-999.900,-999.900,-999.900,-999.900,-999.900,-999.900,-999.900,-999.900,-999.900,-999.900,-999.900,   4.343,   3.458,   3.339,   3.293,-999.900,-999.900,-999.900,-999.900,-999.900,-999.900,-999.900,   4.408,   4.508,-999.900,   4.393,-999.900,-999.900,-999.900,   3.472,   3.618,-999.900,-999.900,-999.900,-999.900,-999.900,-999.900,-999.900,-999.900,-999.900,   4.448,-999.900,-999.900,-999.900,-999.900,-999.900,-999.900,-999.900,-999.900,-999.900,-999.900,-999.900,-999.900,-999.900,-999.900,-999.900,-999.900,-999.900,-999.900,-999.900,-999.900,-999.900,-999.900,-999.900,-999.900,-999.900,-999.900,-999.900,-999.900,-999.900,-999.900,-999.900,-999.900,-999.900,-999.900,-999.900,-999.900,-999.900,-999.900,-999.900,-999.900,-999.900,-999.900,-999.900,-999.900,-999.900,-999.900,-999.900,-999.900,-999.900,-999.900,-999.900,-999.900,-999.900,-999.900,-999.900,
-999.900,-999.900,-999.900,-999.900,-999.900,   2.639,   4.710,   4.872,-999.900,-999.900,-999.900,-999.900,-999.900,-999.900,-999.900,-999.900,-999.900,-999.900,-999.900,-999.900,-999.900,-999.900,-999.900,-999.900,-999.900,-999.900,-999.900,-999.900,-999.900,-999.900,-999.900,-999.900,-999.900,-999.900,-999.900,-999.900,-999.900,-999.900,-999.900,-999.900,-999.900,-999.900,-999.900,-999.900,-999.900,-999.900,-999.900,-999.900,-999.900,-999.900,-999.900,-999.900,-999.900,-999.900,-999.900,-999.900,-999.900,-999.900,-999.900,-999.900,-999.900,-999.900,-999.900,-999.900,-999.900,-999.900,-999.900,-999.900,-999.900,-999.900,-999.900,-999.900,-999.900,-999.900,-999.900,-999.900,-999.900,-999.900,-999.900,-999.900,-999.900,-999.900,-999.900,-999.900,-999.900,-999.900,-999.900,-999.900,-999.900,-999.900,-999.900,-999.900,-999.900,-999.900,-999.900,-999.900,   4.198,-999.900,   3.295,-999.900,-999.900,-999.900,-999.900,-999.900,-999.900,-999.900,-999.900,-999.900,-999.900,-999.900,-999.900,-999.900,   3.710,   3.446,-999.900,-999.900,-999.900,-999.900,-999.900,-999.900,-999.900,-999.900,-999.900,-999.900,-999.900,-999.900,-999.900,-999.900,-999.900,-999.900,-999.900,-999.900,-999.900,-999.900,-999.900,-999.900,-999.900,-999.900,-999.900,-999.900,-999.900,-999.900,-999.900,-999.900,-999.900,-999.900,-999.900,-999.900,-999.900,-999.900,-999.900,-999.900,-999.900,-999.900,-999.900,-999.900,-999.900,-999.900,-999.900,-999.900,-999.900,-999.900,-999.900,-999.900,-999.900,-999.900,-999.900,-999.900,-999.900,-999.900,-999.900,-999.900,-999.900,-999.900,-999.900,-999.900,-999.900,-999.900,-999.900,-999.900,
-999.900,-999.900,-999.900,-999.900,-999.900,   4.071,   2.038,   2.662,-999.900,-999.900,-999.900,-999.900,-999.900,-999.900,-999.900,-999.900,-999.900,-999.900,-999.900,-999.900,-999.900,-999.900,-999.900,-999.900,-999.900,-999.900,-999.900,-999.900,-999.900,-999.900,-999.900,-999.900,-999.900,-999.900,-999.900,-999.900,-999.900,-999.900,-999.900,-999.900,-999.900,-999.900,-999.900,-999.900,-999.900,-999.900,-999.900,-999.900,-999.900,-999.900,-999.900,-999.900,-999.900,-999.900,-999.900,-999.900,-999.900,-999.900,-999.900,-999.900,-999.900,-999.900,-999.900,-999.900,-999.900,-999.900,-999.900,-999.900,-999.900,-999.900,-999.900,-999.900,-999.900,-999.900,-999.900,-999.900,-999.900,-999.900,-999.900,-999.900,-999.900,-999.900,-999.900,-999.900,-999.900,-999.900,-999.900,-999.900,-999.900,-999.900,-999.900,-999.900,-999.900,-999.900,   4.488,-999.900,-999.900,-999.900,   3.507,   3.411,-999.900,-999.900,-999.900,-999.900,-999.900,-999.900,-999.900,-999.900,-999.900,-999.900,-999.900,-999.900,   3.742,-999.900,-999.900,-999.900,-999.900,-999.900,-999.900,-999.900,-999.900,-999.900,-999.900,-999.900,-999.900,-999.900,-999.900,-999.900,-999.900,-999.900,-999.900,-999.900,-999.900,-999.900,-999.900,-999.900,-999.900,-999.900,-999.900,-999.900,-999.900,-999.900,-999.900,-999.900,-999.900,-999.900,-999.900,-999.900,-999.900,-999.900,-999.900,-999.900,-999.900,-999.900,-999.900,-999.900,-999.900,-999.900,-999.900,-999.900,-999.900,-999.900,-999.900,-999.900,-999.900,-999.900,-999.900,-999.900,-999.900,-999.900,-999.900,-999.900,-999.900,-999.900,-999.900,-999.900,-999.900,-999.900,-999.900,-999.900,
